<?xml version="1.0" ?>
<document>
    <s>
        <t c="Akureyrarpósturinn">Akureyrarpósturinn</t>
        <t c="I.">I.</t>
        <t c="ÁR">ÁR</t>
        <t c=".">.</t>
    </s>
    <s>
        <t c="4.">4.</t>
        <t c="blað">blað</t>
        <t c=".">.</t>
    </s>
    <s>
        <t c="b">b</t>
        <t c=";">;</t>
        <t c="Akureyri">Akureyri</t>
        <t c="19.">19.</t>
        <t c="ágúst">ágúst</t>
        <t c=".">.</t>
    </s>
    <s>
        <t c="1886.">1886.</t>
    </s>
    <s>
        <t c="Deildarfundur">Deildarfundur</t>
        <t c="Gránufjelagsins">Gránufjelagsins</t>
        <t c="verður">verður</t>
        <t c="haldinn">haldinn</t>
        <t c="hjer">hér</t>
        <t c="á">á</t>
        <t c="Oddeyri">Oddeyri</t>
        <t c="í">í</t>
        <t c="húsi">húsi</t>
        <t c="gestgjafa">gestgjafa</t>
        <t c="Ó.">Ó.</t>
        <t c="Jónssonar">Jónssonar</t>
        <t c="laugardaginn">laugardaginn</t>
        <t c="4.">4.</t>
        <t c="sept">sept.</t>
        <t c="næstk.">næstk.</t>
    </s>
    <s>
        <t c="verða">verða</t>
        <t c="þá">þá</t>
        <t c="valdir">valdir</t>
        <t c="fulltrúar">fulltrúar</t>
        <t c="til">til</t>
        <t c="aðalfundar">aðalfundar</t>
        <t c="á">á</t>
        <t c="næstu">næstu</t>
        <t c="þremur">þremur</t>
        <t c="árum">árum</t>
        <t c="samkvæmt">samkvæmt</t>
        <t c="12">12</t>
        <t c="gr.">gr.</t>
        <t c="fjel.-laganna">fjárlaganna</t>
        <t c=".">.</t>
    </s>
    <s>
        <t c="Oddeyri">Oddeyri</t>
        <t c="13.">13.</t>
        <t c="ágúst">ágúst</t>
        <t c="1886">1886</t>
        <t c=".">.</t>
    </s>
    <s>
        <t c="J.">J.</t>
        <t c="V.">V.</t>
        <t c="Havsteen">Havsteen</t>
        <t c=".">.</t>
    </s>
    <s>
        <t c="Alþing">Alþing</t>
        <t c="30.">30.</t>
        <t c="júlí">júlí</t>
        <t c=".">.</t>
    </s>
    <s>
        <t c="1.">1.</t>
        <t c="umr.">umr.</t>
        <t c="um">um</t>
        <t c="stjórnarskrárfrumv.">stjórnarskrárfrumv.</t>
    </s>
    <s>
        <t c="B.">B.</t>
        <t c="Sveinsson">Sveinsson</t>
        <t c="lagði">lagði</t>
        <t c="til">til</t>
        <t c="að">að</t>
        <t c="setja">setja</t>
        <t c="7">7</t>
        <t c="manna">manna</t>
        <t c="nefnd">nefnd</t>
        <t c="í">í</t>
        <t c="málið">málið</t>
        <t c=".">.</t>
    </s>
    <s>
        <t c="—">—</t>
        <t c="Landsh.">Landsh.</t>
        <t c="kvaðst">kvaðst</t>
        <t c="geta">geta</t>
        <t c="verið">verið</t>
        <t c="stuttorður">stuttorður</t>
        <t c="fyrir">fyrir</t>
        <t c="hönd">hönd</t>
        <t c="stjórnarinnar">stjórnarinnar</t>
        <t c=".">.</t>
    </s>
    <s>
        <t c="Hann">Hann</t>
        <t c="skírskotaði">skírskotaði</t>
        <t c="til">til</t>
        <t c="konungl.">konungl.</t>
        <t c="auglýsingar">auglýsingar</t>
        <t c="2.">2.</t>
        <t c="nóv">nóv.</t>
        <t c=",">,</t>
        <t c="f.">f.</t>
        <t c="á">á</t>
        <t c=".">.</t>
    </s>
    <s>
        <t c="þar">þar</t>
        <t c="sem">sem</t>
        <t c="það">það</t>
        <t c="er">er</t>
        <t c="skýrt">skýrt</t>
        <t c="tekið">tekið</t>
        <t c="fram">fram</t>
        <t c=",">,</t>
        <t c="að">að</t>
        <t c="konungur">konungur</t>
        <t c="geti">geti</t>
        <t c="með">með</t>
        <t c="engu">engu</t>
        <t c="móti">móti</t>
        <t c="fallizt">fallist</t>
        <t c="á">á</t>
        <t c="stjórnarskrárfrumv.">stjórnarskrárfrumv.</t>
        <t c="eins">eins</t>
        <t c="og">og</t>
        <t c="það">það</t>
        <t c="var">var</t>
        <t c="samþykkt">samþykkt</t>
        <t c="á">á</t>
        <t c="síðasta">síðasta</t>
        <t c="þingi">þingi</t>
        <t c=".">.</t>
    </s>
    <s>
        <t c="Allar">Allar</t>
        <t c="umræður">umræður</t>
        <t c="um">um</t>
        <t c="málið">málið</t>
        <t c="því">því</t>
        <t c="til">til</t>
        <t c="einskis">einskis</t>
        <t c="og">og</t>
        <t c="fjenu">fénu</t>
        <t c=",">,</t>
        <t c="sem">sem</t>
        <t c="kostað">kostað</t>
        <t c="er">er</t>
        <t c="til">til</t>
        <t c="þessa">þessa</t>
        <t c="máls">máls</t>
        <t c=",">,</t>
        <t c="sem">sem</t>
        <t c="á">á</t>
        <t c="glæ">glæ</t>
        <t c="kastað">kastað</t>
        <t c=".">.</t>
    </s>
    <s>
        <t c="—">—</t>
        <t c="Gr.">Gr.</t>
    </s>
    <s>
        <t c="Thomsen">Thomsen</t>
        <t c="kvað">kvað</t>
        <t c="óheppilegt">óheppilegt</t>
        <t c="að">að</t>
        <t c="stjórnin">stjórnin</t>
        <t c="skuli">skuli</t>
        <t c="vera">vera</t>
        <t c="skildug">skildu</t>
        <t c="til">til</t>
        <t c="að">að</t>
        <t c="rjúfa">rjúfa</t>
        <t c="þingið">þingið</t>
        <t c=",">,</t>
        <t c="er">er</t>
        <t c="það">það</t>
        <t c="lifur">lifur</t>
        <t c="gjört">gjört</t>
        <t c="stjórnarskrárbreytingar">stjórnarskrárbreytingar</t>
        <t c=",">,</t>
        <t c="jafnvel">jafnvel</t>
        <t c="þótt">þótt</t>
        <t c="hún">hún</t>
        <t c="(">(</t>
        <t c="stjórnin">stjórnin</t>
        <t c=")">)</t>
        <t c="sje">sé</t>
        <t c="að">að</t>
        <t c="öllu">öllu</t>
        <t c="mótfallin">mótfallin</t>
        <t c="breytingunum">breytingunum</t>
        <t c=".">.</t>
    </s>
    <s>
        <t c="Hann">Hann</t>
        <t c="benti">benti</t>
        <t c="því">því</t>
        <t c="á">á</t>
        <t c=",">,</t>
        <t c="að">að</t>
        <t c="nefndin">nefndin</t>
        <t c="ætti">ætti</t>
        <t c="að">að</t>
        <t c="breyta">breyta</t>
        <t c="stj.skr.frv">stj.skr.frv</t>
        <t c=".">.</t>
    </s>
    <s>
        <t c="þannig">þannig</t>
        <t c="að">að</t>
        <t c="þessi">þessi</t>
        <t c="skylda">skylda</t>
        <t c="væri">væri</t>
        <t c="tekin">tekin</t>
        <t c="af">af</t>
        <t c="sjóminni">sjóminni</t>
        <t c=".">.</t>
    </s>
    <s>
        <t c="Samþykkt">Samþykkt</t>
        <t c="var">var</t>
        <t c="að">að</t>
        <t c="setja">setja</t>
        <t c="nefnd">nefnd</t>
        <t c="í">í</t>
        <t c="málið">málið</t>
        <t c=";">;</t>
        <t c="i">í</t>
        <t c="hana">hana</t>
        <t c="voru">voru</t>
        <t c="kosnir">kosnir</t>
        <t c=":">:</t>
        <t c="Sigurður">Sigurður</t>
        <t c="Jónsson">Jónsson</t>
        <t c="(">(</t>
        <t c="22">22</t>
        <t c="atkv.">atkv.</t>
        <t c=")">)</t>
        <t c=",">,</t>
        <t c="B.">B.</t>
        <t c="Sveinsson">Sveinsson</t>
        <t c="(">(</t>
        <t c="21">21</t>
        <t c=")">)</t>
        <t c=",">,</t>
        <t c="Sig.">Sig.</t>
    </s>
    <s>
        <t c="Stefánsson">Stefánsson</t>
        <t c="(">(</t>
        <t c="19">19</t>
        <t c=")">)</t>
        <t c=",">,</t>
        <t c="Þ.">Þ.</t>
        <t c="Kjerúlf">Kjerúlf</t>
        <t c="(">(</t>
        <t c="18">18</t>
        <t c=")">)</t>
        <t c=",">,</t>
        <t c="Lárus">Lárus</t>
        <t c="Halldórsson">Halldórsson</t>
        <t c="(">(</t>
        <t c="17">17</t>
        <t c=")">)</t>
        <t c=",">,</t>
        <t c="Þórarinn">Þórarinn</t>
        <t c="Böðvarsson">Böðvarsson</t>
        <t c="(">(</t>
        <t c="17">17</t>
        <t c=")">)</t>
        <t c=",">,</t>
        <t c="Einar">Einar</t>
        <t c="Thorlacius">Thorlacius</t>
        <t c="(">(</t>
        <t c="16">16</t>
        <t c=")">)</t>
        <t c=".">.</t>
    </s>
    <s>
        <t c="1.">1.</t>
        <t c="umr.">umr.</t>
        <t c="frestað">frestað</t>
        <t c=".">.</t>
    </s>
    <s>
        <t c="—">—</t>
        <t c="1.">1.</t>
        <t c="umr.">umr.</t>
        <t c="um">um</t>
        <t c="frumvarp">frumvarp</t>
        <t c="til">til</t>
        <t c="laga">laga</t>
        <t c="um">um</t>
        <t c="breytingar">breytingar</t>
        <t c="á">á</t>
        <t c="lögum">lögum</t>
        <t c="14.">14.</t>
        <t c="des.">des.</t>
        <t c="1877">1877</t>
        <t c="um">um</t>
        <t c="ýmisleg">ýmisleg</t>
        <t c="atriði">atriði</t>
        <t c=",">,</t>
        <t c="er">er</t>
        <t c="snerta">snerta</t>
        <t c="fiskiveiðar">fiskiveiðar</t>
        <t c="á">á</t>
        <t c="opnum">opnum</t>
        <t c="skipum">skipum</t>
        <t c=".">.</t>
    </s>
    <s>
        <t c="Efni">Efni</t>
        <t c="þessa">þessa</t>
        <t c="frumvarps">frumvarps</t>
        <t c="er">er</t>
        <t c="það">það</t>
        <t c=",">,</t>
        <t c="að">að</t>
        <t c="í">í</t>
        <t c="fiskiveiðasamþykkt">fiskveiðasamþykkt</t>
        <t c="megi">megi</t>
        <t c="ákveða">ákveða</t>
        <t c=",">,</t>
        <t c="„">„</t>
        <t c="að">að</t>
        <t c="öll">öll</t>
        <t c="veiðarfæri">veiðarfæri</t>
        <t c="er">er</t>
        <t c="brúkuð">brúkuð</t>
        <t c="eru">eru</t>
        <t c="gagnstætt">gagnstætt</t>
        <t c="ákvæðum">ákvæðum</t>
        <t c="samþykktar">samþykktar</t>
        <t c=",">,</t>
        <t c="sjeu">séu</t>
        <t c="upptæk">upptæk</t>
        <t c=",">,</t>
        <t c="og">og</t>
        <t c="töpuð">töpuð</t>
        <t c="eiganda">eiganda</t>
        <t c="“">“</t>
        <t c=",">,</t>
        <t c="en">en</t>
        <t c="að">að</t>
        <t c="andvirði">andvirði</t>
        <t c="þeirra">þeirra</t>
        <t c="tilfalli">tilfalli</t>
        <t c="fátækra">fátækra</t>
        <t c="sjóði">sjóði</t>
        <t c="og">og</t>
        <t c="uppljóstrarmönnum">uppljóstraranum</t>
        <t c=".">.</t>
    </s>
    <s>
        <t c="—">—</t>
        <t c="Nefnd">Nefnd</t>
        <t c="kosin">kosin</t>
        <t c="til">til</t>
        <t c="að">að</t>
        <t c="rannsaka">rannsaka</t>
        <t c="Fensmarksmálið">Fensmarksmálið</t>
        <t c=":">:</t>
        <t c="Þorleifur">Þorleifur</t>
        <t c="Jónsson">Jónsson</t>
        <t c="(">(</t>
        <t c="20">20</t>
        <t c="atkv.">atkv.</t>
        <t c=")">)</t>
        <t c=",">,</t>
        <t c="Lárus">Lárus</t>
        <t c="Halldórsson">Halldórsson</t>
        <t c="(">(</t>
        <t c="17">17</t>
        <t c=")">)</t>
        <t c=",">,</t>
        <t c="Ólafur">Ólafur</t>
        <t c="Briem">Briem</t>
        <t c="(">(</t>
        <t c="17">17</t>
        <t c=")">)</t>
        <t c=",">,</t>
        <t c="Sigurður">Sigurður</t>
        <t c="Stefánsson">Stefánsson</t>
        <t c="(">(</t>
        <t c="17">17</t>
        <t c=")">)</t>
        <t c=",">,</t>
        <t c="Þorv.">Þorv.</t>
    </s>
    <s>
        <t c="Kjerúlf">Kjerúlf</t>
        <t c="(">(</t>
        <t c="17">17</t>
        <t c=")">)</t>
        <t c=".">.</t>
    </s>
    <s>
        <t c="7.">7.</t>
        <t c="ágúst">ágúst</t>
        <t c="var">var</t>
        <t c="framhald">framhald</t>
        <t c="1.">1.</t>
        <t c="umræðu">umræðu</t>
        <t c="í">í</t>
        <t c="stjórnarskrármálinu">stjórnarskrármálinu</t>
        <t c=".">.</t>
    </s>
    <s>
        <t c="Framsögum">Framsögu</t>
        <t c=".">.</t>
    </s>
    <s>
        <t c="nefndarinnar">nefndarinnar</t>
        <t c="B.">B.</t>
        <t c="Sveinss.">Sveinss.</t>
        <t c="hjelt">hélt</t>
        <t c="klukkutíma">klukkutíma</t>
        <t c="ræðu">ræðu</t>
        <t c="og">og</t>
        <t c="skýrði">skýrði</t>
        <t c="frá">frá</t>
        <t c="að">að</t>
        <t c="nefndin">nefndin</t>
        <t c="hefði">hefði</t>
        <t c="komist">komist</t>
        <t c="að">að</t>
        <t c="þeirri">þeirri</t>
        <t c="niðurstöðu">niðurstöðu</t>
        <t c="að">að</t>
        <t c="samþykkja">samþykkja</t>
        <t c="frumvarpið">frumvarpið</t>
        <t c="frá">frá</t>
        <t c="1885">1885</t>
        <t c="óbreytt">óbreytt</t>
        <t c=".">.</t>
    </s>
    <s>
        <t c="Landsh.">Landsh.</t>
        <t c="benti">benti</t>
        <t c="á">á</t>
        <t c="að">að</t>
        <t c="slíkt">slíkt</t>
        <t c="væri">væri</t>
        <t c="árangurslaust">árangurslaust</t>
        <t c="og">og</t>
        <t c="vísaði">vísaði</t>
        <t c="til">til</t>
        <t c="konl">kol</t>
        <t c=".">.</t>
    </s>
    <s>
        <t c="augl.">augl.</t>
        <t c="2.">2.</t>
        <t c="nóv.">nóv.</t>
    </s>
    <s>
        <t c="1885.">1885.</t>
    </s>
    <s>
        <t c="Gr.">Gr.</t>
    </s>
    <s>
        <t c="Th.">Th.</t>
        <t c="hjelt">hélt</t>
        <t c="því">því</t>
        <t c="næst">næst</t>
        <t c="langa">langa</t>
        <t c="ræðu">ræðu</t>
        <t c="og">og</t>
        <t c="rjeði">réði</t>
        <t c="til">til</t>
        <t c="að">að</t>
        <t c="breyta">breyta</t>
        <t c="frumv.">frumv.</t>
        <t c="einkum">einkum</t>
        <t c="ákvæðinu">ákvæðinu</t>
        <t c="um">um</t>
        <t c="stöðu">stöðu</t>
        <t c="hæstaréttar">hæstaréttar</t>
        <t c="sem">sem</t>
        <t c="kæmi">kæmi</t>
        <t c="í">í</t>
        <t c="bága">bága</t>
        <t c="við">við</t>
        <t c="stöðulögin">stöðulögin</t>
        <t c=".">.</t>
    </s>
    <s>
        <t c="Málinu">Málinu</t>
        <t c="vísað">vísað</t>
        <t c="til">til</t>
        <t c="annarar">annarrar</t>
        <t c="umræðu">umræðu</t>
        <t c="í">í</t>
        <t c="einu">einu</t>
        <t c="hljóði">hljóði</t>
        <t c=".">.</t>
    </s>
    <s>
        <t c="Allt">Allt</t>
        <t c="útlit">útlit</t>
        <t c="var">var</t>
        <t c="til">til</t>
        <t c="að">að</t>
        <t c="frumvarpið">frumvarpið</t>
        <t c="mundi">mundi</t>
        <t c="ganga">ganga</t>
        <t c="óbreytt">óbreytt</t>
        <t c="gegnum">gegnum</t>
        <t c="þingið">þingið</t>
        <t c=".">.</t>
    </s>
    <s>
        <t c="Til">Til</t>
        <t c="þess">þess</t>
        <t c="að">að</t>
        <t c="þessi">þessi</t>
        <t c="nýja">nýja</t>
        <t c="stjórnarskrá">stjórnarskrá</t>
        <t c="verði">verði</t>
        <t c="sett">sett</t>
        <t c="á">á</t>
        <t c="laggirnar">laggirnar</t>
        <t c=",">,</t>
        <t c="sem">sem</t>
        <t c="allt">allt</t>
        <t c="útlit">útlit</t>
        <t c="er">er</t>
        <t c="til">til</t>
        <t c="að">að</t>
        <t c="stjórnin">stjórnin</t>
        <t c="muni">muni</t>
        <t c="þó">þó</t>
        <t c="ekki">ekki</t>
        <t c="ætla">ætla</t>
        <t c="sjer">sér</t>
        <t c=",">,</t>
        <t c="þurfti">þurfti</t>
        <t c="að">að</t>
        <t c="semja">semja</t>
        <t c="kosningarlög">kosningalög</t>
        <t c="og">og</t>
        <t c="launalög">launalög</t>
        <t c="þeirra">þeirra</t>
        <t c="embættismanna">embættismanna</t>
        <t c=",">,</t>
        <t c="er">er</t>
        <t c="frumvarpið">frumvarpið</t>
        <t c="gjörir">gjörir</t>
        <t c="ráð">ráð</t>
        <t c="fyrir">fyrir</t>
        <t c="að">að</t>
        <t c="settir">settir</t>
        <t c="sjeu">séu</t>
        <t c=".">.</t>
    </s>
    <s>
        <t c="Menn">Menn</t>
        <t c="hefðu">hefðu</t>
        <t c="getað">getað</t>
        <t c="búist">búist</t>
        <t c="við">við</t>
        <t c="að">að</t>
        <t c="eitthvað">eitthvað</t>
        <t c="hefði">hefði</t>
        <t c="verið">verið</t>
        <t c="rætt">rætt</t>
        <t c="um">um</t>
        <t c="tilbúning">tilbúning</t>
        <t c="þessara">þessara</t>
        <t c="frumvarpa">frumvarpa</t>
        <t c="í">í</t>
        <t c="blöðunum">blöðunum</t>
        <t c="í">í</t>
        <t c="vetur">vetur</t>
        <t c="og">og</t>
        <t c="á">á</t>
        <t c="kjörfundum">kjörfundum</t>
        <t c="í">í</t>
        <t c="vor">vor</t>
        <t c=",">,</t>
        <t c="en">en</t>
        <t c="mjög">mjög</t>
        <t c="lítið">lítið</t>
        <t c="varð">varð</t>
        <t c="um">um</t>
        <t c="það">það</t>
        <t c=",">,</t>
        <t c="á">á</t>
        <t c="Eyfirska">Eyfirska</t>
        <t c="kjörfundinum">kjörfundinum</t>
        <t c="stóra">stóra</t>
        <t c="var">var</t>
        <t c="kosningarlagamálið">kosningarlagamálið</t>
        <t c="varla">varla</t>
        <t c="nefnt">nefnt</t>
        <t c="og">og</t>
        <t c="getur">getur</t>
        <t c="þó">þó</t>
        <t c="engum">engum</t>
        <t c="dulist">dulist</t>
        <t c="að">að</t>
        <t c="á">á</t>
        <t c="kosningalögunum">kosningalögunum</t>
        <t c="er">er</t>
        <t c="byggður">byggður</t>
        <t c="löggjafarrjéttur">löggjafarrjéttur</t>
        <t c="þjóðarinnar">þjóðarinnar</t>
        <t c=".">.</t>
    </s>
    <s>
        <t c="Það">Það</t>
        <t c="lítur">lítur</t>
        <t c="því">því</t>
        <t c="næstum">næstum</t>
        <t c="svo">svo</t>
        <t c="út">út</t>
        <t c="að">að</t>
        <t c="það">það</t>
        <t c="sje">sé</t>
        <t c="orðin">orðin</t>
        <t c="regla">regla</t>
        <t c="á">á</t>
        <t c="voru">voru</t>
        <t c="landi">landi</t>
        <t c="að">að</t>
        <t c="gjöra">gjöra</t>
        <t c="mikilsverð">mikilsverð</t>
        <t c="þjóðmál">þjóðmál</t>
        <t c="ekki">ekki</t>
        <t c="að">að</t>
        <t c="umræðuefni">umræðuefni</t>
        <t c="í">í</t>
        <t c="blöðum">blöðum</t>
        <t c="og">og</t>
        <t c="á">á</t>
        <t c="fundum">fundum</t>
        <t c="fyr">fyrr</t>
        <t c="en">en</t>
        <t c="þingið">þingið</t>
        <t c="hefir">hefir</t>
        <t c="samþykkt">samþykkt</t>
        <t c="frumv.">frumv.</t>
    </s>
    <s>
        <t c="um">um</t>
        <t c="þau">þau</t>
        <t c=",">,</t>
        <t c="allt">allt</t>
        <t c="svo">svo</t>
        <t c="heppileg">heppileg</t>
        <t c="hún">hún</t>
        <t c="er">er</t>
        <t c=".">.</t>
    </s>
    <s>
        <t c="Í">Í</t>
        <t c="neðri">neðri</t>
        <t c="deild">deild</t>
        <t c="var">var</t>
        <t c="nú">nú</t>
        <t c="borið">borið</t>
        <t c="upp">upp</t>
        <t c="frumv.">frumv.</t>
    </s>
    <s>
        <t c="til">til</t>
        <t c="laga">laga</t>
        <t c="um">um</t>
        <t c="laun">laun</t>
        <t c="landstjórnar">landstjórnar</t>
        <t c="þeirrar">þeirrar</t>
        <t c=",">,</t>
        <t c="er">er</t>
        <t c="skipa">skipa</t>
        <t c="skal">skal</t>
        <t c=",">,</t>
        <t c="þá">þá</t>
        <t c="er">er</t>
        <t c="hin">hin</t>
        <t c="end.sk">ensk</t>
        <t c=".">.</t>
    </s>
    <s>
        <t c="stjórnarskrá">stjórnarskrá</t>
        <t c="er">er</t>
        <t c="staðfest">staðfest</t>
        <t c=";">;</t>
        <t c="landstjóri">landstjóri</t>
        <t c="hefir">hefir</t>
        <t c="í">í</t>
        <t c="laun">laun</t>
        <t c="14000">14000</t>
        <t c="kr.">kr.</t>
    </s>
    <s>
        <t c="árl.">árl.</t>
        <t c=",">,</t>
        <t c="hver">hver</t>
        <t c="ráðg.">ráðg.</t>
        <t c="5000">5000</t>
        <t c="kr.">kr.</t>
    </s>
    <s>
        <t c="Hver">Hver</t>
        <t c="skrifstofustj">skrifstofur</t>
        <t c=",">,</t>
        <t c="3000">3000</t>
        <t c="kr.">kr.</t>
    </s>
    <s>
        <t c="Allir">Allir</t>
        <t c="ráðg.">ráðg.</t>
        <t c="til">til</t>
        <t c="skrifstofu">skrifstofu</t>
        <t c=".">.</t>
    </s>
    <s>
        <t c="8000">8000</t>
        <t c="kr.">kr.</t>
    </s>
    <s>
        <t c="Í">Í</t>
        <t c="neðri">neðri</t>
        <t c="deild">deild</t>
        <t c="borið">borið</t>
        <t c="upp">upp</t>
        <t c="frumv.">frumv.</t>
        <t c="til">til</t>
        <t c="laga">laga</t>
        <t c="um">um</t>
        <t c="afnám">afnám</t>
        <t c="embætta">embætta</t>
        <t c=":">:</t>
        <t c="landshöfð.">landshöfð.</t>
        <t c=",">,</t>
        <t c="landr.">landi</t>
        <t c=",">,</t>
        <t c="landfóg.">landfóg.</t>
    </s>
    <s>
        <t c="og">og</t>
        <t c="amtm.">amtm.</t>
        <t c="og">og</t>
        <t c="frumv.">frumv.</t>
        <t c="til">til</t>
        <t c="laga">laga</t>
        <t c="um">um</t>
        <t c="ráðgjafaábyrgð">ráðgjafaábyrgð</t>
        <t c=".">.</t>
    </s>
    <s>
        <t c="Í">Í</t>
        <t c="efri">efri</t>
        <t c="deild">deild</t>
        <t c="borið">borið</t>
        <t c="upp">upp</t>
        <t c="frmv.">frmv.</t>
        <t c="til">til</t>
        <t c="kosningarlaga">kosningalaga</t>
        <t c=".">.</t>
    </s>
    <s>
        <t c="Í">Í</t>
        <t c="því">því</t>
        <t c="ákveðið">ákveðið</t>
        <t c=":">:</t>
        <t c="Konur">Konur</t>
        <t c="er">er</t>
        <t c="engum">engum</t>
        <t c="eru">eru</t>
        <t c="háðar">háðar</t>
        <t c="hafa">hafa</t>
        <t c="atkvæðisrjett">atkvæðisrétt</t>
        <t c="til">til</t>
        <t c="þings">þings</t>
        <t c="sem">sem</t>
        <t c="karlar">karlar</t>
        <t c=".">.</t>
    </s>
    <s>
        <t c="Til">Til</t>
        <t c="efri">efri</t>
        <t c="deildar">deildar</t>
        <t c="skulu">skulu</t>
        <t c="kosnir">kosnir</t>
        <t c="12">12</t>
        <t c="menn">menn</t>
        <t c=",">,</t>
        <t c="kosið">kosið</t>
        <t c="í">í</t>
        <t c="hverjum">hverjum</t>
        <t c="hreppi">hreppi</t>
        <t c="um">um</t>
        <t c="land">land</t>
        <t c="allt">allt</t>
        <t c="og">og</t>
        <t c="þeir">þeir</t>
        <t c="er">er</t>
        <t c="flest">flest</t>
        <t c="fá">fá</t>
        <t c="atkv.">atkv.</t>
        <t c="verða">verða</t>
        <t c="þingmenn">þingmenn</t>
        <t c=",">,</t>
        <t c="hlutkesti">hlutkesti</t>
        <t c="ræður">ræður</t>
        <t c="milli">milli</t>
        <t c="þeirra">þeirra</t>
        <t c="er">er</t>
        <t c="fá">fá</t>
        <t c="jafnmörg">jafnmörg</t>
        <t c=".">.</t>
    </s>
    <s>
        <t c="Til">Til</t>
        <t c="neðri">neðri</t>
        <t c="deildar">deildar</t>
        <t c="kýs">kýs</t>
        <t c="hvert">hvert</t>
        <t c="kjörd">kjör</t>
        <t c=".">.</t>
    </s>
    <s>
        <t c="1">1</t>
        <t c="þingm.">þingm.</t>
        <t c=",">,</t>
        <t c="en">en</t>
        <t c="landinu">landinu</t>
        <t c="er">er</t>
        <t c="skipt">skipt</t>
        <t c="í">í</t>
        <t c="24">24</t>
        <t c="kjördæmi">kjördæmi</t>
        <t c="verða">verða</t>
        <t c="þau">þau</t>
        <t c="sem">sem</t>
        <t c="nú">nú</t>
        <t c=",">,</t>
        <t c="nema">nema</t>
        <t c="Rangárvalla-">Rangárvalla-</t>
        <t c=",">,</t>
        <t c="Árness">Árness</t>
        <t c=",">,</t>
        <t c="Gullbringu">Gullbringu</t>
        <t c="og">og</t>
        <t c="Eyjafjarðarsýslur">Eyjafjarðarsýslu</t>
        <t c="skiptast">skiptast</t>
        <t c="í">í</t>
        <t c="tvö">tvö</t>
        <t c=".">.</t>
    </s>
    <s>
        <t c="Hjer">Hér</t>
        <t c="á">á</t>
        <t c="Akureyri">Akureyri</t>
        <t c=",">,</t>
        <t c="Öngulsstaða">Öngulsstaða</t>
        <t c=",">,</t>
        <t c="Saurbæjar">Saurbæjar</t>
        <t c=",">,</t>
        <t c="Hrafnagils">Hrafnagils</t>
        <t c="og">og</t>
        <t c="Glæsibæjarhreppur">Glæsibæjarhreppur</t>
        <t c="að">að</t>
        <t c="vera">vera</t>
        <t c="kjördæmi">kjördæmi</t>
        <t c=",">,</t>
        <t c="og">og</t>
        <t c="hinir">hinir</t>
        <t c="aðrir">aðrir</t>
        <t c="hreppar">hreppar</t>
        <t c="annað">annað</t>
        <t c=".">.</t>
    </s>
    <s>
        <t c="Útlit">Útlit</t>
        <t c="til">til</t>
        <t c="að">að</t>
        <t c="öll">öll</t>
        <t c="þessi">þessi</t>
        <t c="frumv.">frumv.</t>
        <t c="mundu">mundu</t>
        <t c="fá">fá</t>
        <t c="framgang">framgang</t>
        <t c=".">.</t>
    </s>
    <s>
        <t c="Frá">Frá</t>
        <t c="útlöndum">útlöndum</t>
        <t c=".">.</t>
    </s>
    <s>
        <t c="Kosningarnar">Kosningarnar</t>
        <t c="á">á</t>
        <t c="Englandi">Englandi</t>
        <t c="eru">eru</t>
        <t c="um">um</t>
        <t c="garð">garð</t>
        <t c="gengnar">gengnar</t>
        <t c="og">og</t>
        <t c="voru">voru</t>
        <t c="þær">þær</t>
        <t c="sóttar">sóttar</t>
        <t c="með">með</t>
        <t c="ákafa">ákafa</t>
        <t c="miklum">miklum</t>
        <t c=",">,</t>
        <t c="Gladstone">Gladstone</t>
        <t c="beið">beið</t>
        <t c="ósigur">ósigur</t>
        <t c="og">og</t>
        <t c="voru">voru</t>
        <t c="aðeins">aðeins</t>
        <t c="kosnir">kosnir</t>
        <t c="195">195</t>
        <t c="af">af</t>
        <t c="mönnum">mönnum</t>
        <t c="þeim">þeim</t>
        <t c="er">er</t>
        <t c="honum">honum</t>
        <t c="fylgdu">fylgdu</t>
        <t c="í">í</t>
        <t c="Írska">Írska</t>
        <t c="málinu">málinu</t>
        <t c=";">;</t>
        <t c="Afturhaldsmennirnir">Afturhaldsmennirnir</t>
        <t c="urðu">urðu</t>
        <t c="lang">lang</t>
        <t c="fjölmennastir">fjölmennastir</t>
        <t c="317">317</t>
        <t c=".">.</t>
    </s>
    <s>
        <t c="Af">Af</t>
        <t c="þeim">þeim</t>
        <t c="flokk">flokk</t>
        <t c="er">er</t>
        <t c="gekk">gekk</t>
        <t c="undan">undan</t>
        <t c="merkjum">merkjum</t>
        <t c="Gladstone">Gladstone</t>
        <t c="án">án</t>
        <t c="þess">þess</t>
        <t c="að">að</t>
        <t c="ganga">ganga</t>
        <t c="í">í</t>
        <t c="lið">lið</t>
        <t c="með">með</t>
        <t c="íhaldsmönnum">íhaldsmönnum</t>
        <t c="urðu">urðu</t>
        <t c="73">73</t>
        <t c="þingmenn">þingmenn</t>
        <t c="en">en</t>
        <t c="Parnelsliðar">Panelviðar</t>
        <t c="sem">sem</t>
        <t c="fylgdu">fylgdu</t>
        <t c="Gladstone">Gladstone</t>
        <t c="urðu">urðu</t>
        <t c="85">85</t>
        <t c=".">.</t>
    </s>
    <s>
        <t c="Þannig">Þannig</t>
        <t c="varð">varð</t>
        <t c="íhaldsflokkurinn">íhaldsflokkurinn</t>
        <t c="réttborin">réttborin</t>
        <t c=",">,</t>
        <t c="til">til</t>
        <t c="stjórnar">stjórnar</t>
        <t c="að">að</t>
        <t c="þessu">þessu</t>
        <t c="sinni">sinni</t>
        <t c="enda">enda</t>
        <t c="sagði">sagði</t>
        <t c="Gladstone">Gladstone</t>
        <t c="þegar">þegar</t>
        <t c="af">af</t>
        <t c="sjer">sér</t>
        <t c="völdum">völdum</t>
        <t c="og">og</t>
        <t c="er">er</t>
        <t c="nú">nú</t>
        <t c="Salisbury">Salisbury</t>
        <t c="aptur">aftur</t>
        <t c="tekinn">tekinn</t>
        <t c="við">við</t>
        <t c="þeim">þeim</t>
        <t c="þó">þó</t>
        <t c="mun">mun</t>
        <t c="hann">hann</t>
        <t c="ekki">ekki</t>
        <t c="geta">geta</t>
        <t c="haldið">haldið</t>
        <t c="þeim">þeim</t>
        <t c="ef">ef</t>
        <t c="hinir">hinir</t>
        <t c="þrír">þrír</t>
        <t c="flokkarnir">flokkarnir</t>
        <t c="allir">allir</t>
        <t c="greiða">greiða</t>
        <t c="atkvæði">atkvæði</t>
        <t c="móti">móti</t>
        <t c="honum">honum</t>
        <t c=".">.</t>
    </s>
    <s>
        <t c="Vildu">Vildu</t>
        <t c="þeir">þeir</t>
        <t c="því">því</t>
        <t c="fá">fá</t>
        <t c="Harrington">Harrason</t>
        <t c="lávarð">lávarð</t>
        <t c="foringja">foringja</t>
        <t c="frávíkjanda">frávíkjanda</t>
        <t c="Gladstones">Gladstones</t>
        <t c="til">til</t>
        <t c="að">að</t>
        <t c="vera">vera</t>
        <t c="með">með</t>
        <t c="í">í</t>
        <t c="ráðuneytinu">ráðuneytinu</t>
        <t c=",">,</t>
        <t c="en">en</t>
        <t c="til">til</t>
        <t c="þess">þess</t>
        <t c="var">var</t>
        <t c="hann">hann</t>
        <t c="ófáanlegur">ófáanlegur</t>
        <t c=",">,</t>
        <t c="en">en</t>
        <t c="hjet">hét</t>
        <t c="stjórninni">stjórninni</t>
        <t c="fylgi">fylgi</t>
        <t c="sínu">sínu</t>
        <t c="í">í</t>
        <t c="írska">írska</t>
        <t c="ráðinu">ráðinu</t>
        <t c="með">með</t>
        <t c="því">því</t>
        <t c="skilyrði">skilyrði</t>
        <t c="að">að</t>
        <t c="hún">hún</t>
        <t c="legði">legði</t>
        <t c="ekkert">ekkert</t>
        <t c="frumvarp">frumvarp</t>
        <t c="um">um</t>
        <t c="það">það</t>
        <t c="fyrir">fyrir</t>
        <t c="þingið">þingið</t>
        <t c=",">,</t>
        <t c="nema">nema</t>
        <t c="hann">hann</t>
        <t c="hefði">hefði</t>
        <t c="áður">áður</t>
        <t c="fallist">fallist</t>
        <t c="á">á</t>
        <t c="það">það</t>
        <t c=",">,</t>
        <t c="og">og</t>
        <t c="hefir">hefir</t>
        <t c="hann">hann</t>
        <t c="þannig">þannig</t>
        <t c="tögl">tögl</t>
        <t c="og">og</t>
        <t c="hagldir">hagldir</t>
        <t c="því">því</t>
        <t c="máli">máli</t>
        <t c=".">.</t>
    </s>
    <s>
        <t c="Írar">Írar</t>
        <t c="una">una</t>
        <t c="illa">illa</t>
        <t c="þessum">þessum</t>
        <t c="málalokum">málalokum</t>
        <t c="og">og</t>
        <t c="láta">láta</t>
        <t c="allófriðlega">allfróðlega</t>
        <t c=",">,</t>
        <t c="svo">svo</t>
        <t c="varla">varla</t>
        <t c="munu">munu</t>
        <t c="þeir">þeir</t>
        <t c="Salisbury">Salisbury</t>
        <t c="og">og</t>
        <t c="Hartington">Hirtingin</t>
        <t c="vera">vera</t>
        <t c="búnir">búnir</t>
        <t c="að">að</t>
        <t c="býta">býta</t>
        <t c="úr">úr</t>
        <t c="nálinni">nálinni</t>
        <t c="með">með</t>
        <t c="þá">þá</t>
        <t c="og">og</t>
        <t c="verða">verða</t>
        <t c="án">án</t>
        <t c="efa">efa</t>
        <t c="eitthvað">eitthvað</t>
        <t c="að">að</t>
        <t c="gjöra">gjöra</t>
        <t c="eigi">eigi</t>
        <t c="allt">allt</t>
        <t c="ekki">ekki</t>
        <t c="að">að</t>
        <t c="verða">verða</t>
        <t c="í">í</t>
        <t c="uppnámi">uppnámi</t>
        <t c="á">á</t>
        <t c="Irlandi">Írlandi</t>
        <t c=",">,</t>
        <t c="hvað">hvað</t>
        <t c="það">það</t>
        <t c="verður">verður</t>
        <t c="er">er</t>
        <t c="enn">enn</t>
        <t c="ekki">ekki</t>
        <t c="hægt">hægt</t>
        <t c="að">að</t>
        <t c="segja">segja</t>
        <t c=".">.</t>
    </s>
    <s>
        <t c="Á">Á</t>
        <t c="Frakklandi">Frakklandi</t>
        <t c="eru">eru</t>
        <t c="hólmgöngur">hólmgöngur</t>
        <t c="enn">enn</t>
        <t c="ekki">ekki</t>
        <t c="svo">svo</t>
        <t c="sjaldgæfar">sjaldgæfar</t>
        <t c=".">.</t>
    </s>
    <s>
        <t c="En">En</t>
        <t c="þó">þó</t>
        <t c="þóttu">þóttu</t>
        <t c="það">það</t>
        <t c="mikil">mikil</t>
        <t c="tíðindi">tíðindi</t>
        <t c="þegar">þegar</t>
        <t c="hermálaráðgjafinn">hermálaráðgjafinn</t>
        <t c="skoraði">skoraði</t>
        <t c="einn">einn</t>
        <t c="öldung">öldung</t>
        <t c="úr">úr</t>
        <t c="öldungaráðinu">öldungaráðinu</t>
        <t c="á">á</t>
        <t c="hóm">hólm</t>
        <t c="í">í</t>
        <t c="júlímánuði">júlímánuði</t>
        <t c="fyrir">fyrir</t>
        <t c="það">það</t>
        <t c="að">að</t>
        <t c="öldungurinn">öldungurinn</t>
        <t c="hafði">hafði</t>
        <t c="á">á</t>
        <t c="þingi">þingi</t>
        <t c="brugðið">brugðið</t>
        <t c="hermálaráðgjafanum">hermálaráðgjafanum</t>
        <t c="um">um</t>
        <t c="ragmennsku">ragmennsku</t>
        <t c="í">í</t>
        <t c="kappræðu">kappræðu</t>
        <t c="útaf">út af</t>
        <t c="útlegð">útlegð</t>
        <t c="prinzanna">prinsanna</t>
        <t c="og">og</t>
        <t c="þeirra">þeirra</t>
        <t c="ættmanna">ættmanna</t>
        <t c=",">,</t>
        <t c="þetta">þetta</t>
        <t c="var">var</t>
        <t c="á">á</t>
        <t c="fimmtudag">fimmtudag</t>
        <t c=",">,</t>
        <t c="á">á</t>
        <t c="föstudaginn">föstudaginn</t>
        <t c="átti">átti</t>
        <t c="hólmgangan">hólmgangan</t>
        <t c="að">að</t>
        <t c="verða">verða</t>
        <t c=",">,</t>
        <t c="en">en</t>
        <t c="þá">þá</t>
        <t c="hittist">hittist</t>
        <t c="svo">svo</t>
        <t c="á">á</t>
        <t c="að">að</t>
        <t c="jarðsetja">jarðsetja</t>
        <t c="þurfti">þurfti</t>
        <t c="skriftaföður">skriftaföður</t>
        <t c="öldungsins">öldungsins</t>
        <t c=",">,</t>
        <t c="svo">svo</t>
        <t c="hann">hann</t>
        <t c="bað">bað</t>
        <t c="um">um</t>
        <t c="frest">frest</t>
        <t c="til">til</t>
        <t c="laugardags">laugardags</t>
        <t c=".">.</t>
    </s>
    <s>
        <t c="Á">Á</t>
        <t c="föstudaginn">föstudaginn</t>
        <t c="ætlaði">ætlaði</t>
        <t c="París">París</t>
        <t c="að">að</t>
        <t c="rifna">rifna</t>
        <t c="af">af</t>
        <t c="ósköpunum">ósköpunum</t>
        <t c="yfir">yfir</t>
        <t c="þessu">þessu</t>
        <t c=",">,</t>
        <t c="blöðin">blöðin</t>
        <t c="skýrðu">skýrðu</t>
        <t c="frá">frá</t>
        <t c="á">á</t>
        <t c="hverri">hverri</t>
        <t c="stundu">stundu</t>
        <t c="hvar">hvar</t>
        <t c="hermálaráðgjafinn">hermálaráðgjafinn</t>
        <t c="væri">væri</t>
        <t c="og">og</t>
        <t c="hvernig">hvernig</t>
        <t c="hann">hann</t>
        <t c="hefði">hefði</t>
        <t c="það">það</t>
        <t c=",">,</t>
        <t c="þann">þann</t>
        <t c="dag">dag</t>
        <t c="gengu">gengu</t>
        <t c="friðarboðar">friðarboðar</t>
        <t c="stöðugt">stöðugt</t>
        <t c="á">á</t>
        <t c="millí">milli</t>
        <t c="óvinanna">óvinanna</t>
        <t c="til">til</t>
        <t c="að">að</t>
        <t c="reyna">reyna</t>
        <t c="að">að</t>
        <t c="koma">koma</t>
        <t c="á">á</t>
        <t c="sætt">sætt</t>
        <t c="og">og</t>
        <t c="útsendarar">útsendarar</t>
        <t c="blaðamannanna">blaðamannanna</t>
        <t c="voru">voru</t>
        <t c="einsog">eins og</t>
        <t c="sporhundar">sporhundar</t>
        <t c="á">á</t>
        <t c="eptir">eftir</t>
        <t c="þeim">þeim</t>
        <t c=",">,</t>
        <t c="til">til</t>
        <t c="að">að</t>
        <t c="njósna">njósna</t>
        <t c="um">um</t>
        <t c="hvað">hvað</t>
        <t c="gerðist">gerðist</t>
        <t c=",">,</t>
        <t c="en">en</t>
        <t c="allt">allt</t>
        <t c="varð">varð</t>
        <t c="árangurslaust">árangurslaust</t>
        <t c=",">,</t>
        <t c="á">á</t>
        <t c="laugardaginn">laugardaginn</t>
        <t c="voru">voru</t>
        <t c="göturnar">göturnar</t>
        <t c="kringum">kringum</t>
        <t c="bústað">bústað</t>
        <t c="ráðgjafans">ráðgjafans</t>
        <t c="svartar">svartar</t>
        <t c="af">af</t>
        <t c="fólki">fólki</t>
        <t c=",">,</t>
        <t c="spurnir">spurnir</t>
        <t c="þutu">þutu</t>
        <t c="til">til</t>
        <t c="hermannaskólans">hermannaskólans</t>
        <t c="þar">þar</t>
        <t c="sem">sem</t>
        <t c="haldið">haldið</t>
        <t c="var">var</t>
        <t c="að">að</t>
        <t c="einvígið">einvígið</t>
        <t c="mundi">mundi</t>
        <t c="verða">verða</t>
        <t c=".">.</t>
    </s>
    <s>
        <t c="En">En</t>
        <t c="hermálaráðgjafinn">hermálaráðgjafinn</t>
        <t c="var">var</t>
        <t c="horfinn">horfinn</t>
        <t c="og">og</t>
        <t c="fjöldinn">fjöldinn</t>
        <t c="vissi">vissi</t>
        <t c="ekki">ekki</t>
        <t c="hvort">hvort</t>
        <t c=".">.</t>
    </s>
    <s>
        <t c="Á">Á</t>
        <t c="öðrum">öðrum</t>
        <t c="stað">stað</t>
        <t c="sem">sem</t>
        <t c="engum">engum</t>
        <t c="datt">datt</t>
        <t c="í">í</t>
        <t c="hug">hug</t>
        <t c=",">,</t>
        <t c="mættu">mættu</t>
        <t c="báðir">báðir</t>
        <t c="óvinirnir">óvinirnir</t>
        <t c=".">.</t>
    </s>
    <s>
        <t c="Vitnin">Vitnin</t>
        <t c="reyndu">reyndu</t>
        <t c="hina">hina</t>
        <t c="síðustu">síðustu</t>
        <t c="sátt">sátt</t>
        <t c="en">en</t>
        <t c="árangurslaust">árangurslaust</t>
        <t c=".">.</t>
    </s>
    <s>
        <t c="Skammbyssur">Skammbyssur</t>
        <t c="höfðu">höfðu</t>
        <t c="óvinirnir">óvinirnir</t>
        <t c="valið">valið</t>
        <t c="sem">sem</t>
        <t c="vopn">vopn</t>
        <t c=",">,</t>
        <t c="því">því</t>
        <t c="hermálaráðgjafinn">hermálaráðgjafinn</t>
        <t c="var">var</t>
        <t c="mikið">mikið</t>
        <t c="yngri">yngri</t>
        <t c="og">og</t>
        <t c="mundi">mundi</t>
        <t c="því">því</t>
        <t c="hafa">hafa</t>
        <t c="haft">haft</t>
        <t c="alla">alla</t>
        <t c="yfirburði">yfirburði</t>
        <t c="með">með</t>
        <t c="sverði">sverði</t>
        <t c=".">.</t>
    </s>
    <s>
        <t c="Reglur">Reglur</t>
        <t c="voru">voru</t>
        <t c="gefnar">gefnar</t>
        <t c="að">að</t>
        <t c="hver">hver</t>
        <t c="skyti">skyti</t>
        <t c="1">1</t>
        <t c="skot">skot</t>
        <t c="á">á</t>
        <t c="25">25</t>
        <t c="feta">feta</t>
        <t c="færi">færi</t>
        <t c=".">.</t>
    </s>
    <s>
        <t c="Öldungurinn">Öldungurinn</t>
        <t c="skaut">skaut</t>
        <t c="fyrst">fyrst</t>
        <t c=",">,</t>
        <t c="og">og</t>
        <t c="kúlan">kúlan</t>
        <t c="þaut">þaut</t>
        <t c="fram">fram</t>
        <t c="hjá">hjá</t>
        <t c="höfði">höfði</t>
        <t c="mótstöðumannsins">mótstöðumannsins</t>
        <t c=",">,</t>
        <t c="þá">þá</t>
        <t c="hafði">hafði</t>
        <t c="hermálaráðgjafinn">hermálaráðgjafinn</t>
        <t c="ekki">ekki</t>
        <t c="samvizku">samvisku</t>
        <t c="til">til</t>
        <t c="að">að</t>
        <t c="skjóta">skjóta</t>
        <t c="á">á</t>
        <t c="gamalmennið">gamalmennið</t>
        <t c="og">og</t>
        <t c="skaut">skaut</t>
        <t c="i">í</t>
        <t c="lopt">loft</t>
        <t c="upp">upp</t>
        <t c=",">,</t>
        <t c="en">en</t>
        <t c="öldungurinn">öldungurinn</t>
        <t c="hljóp">hljóp</t>
        <t c="að">að</t>
        <t c="honum">honum</t>
        <t c="og">og</t>
        <t c="umfaðmaði">umfaðmaði</t>
        <t c="hann">hann</t>
        <t c=".">.</t>
    </s>
    <s>
        <t c="Hálfri">Hálfri</t>
        <t c="stundu">stundu</t>
        <t c="síðar">síðar</t>
        <t c="þutu">þutu</t>
        <t c="mörghundruð">mörghundruð</t>
    </s>
    <s>
        <t c="blaðberar">blaðberar</t>
        <t c="kófsveittir">kófsveittir</t>
        <t c="gegnum">gegnum</t>
        <t c="París">París</t>
        <t c="með">með</t>
        <t c="fregnina">fregnina</t>
        <t c="um">um</t>
        <t c="einvíg">einvíg</t>
        <t c="hermálaráðgjafans">hermálaráðgjafans</t>
        <t c="og">og</t>
        <t c="að">að</t>
        <t c="enginn">enginn</t>
        <t c="hefði">hefði</t>
        <t c="særst">særst</t>
        <t c=".">.</t>
    </s>
    <s>
        <t c="Daginn">Daginn</t>
        <t c="eptir">eftir</t>
        <t c="var">var</t>
        <t c="allt">allt</t>
        <t c="gleymt">gleymt</t>
        <t c=".">.</t>
    </s>
    <s>
        <t c="24.">24.</t>
        <t c="júlí">júlí</t>
        <t c="var">var</t>
        <t c="fangavist">fangavist</t>
        <t c="Bergs">Bergs</t>
        <t c="útrunninn">útrunninn</t>
        <t c="og">og</t>
        <t c="kom">kom</t>
        <t c="þá">þá</t>
        <t c="einn">einn</t>
        <t c="af">af</t>
        <t c="sonum">sonum</t>
        <t c="Hans">Hans</t>
        <t c="að">að</t>
        <t c="sækja">sækja</t>
        <t c="hann">hann</t>
        <t c=".">.</t>
    </s>
    <s>
        <t c="Fólksþyrpingin">Fólksþyrpingin</t>
        <t c="vir">var</t>
        <t c="ákaflega">ákaflega</t>
        <t c="mikil">mikil</t>
        <t c="við">við</t>
        <t c="fangelsið">fangelsið</t>
        <t c="þegar">þegar</t>
        <t c="hann">hann</t>
        <t c="ók">ók</t>
        <t c="þaðan">þaðan</t>
        <t c=".">.</t>
    </s>
    <s>
        <t c="Daginn">Daginn</t>
        <t c="eptir">eftir</t>
        <t c="var">var</t>
        <t c="hátíðahald">hátíðahald</t>
        <t c="mikið">mikið</t>
        <t c="út">út</t>
        <t c="hjá">hjá</t>
        <t c="Helsingjaeyri">Helsingjanefi</t>
        <t c="til">til</t>
        <t c="að">að</t>
        <t c="fagna">fagna</t>
        <t c="Berg">Berg</t>
        <t c=",">,</t>
        <t c="um">um</t>
        <t c="10">10</t>
        <t c="dampskip">dampskip</t>
        <t c="voru">voru</t>
        <t c="tekin">tekin</t>
        <t c="til">til</t>
        <t c="leigu">leigu</t>
        <t c="til">til</t>
        <t c="að">að</t>
        <t c="flytja">flytja</t>
        <t c="Hafnarflókið">Hafnarfríið</t>
        <t c="þangað">þangað</t>
        <t c=".">.</t>
    </s>
    <s>
        <t c="Eptir">Eftir</t>
        <t c="að">að</t>
        <t c="Berg">Berg</t>
        <t c="var">var</t>
        <t c="sagður">sagður</t>
        <t c="velkominn">velkominn</t>
        <t c="úr">úr</t>
        <t c="fangelsinu">fangelsinu</t>
        <t c="hjelt">hélt</t>
        <t c="hann">hann</t>
        <t c="alllanga">alllanga</t>
        <t c="tölu">tölu</t>
        <t c="og">og</t>
        <t c="þakkaði">þakkaði</t>
        <t c="fólkinu">fólkinu</t>
        <t c="fyrir">fyrir</t>
        <t c="viðtökur">viðtökur</t>
        <t c="þær">þær</t>
        <t c="er">er</t>
        <t c="hann">hann</t>
        <t c="fengi">fengi</t>
        <t c=".">.</t>
    </s>
    <s>
        <t c="Allþungum">Allþungum</t>
        <t c="orðum">orðum</t>
        <t c="fór">fór</t>
        <t c="hann">hann</t>
        <t c="um">um</t>
        <t c="ráðuneytið">ráðuneytið</t>
        <t c="og">og</t>
        <t c="stjórnarástandið">stjórnarástandið</t>
        <t c="í">í</t>
        <t c="Danmörku">Danmörku</t>
        <t c=".">.</t>
    </s>
    <s>
        <t c="Nýtt">Nýtt</t>
        <t c="blað">blað</t>
        <t c="er">er</t>
        <t c="byrjað">byrjað</t>
        <t c="að">að</t>
        <t c="koma">koma</t>
        <t c="hjer">hér</t>
        <t c="út">út</t>
        <t c="er">er</t>
        <t c="nefnist">nefnist</t>
        <t c=":">:</t>
        <t c="„">„</t>
        <t c="Norðurljósið">Norðurljósa</t>
        <t c="“">“</t>
        <t c=".">.</t>
    </s>
    <s>
        <t c="Í">Í</t>
        <t c="vetur">vetur</t>
        <t c="gáfu">gáfu</t>
        <t c="þeir">þeir</t>
        <t c="Páll">Páll</t>
        <t c="Jónsson">Jónsson</t>
        <t c="barnakennari">barnakennari</t>
        <t c="og">og</t>
        <t c="Jakob">Jakob</t>
        <t c="Gíslason">Gíslason</t>
        <t c="söðlasmiður">söðlasmiður</t>
        <t c="út">út</t>
        <t c="boðsbrjef">boðsbréf</t>
        <t c="að">að</t>
        <t c="blaði">blaði</t>
        <t c="þessu">þessu</t>
        <t c=".">.</t>
    </s>
    <s>
        <t c="Byrjaði">Byrjaði</t>
        <t c="það">það</t>
        <t c="11.">11.</t>
        <t c="þ.">þ.</t>
        <t c="m.">m.</t>
        <t c="og">og</t>
        <t c="eiga">eiga</t>
        <t c="að">að</t>
        <t c="koma">koma</t>
        <t c="út">út</t>
        <t c="af">af</t>
        <t c="því">því</t>
        <t c="10">10</t>
        <t c="arkir">arkir</t>
        <t c="til">til</t>
        <t c="nýárs">nýárs</t>
        <t c=".">.</t>
    </s>
    <s>
        <t c="Eptir">Eftir</t>
        <t c="því">því</t>
        <t c="sem">sem</t>
        <t c="ritstjórinn">ritstjórinn</t>
        <t c="skýrir">skýrir</t>
        <t c="frá">frá</t>
        <t c="á">á</t>
        <t c="blaðið">blaðið</t>
        <t c="að">að</t>
        <t c="flytja">flytja</t>
        <t c="fræðandi">fræðandi</t>
        <t c="greinar">greinar</t>
        <t c=",">,</t>
        <t c="frjettir">fréttir</t>
        <t c="og">og</t>
        <t c="ritgerðir">ritgerðir</t>
        <t c="um">um</t>
        <t c="stjórnarmál">stjórnarmál</t>
        <t c=".">.</t>
    </s>
    <s>
        <t c="Svo">Svo</t>
        <t c="er">er</t>
        <t c="að">að</t>
        <t c="sjá">sjá</t>
        <t c="á">á</t>
        <t c="blaðinu">blaðinu</t>
        <t c="að">að</t>
        <t c="það">það</t>
        <t c="ætli">ætli</t>
        <t c="í">í</t>
        <t c="pólitískri">pólitískri</t>
        <t c="stefnu">stefnu</t>
        <t c="að">að</t>
        <t c="fylgja">fylgja</t>
        <t c="Þingeyingum">Þingeyingum</t>
        <t c="og">og</t>
        <t c="má">má</t>
        <t c="því">því</t>
        <t c="búast">búast</t>
        <t c="við">við</t>
        <t c="að">að</t>
        <t c="þeir">þeir</t>
        <t c="láti">láti</t>
        <t c="skoðanir">skoðanir</t>
        <t c="sínar">sínar</t>
        <t c="í">í</t>
        <t c="ljós">ljós</t>
        <t c="á">á</t>
        <t c="þeim">þeim</t>
        <t c="málum">málum</t>
        <t c="sjerstaklega">sérstaklega</t>
        <t c="í">í</t>
        <t c="þessu">þessu</t>
        <t c="blaði">blaði</t>
        <t c=".">.</t>
    </s>
    <s>
        <t c="Suðurþingeyingar">Suðurþingeyingar</t>
        <t c="hafa">hafa</t>
        <t c="orð">orð</t>
        <t c="fyrir">fyrir</t>
        <t c=",">,</t>
        <t c="og">og</t>
        <t c="eigi">eigi</t>
        <t c="ófyrirsynju">ófyrirsynju</t>
        <t c=",">,</t>
        <t c="að">að</t>
        <t c="láta">láta</t>
        <t c="mikið">mikið</t>
        <t c="til">til</t>
        <t c="sín">sín</t>
        <t c="taka">taka</t>
        <t c="og">og</t>
        <t c="vera">vera</t>
        <t c="breytingagjarnir">breytingagjarnir</t>
        <t c="í">í</t>
        <t c="stjórnmálum">stjórnmálum</t>
        <t c=",">,</t>
        <t c="enda">enda</t>
        <t c="hafa">hafa</t>
        <t c="þeir">þeir</t>
        <t c="opt">oft</t>
        <t c="ritað">ritað</t>
        <t c="í">í</t>
        <t c="blöð">blöð</t>
        <t c="og">og</t>
        <t c="er">er</t>
        <t c="mörg">mörg</t>
        <t c="ein">ein</t>
        <t c="einörð">einörð</t>
        <t c="og">og</t>
        <t c="hvetjandi">hvetjandi</t>
        <t c="blaðagrein">blaðagrein</t>
        <t c="þaðan">þaðan</t>
        <t c="komin">komin</t>
        <t c=",">,</t>
        <t c="og">og</t>
        <t c="verður">verður</t>
        <t c="eigi">eigi</t>
        <t c="annað">annað</t>
        <t c="sagt">sagt</t>
        <t c="enn">enn</t>
        <t c="að">að</t>
        <t c="þeir">þeir</t>
        <t c="hafi">hafi</t>
        <t c="reynt">reynt</t>
        <t c="til">til</t>
        <t c="að">að</t>
        <t c="hafa">hafa</t>
        <t c="og">og</t>
        <t c="hafi">hafi</t>
        <t c="haft">haft</t>
        <t c="mikil">mikil</t>
        <t c="áhrif">áhrif</t>
        <t c="á">á</t>
        <t c="stjórnmálaskoðanir">stjórnmálaskoðanir</t>
        <t c="manna">manna</t>
        <t c="í">í</t>
        <t c="öðrum">öðrum</t>
        <t c="hjeruðum">héruðum</t>
        <t c="landsins">landsins</t>
        <t c=".">.</t>
    </s>
    <s>
        <t c="Í">Í</t>
        <t c="fyrra">fyrra</t>
        <t c="stofnuðu">stofnuðu</t>
        <t c="þeir">þeir</t>
        <t c="flokk">flokk</t>
        <t c="þann">þann</t>
        <t c="er">er</t>
        <t c="„">„</t>
        <t c="Þjóðlið">Þjóðlið</t>
        <t c="“">“</t>
        <t c="nefnist">nefnist</t>
        <t c="og">og</t>
        <t c="þó">þó</t>
        <t c="hann">hann</t>
        <t c="hafi">hafi</t>
        <t c="fáa">fáa</t>
        <t c="flokksmenn">flokksmenn</t>
        <t c="utansýslu">umsýslu</t>
        <t c=",">,</t>
        <t c="eykur">eykur</t>
        <t c="hann">hann</t>
        <t c="þó">þó</t>
        <t c="áhuga">áhuga</t>
        <t c="og">og</t>
        <t c="samheldni">samheldni</t>
        <t c="innan">innan</t>
        <t c="sýslu">sýslu</t>
        <t c=",">,</t>
        <t c="enda">enda</t>
        <t c="munu">munu</t>
        <t c="íbúar">íbúar</t>
        <t c="fárra">fárra</t>
        <t c="kjördæma">kjördæma</t>
        <t c="halda">halda</t>
        <t c="jafnfast">jafnast</t>
        <t c="saman">saman</t>
        <t c="i">í</t>
        <t c="stjórnmálaskoðunum">stjórnmálaskoðunum</t>
        <t c="og">og</t>
        <t c="þingeyingar">þingeyingar</t>
        <t c=",">,</t>
        <t c="í">í</t>
        <t c="þeim">þeim</t>
        <t c="málum">málum</t>
        <t c="finnast">finnast</t>
        <t c="þar">þar</t>
        <t c="varla">varla</t>
        <t c="mismunandi">mismunandi</t>
        <t c="skoðanir">skoðanir</t>
        <t c=".">.</t>
    </s>
    <s>
        <t c="Þingmennirnir">Þingmennirnir</t>
        <t c="(">(</t>
        <t c="sem">sem</t>
        <t c="venjulega">venjulega</t>
        <t c="eru">eru</t>
        <t c="4">4</t>
        <t c="í">í</t>
        <t c="kjördæminu">kjördæminu</t>
        <t c=")">)</t>
        <t c="og">og</t>
        <t c="aðrir">aðrir</t>
        <t c="skörungar">skörungar</t>
        <t c="sveitanna">sveitanna</t>
        <t c="koma">koma</t>
        <t c="sjer">sér</t>
        <t c="optast">oftast</t>
        <t c="saman">saman</t>
        <t c="um">um</t>
        <t c="hverju">hverju</t>
        <t c="fylgja">fylgja</t>
        <t c="skuli">skuli</t>
        <t c="og">og</t>
        <t c="fram">fram</t>
        <t c="halda">halda</t>
        <t c="í">í</t>
        <t c="hverju">hverju</t>
        <t c="máli">máli</t>
        <t c="er">er</t>
        <t c="að">að</t>
        <t c="landstjórn">landstjórn</t>
        <t c="og">og</t>
        <t c="löggjöf">löggjöf</t>
        <t c="lýtur">lýtur</t>
        <t c=",">,</t>
        <t c="og">og</t>
        <t c="öll">öll</t>
        <t c="alþýða">alþýða</t>
        <t c="fylgir">fylgir</t>
        <t c="síðan">síðan</t>
        <t c="eindregið">eindregið</t>
        <t c=".">.</t>
    </s>
    <s>
        <t c="Það">Það</t>
        <t c="er">er</t>
        <t c="stjórnmálastefna">stjórnmálastefna</t>
        <t c="þessara">þessara</t>
        <t c="manna">manna</t>
        <t c="sem">sem</t>
        <t c="„">„</t>
        <t c="Norðurljósið">Norðurljósa</t>
        <t c="“">“</t>
        <t c="gefur">gefur</t>
        <t c="í">í</t>
        <t c="skyn">skyn</t>
        <t c="að">að</t>
        <t c="það">það</t>
        <t c="muni">muni</t>
        <t c="fylgja">fylgja</t>
        <t c=",">,</t>
        <t c="enda">enda</t>
        <t c="eru">eru</t>
        <t c="það">það</t>
        <t c="margir">margir</t>
        <t c="sem">sem</t>
        <t c="munu">munu</t>
        <t c="vilja">vilja</t>
        <t c="vita">vita</t>
        <t c="hverjar">hverjar</t>
        <t c="skoðanir">skoðanir</t>
        <t c="Þineyinga">Þingeyinga</t>
        <t c="eru">eru</t>
        <t c="í">í</t>
        <t c="ymsum">ýmsum</t>
        <t c="tilfellum">tilfellum</t>
        <t c=",">,</t>
        <t c="því">því</t>
        <t c="menn">menn</t>
        <t c="hafa">hafa</t>
        <t c="reynsla">reynsla</t>
        <t c="fyrir">fyrir</t>
        <t c="að">að</t>
        <t c="þeir">þeir</t>
        <t c="fylgja">fylgja</t>
        <t c="þeim">þeim</t>
        <t c="með">með</t>
        <t c="áhuga">áhuga</t>
        <t c="og">og</t>
        <t c="reyna">reyna</t>
        <t c="til">til</t>
        <t c="að">að</t>
        <t c="gjöra">gjöra</t>
        <t c="þær">þær</t>
        <t c="víðar">víðar</t>
        <t c="ríkjandi">ríkjandi</t>
        <t c=".">.</t>
    </s>
    <s>
        <t c="Menn">Menn</t>
        <t c="hljóta">hljóta</t>
        <t c="að">að</t>
        <t c="vilja">vilja</t>
        <t c="vita">vita</t>
        <t c=",">,</t>
        <t c="hvað">hvað</t>
        <t c="þeir">þeir</t>
        <t c="menn">menn</t>
        <t c="vilja">vilja</t>
        <t c="að">að</t>
        <t c="gjört">gjört</t>
        <t c="sje">sé</t>
        <t c=",">,</t>
        <t c="sem">sem</t>
        <t c="miklu">miklu</t>
        <t c="ráða">ráða</t>
        <t c="og">og</t>
        <t c="miklu">miklu</t>
        <t c="vilja">vilja</t>
        <t c="ráða">ráða</t>
        <t c="um">um</t>
        <t c="þjóðviljann">þjóðviljann</t>
        <t c=",">,</t>
        <t c="þegar">þegar</t>
        <t c="áhugamál">áhugamál</t>
        <t c="þeirra">þeirra</t>
        <t c="og">og</t>
        <t c="þjóðarinnar">þjóðarinnar</t>
        <t c="fá">fá</t>
        <t c="mótbyr">mótbyr</t>
        <t c=",">,</t>
        <t c="lenda">lenda</t>
        <t c="á">á</t>
        <t c="skerum">skerum</t>
        <t c="eða">eða</t>
        <t c="bíða">bíða</t>
        <t c="skipbrot">skipbrot</t>
        <t c="o.">o.</t>
        <t c="s.">s.</t>
        <t c="frv.">frv.</t>
    </s>
    <s>
        <t c="Það">Það</t>
        <t c="munu">munu</t>
        <t c="því">því</t>
        <t c="allir">allir</t>
        <t c="taka">taka</t>
        <t c="vel">vel</t>
        <t c="á">á</t>
        <t c="móti">móti</t>
        <t c="„">„</t>
        <t c="Norðurljósinu">Norðurljósin</t>
        <t c="“">“</t>
        <t c=",">,</t>
        <t c="hvert">hvert</t>
        <t c="heldur">heldur</t>
        <t c="þeir">þeir</t>
        <t c="eru">eru</t>
        <t c="sammála">sammála</t>
        <t c="eða">eða</t>
        <t c="andstæðir">andstæðir</t>
        <t c="þjóðmálaskoðunum">þjóðmálaskoðunum</t>
        <t c="Þingeyinga">Þingeyinga</t>
        <t c=",">,</t>
        <t c="ef">ef</t>
        <t c="það">það</t>
        <t c="iðulega">iðulega</t>
        <t c="birtir">birtir</t>
        <t c="álit">álit</t>
        <t c="þeirra">þeirra</t>
        <t c="á">á</t>
        <t c="áhugamálum">áhugamálum</t>
        <t c="vorum">vorum</t>
        <t c=".">.</t>
    </s>
    <s>
        <t c="Það">Það</t>
        <t c="blað">blað</t>
        <t c="sem">sem</t>
        <t c="út">út</t>
        <t c="er">er</t>
        <t c="komið">komið</t>
        <t c="er">er</t>
        <t c="vandað">vandað</t>
        <t c="að">að</t>
        <t c="öllum">öllum</t>
        <t c="frágangi">frágangi</t>
        <t c=".">.</t>
    </s>
    <s>
        <t c="Árnessýslu">Árnessýslu</t>
        <t c="20.">20.</t>
        <t c="júlí">júlí</t>
        <t c="1886">1886</t>
        <t c=".">.</t>
    </s>
    <s>
        <t c="Hjer">Hér</t>
        <t c="hefir">hefir</t>
        <t c="mátt">mátt</t>
        <t c="heita">heita</t>
        <t c="bezta">besta</t>
        <t c="tíð">tíð</t>
        <t c="nú">nú</t>
        <t c="um">um</t>
        <t c="hríð">hríð</t>
        <t c=",">,</t>
        <t c="þó">þó</t>
        <t c="er">er</t>
        <t c="jörð">jörð</t>
        <t c="ekki">ekki</t>
        <t c="að">að</t>
        <t c="því">því</t>
        <t c="skapi">skapi</t>
        <t c="vel">vel</t>
        <t c="sprottin">sprottin</t>
        <t c=";">;</t>
        <t c="tún">tún</t>
        <t c="eru">eru</t>
        <t c="vart">vart</t>
        <t c="talin">talin</t>
        <t c="í">í</t>
        <t c="meðallagi">meðallagi</t>
        <t c="en">en</t>
        <t c="útjörð">útjörð</t>
        <t c="á">á</t>
        <t c="enn">enn</t>
        <t c="góðan">góðan</t>
        <t c="tíma">tíma</t>
        <t c="eptir">eftir</t>
        <t c="til">til</t>
        <t c="að">að</t>
        <t c="taka">taka</t>
        <t c="framförum">framförum</t>
        <t c=".">.</t>
    </s>
    <s>
        <t c="Sláttur">Sláttur</t>
        <t c="er">er</t>
        <t c="byrjaður">byrjaður</t>
        <t c="en">en</t>
        <t c="nú">nú</t>
        <t c="vantar">vantar</t>
        <t c="þerri">þerri</t>
        <t c="á">á</t>
        <t c="heyið">heyið</t>
        <t c=",">,</t>
        <t c="því">því</t>
        <t c="fremur">fremur</t>
        <t c="er">er</t>
        <t c="vætusamt">vætusamt</t>
        <t c=".">.</t>
    </s>
    <s>
        <t c="Verzlun">Verslun</t>
        <t c="er">er</t>
        <t c="þung">þung</t>
        <t c="án">án</t>
        <t c="efa">efa</t>
        <t c="bæði">bæði</t>
        <t c="hjá">hjá</t>
        <t c="bændum">bændum</t>
        <t c="og">og</t>
        <t c="kaupmönnum">kaupmönnum</t>
        <t c=";">;</t>
        <t c="lágt">lágt</t>
        <t c="verð">verð</t>
        <t c="á">á</t>
        <t c="íslenzkri">íslenskri</t>
        <t c="vöru">vöru</t>
        <t c="en">en</t>
        <t c="skuldir">skuldir</t>
        <t c="miklar">miklar</t>
        <t c="undir">undir</t>
        <t c=".">.</t>
    </s>
    <s>
        <t c="Það">Það</t>
        <t c="er">er</t>
        <t c="ekki">ekki</t>
        <t c="annars">annars</t>
        <t c="vænlegt">vænlegt</t>
        <t c="útlit">útlit</t>
        <t c="fyrir">fyrir</t>
        <t c="Íslandi">Íslandi</t>
        <t c="ef">ef</t>
    </s>
    <s>
        <t c="verzlunarvörur">verslunarvörur</t>
        <t c="þess">þess</t>
        <t c="hætta">hætta</t>
        <t c="næstum">næstum</t>
        <t c="að">að</t>
        <t c="ganga">ganga</t>
        <t c="á">á</t>
        <t c="útlendum">útlendum</t>
        <t c="mörkuðum">mörkuðum</t>
        <t c=",">,</t>
        <t c="og">og</t>
        <t c="verða">verða</t>
        <t c="að">að</t>
        <t c="falla">falla</t>
        <t c="fyrir">fyrir</t>
        <t c="samkeppni">samkeppni</t>
        <t c="annara">annara</t>
        <t c=".">.</t>
    </s>
    <s>
        <t c="Þá">Þá</t>
        <t c="er">er</t>
        <t c="um">um</t>
        <t c="að">að</t>
        <t c="gera">gera</t>
        <t c="hvort">hvort</t>
        <t c="oss">oss</t>
        <t c="hefir">hefir</t>
        <t c="farið">farið</t>
        <t c="svo">svo</t>
        <t c="mikið">mikið</t>
        <t c="fram">fram</t>
        <t c=",">,</t>
        <t c="nú">nú</t>
        <t c="á">á</t>
        <t c="undanförnum">undanförnum</t>
        <t c="framfaraárum">framfaraárum</t>
        <t c="að">að</t>
        <t c="vjer">vér</t>
        <t c="þolum">þolum</t>
        <t c="nú">nú</t>
        <t c="þetta">þetta</t>
        <t c="og">og</t>
        <t c="getum">getum</t>
        <t c="sagt">sagt</t>
        <t c="eins">eins</t>
        <t c="og">og</t>
        <t c="Englendingurinn">Englendingurinn</t>
        <t c=":">:</t>
        <t c="„">„</t>
        <t c="Ef">Ef</t>
        <t c="jeg">ég</t>
        <t c="sje">sé</t>
        <t c="ekki">ekki</t>
        <t c="veg">veg</t>
        <t c=",">,</t>
        <t c="bý">bý</t>
        <t c="jeg">ég</t>
        <t c="mjer">mér</t>
        <t c="til">til</t>
        <t c="veg">veg</t>
        <t c="“">“</t>
        <t c=".">.</t>
    </s>
    <s>
        <t c="Hér">Hér</t>
        <t c="er">er</t>
        <t c="við">við</t>
        <t c="ramman">ramman</t>
        <t c="reip">reip</t>
        <t c="að">að</t>
        <t c="draga">draga</t>
        <t c="fyrir">fyrir</t>
        <t c="oss">oss</t>
        <t c=";">;</t>
        <t c="er">er</t>
        <t c="það">það</t>
        <t c="nú">nú</t>
        <t c="þegar">þegar</t>
        <t c="hafísinn">hafísinn</t>
        <t c="og">og</t>
        <t c="þar">þar</t>
        <t c="af">af</t>
        <t c="leiðandi">leiðandi</t>
        <t c="óáran">óáran</t>
        <t c="bætist">bætist</t>
        <t c="ofaná">ofan á</t>
        <t c=".">.</t>
    </s>
    <s>
        <t c="Samt">Samt</t>
        <t c="mun">mun</t>
        <t c="Guð">Guð</t>
        <t c="æfinlega">ævinlega</t>
        <t c="„">„</t>
        <t c="hjálpa">hjálpa</t>
        <t c="þeim">þeim</t>
        <t c="sem">sem</t>
        <t c="vilja">vilja</t>
        <t c="hjálpa">hjálpa</t>
        <t c="sjer">sér</t>
        <t c="sjálfir">sjálfir</t>
        <t c="“">“</t>
        <t c=".">.</t>
    </s>
    <s>
        <t c="Snemma">Snemma</t>
        <t c="í">í</t>
        <t c="þessun">þessu</t>
        <t c="mánuði">mánuði</t>
        <t c="drukknuðu">drukknuðu</t>
        <t c="2">2</t>
        <t c="menn">menn</t>
        <t c="í">í</t>
        <t c="Þjórsá">Þjórsá</t>
        <t c="á">á</t>
        <t c="Parta">Parta</t>
        <t c="ferjustað">ferjustað</t>
        <t c=".">.</t>
    </s>
    <s>
        <t c="Þeir">Þeir</t>
        <t c="fóru">fóru</t>
        <t c="3">3</t>
        <t c="á">á</t>
        <t c="smábát">smábát</t>
        <t c="að">að</t>
        <t c="reka">reka</t>
        <t c="hesta">hesta</t>
        <t c="sem">sem</t>
        <t c="vildu">vildu</t>
        <t c="snúa">snúa</t>
        <t c="aptur">aftur</t>
        <t c=".">.</t>
    </s>
    <s>
        <t c="Einn">Einn</t>
        <t c="maðurinn">maðurinn</t>
        <t c="seildist">seildist</t>
        <t c="eptir">eftir</t>
        <t c="að">að</t>
        <t c="ná">ná</t>
        <t c="í">í</t>
        <t c="taum">taum</t>
        <t c="á">á</t>
        <t c="hesti">hesti</t>
        <t c="sem">sem</t>
        <t c="synti">synti</t>
        <t c="hjá">hjá</t>
        <t c="þeim">þeim</t>
        <t c=",">,</t>
        <t c="þá">þá</t>
        <t c="hvolfdi">hvolfdi</t>
        <t c="bátnum">bátnum</t>
        <t c=".">.</t>
    </s>
    <s>
        <t c="Tveir">Tveir</t>
        <t c="náðu">náðu</t>
        <t c="i">í</t>
        <t c="bátinn">bátinn</t>
        <t c="og">og</t>
        <t c="bárust">bárust</t>
        <t c="með">með</t>
        <t c="honum">honum</t>
        <t c="langan">langan</t>
        <t c="veg">veg</t>
        <t c="niður">niður</t>
        <t c="eptir">eftir</t>
        <t c="ánni">ánni</t>
        <t c="og">og</t>
        <t c="valt">valt</t>
        <t c="hann">hann</t>
        <t c="opt">oft</t>
        <t c="um">um</t>
        <t c="á">á</t>
        <t c="þeirri">þeirri</t>
        <t c="leið">leið</t>
        <t c=".">.</t>
    </s>
    <s>
        <t c="Loks">Loks</t>
        <t c="sökk">sökk</t>
        <t c="annar">annar</t>
        <t c="maðurinn">maðurinn</t>
        <t c="en">en</t>
        <t c="þá">þá</t>
        <t c="strax">strax</t>
        <t c="á">á</t>
        <t c="eptir">eftir</t>
        <t c="komu">komu</t>
        <t c="ferjumenn">ferjumenn</t>
        <t c="og">og</t>
        <t c="björguðu">björguðu</t>
        <t c="hinum">hinum</t>
        <t c="það">það</t>
        <t c="var">var</t>
        <t c="unglingur">unglingur</t>
        <t c="og">og</t>
        <t c="þeirra">þeirra</t>
        <t c="hraustastur">hraustastur</t>
        <t c=".">.</t>
    </s>
    <s>
        <t c="Ferjumenn">Ferjumenn</t>
        <t c="höföu">höfðu</t>
        <t c="eigi">eigi</t>
        <t c="sjeð">séð</t>
        <t c="slysið">slysið</t>
        <t c=",">,</t>
        <t c="því">því</t>
        <t c="farið">farið</t>
        <t c="var">var</t>
        <t c="að">að</t>
        <t c="dimma">dimma</t>
        <t c=";">;</t>
        <t c="en">en</t>
        <t c="leiddist">leiddist</t>
        <t c="eptir">eftir</t>
        <t c="þeim">þeim</t>
        <t c="og">og</t>
        <t c="fóru">fóru</t>
        <t c="að">að</t>
        <t c="leita">leita</t>
        <t c=".">.</t>
    </s>
    <s>
        <t c="Það">Það</t>
        <t c="varð">varð</t>
        <t c="drengnum">drengnum</t>
        <t c="til">til</t>
        <t c="lífs">lífs</t>
        <t c=".">.</t>
    </s>
    <s>
        <t c="Ekki">Ekki</t>
        <t c="hefði">hefði</t>
        <t c="þettað">þetta</t>
        <t c="slys">slys</t>
        <t c="viljað">viljað</t>
        <t c="til">til</t>
        <t c="ef">ef</t>
        <t c="brú">brú</t>
        <t c="hefði">hefði</t>
        <t c="verið">verið</t>
        <t c="á">á</t>
        <t c="ánni">ánni</t>
        <t c=".">.</t>
    </s>
    <s>
        <t c="Innlendar">Innlendar</t>
        <t c="frjettir">fréttir</t>
        <t c=".">.</t>
    </s>
    <s>
        <t c="—">—</t>
        <t c="Á">Á</t>
        <t c="Austurlambi">Austurlandi</t>
        <t c="hefir">hefir</t>
        <t c="verið">verið</t>
        <t c="líkt">líkt</t>
        <t c="tíðarfar">tíðarfar</t>
        <t c=",">,</t>
        <t c="eptir">eftir</t>
        <t c="frjettum">fréttum</t>
        <t c=",">,</t>
        <t c="sem">sem</t>
        <t c="nýlega">nýlega</t>
        <t c="eru">eru</t>
        <t c="komnar">komnar</t>
        <t c="þaðan">þaðan</t>
        <t c=".">.</t>
    </s>
    <s>
        <t c="Tún">Tún</t>
        <t c="og">og</t>
        <t c="harðvelli">harðvelli</t>
        <t c="þar">þar</t>
        <t c="kalið">kalið</t>
        <t c="eptir">eftir</t>
        <t c="vorharðindin">vorharðindin</t>
        <t c="eins">eins</t>
        <t c="og">og</t>
        <t c="hjer">hér</t>
        <t c="norðanlands">norðanlands</t>
        <t c=".">.</t>
    </s>
    <s>
        <t c="Í">Í</t>
        <t c="Breiðdal">Breiðdal</t>
        <t c="og">og</t>
        <t c="innri">innri</t>
        <t c="hluta">hluta</t>
        <t c="Héraðsins">Héraðsins</t>
        <t c="er">er</t>
        <t c="grasvöxtur">grasvöxtur</t>
        <t c="skástur">skástur</t>
        <t c=",">,</t>
        <t c="svo">svo</t>
        <t c="einstaka">einstaka</t>
        <t c="menn">menn</t>
        <t c="byrjuðu">byrjuðu</t>
        <t c="þar">þar</t>
        <t c="slátt">slátt</t>
        <t c="í">í</t>
        <t c="14.">14.</t>
        <t c="víku">viku</t>
        <t c="sumars">sumars</t>
        <t c=".">.</t>
    </s>
    <s>
        <t c="Í">Í</t>
        <t c="Fjörðunum">Fjörðunum</t>
        <t c="og">og</t>
        <t c="á">á</t>
        <t c="Úthjeraði">Úthéraði</t>
        <t c="er">er</t>
        <t c="grasvöxtur">grasvöxtur</t>
        <t c="á">á</t>
        <t c="túnum">túnum</t>
        <t c="og">og</t>
        <t c="engjum">engjum</t>
        <t c="mjög">mjög</t>
        <t c="lítill">lítill</t>
        <t c=",">,</t>
        <t c="en">en</t>
        <t c="þó">þó</t>
        <t c="tekur">tekur</t>
        <t c="yfir">yfir</t>
        <t c="þegar">þegar</t>
        <t c="kemur">kemur</t>
        <t c="norður">norður</t>
        <t c="fyrir">fyrir</t>
        <t c="Vopnafjörð">Vopnafjörð</t>
        <t c=",">,</t>
        <t c="á">á</t>
        <t c="Langanesi">Langanesi</t>
        <t c="og">og</t>
        <t c="Langanesströndum">Langanesströndum</t>
        <t c="má">má</t>
        <t c="ekki">ekki</t>
        <t c="beita">beita</t>
        <t c="meira">meira</t>
        <t c="en">en</t>
        <t c="gróður">gróður</t>
        <t c="fyrir">fyrir</t>
        <t c="skepnur">skepnur</t>
        <t c="í">í</t>
        <t c="úthaga">úthaga</t>
        <t c="og">og</t>
        <t c="túnin">túnin</t>
        <t c="13">13</t>
        <t c="vikur">vikur</t>
        <t c="af">af</t>
        <t c="sumri">sumri</t>
        <t c="lítið">lítið</t>
        <t c="betri">betri</t>
        <t c="en">en</t>
        <t c="um">um</t>
        <t c="fráfærur">fráfærur</t>
        <t c=",">,</t>
        <t c="þegar">þegar</t>
        <t c="vel">vel</t>
        <t c="árar">árar</t>
        <t c=";">;</t>
        <t c="á">á</t>
        <t c="stöku">stöku</t>
        <t c="bæjum">bæjum</t>
        <t c="lá">lá</t>
        <t c="eldiviður">eldiviður</t>
        <t c="þurr">þurr</t>
        <t c="á">á</t>
        <t c="útskekjum">útskerjum</t>
        <t c="túna">túna</t>
        <t c="í">í</t>
        <t c="fjórtándu">fjórtándu</t>
        <t c="viku">viku</t>
        <t c="sumars">sumars</t>
        <t c=".">.</t>
    </s>
    <s>
        <t c="Í">Í</t>
        <t c="Þistilfirði">Þistilfirði</t>
        <t c="og">og</t>
        <t c="Axarfirði">Axarfirði</t>
        <t c="er">er</t>
        <t c="litlu">litlu</t>
        <t c="betra">betra</t>
        <t c=",">,</t>
        <t c="en">en</t>
        <t c="þegar">þegar</t>
        <t c="kemur">kemur</t>
        <t c="inn">inn</t>
        <t c="á">á</t>
        <t c="Reykjaheiði">Reykjaheiði</t>
        <t c="þá">þá</t>
        <t c="batnar">batnar</t>
        <t c="svo">svo</t>
        <t c="að">að</t>
        <t c="i">í</t>
        <t c="suðurhluta">suðurhluta</t>
        <t c="Þingeyjarsýslu">Þingeyjarsýslu</t>
        <t c="og">og</t>
        <t c="í">í</t>
        <t c="Eyjafirði">Eyjafirði</t>
        <t c="var">var</t>
        <t c="víðast">víðast</t>
        <t c="byrjað">byrjað</t>
        <t c="að">að</t>
        <t c="slá">slá</t>
        <t c="eptir">eftir</t>
        <t c="miðjan">miðjan</t>
        <t c="júlímánuð">júlímánuð</t>
        <t c=".">.</t>
    </s>
    <s>
        <t c="Á">Á</t>
        <t c="Vopnafirði">Vopnafirði</t>
        <t c="hefir">hefir</t>
        <t c="lengst">lengst</t>
        <t c="af">af</t>
        <t c="í">í</t>
        <t c="sumar">sumar</t>
        <t c="verið">verið</t>
        <t c="mokafli">mokafli</t>
        <t c=".">.</t>
    </s>
    <s>
        <t c="12">12</t>
        <t c="Færeyingar">Færeyingar</t>
        <t c=",">,</t>
        <t c="sem">sem</t>
        <t c="aflahæðstir">aflahæstir</t>
        <t c="voru">voru</t>
        <t c=",">,</t>
        <t c="voru">voru</t>
        <t c="búnir">búnir</t>
        <t c="að">að</t>
        <t c="fá">fá</t>
        <t c="á">á</t>
        <t c="báta">báta</t>
        <t c="frá">frá</t>
        <t c="20.">20.</t>
        <t c="maí">maí</t>
        <t c="til">til</t>
        <t c="20.">20.</t>
        <t c="júlí">júlí</t>
        <t c="fast">fast</t>
        <t c="að">að</t>
        <t c="60">60</t>
        <t c="þúsund">þúsund</t>
        <t c="af">af</t>
        <t c="þorski">þorski</t>
        <t c="og">og</t>
        <t c="ísu">ýsu</t>
        <t c=",">,</t>
        <t c="að">að</t>
        <t c="öðru">öðru</t>
        <t c="hverju">hverju</t>
        <t c="hefir">hefir</t>
        <t c="og">og</t>
        <t c="verið">verið</t>
        <t c="góður">góður</t>
        <t c="afli">afli</t>
        <t c="á">á</t>
        <t c="Seyðisfirði">Seyðisfirði</t>
        <t c="og">og</t>
        <t c="fjörðunum">fjörðunum</t>
        <t c="þar">þar</t>
        <t c="fyrir">fyrir</t>
        <t c="sunnan">sunnan</t>
        <t c=".">.</t>
    </s>
    <s>
        <t c="Síld">Síld</t>
        <t c="hefir">hefir</t>
        <t c="fengist">fengist</t>
        <t c="þar">þar</t>
        <t c="í">í</t>
        <t c="lagnet">lagnet</t>
        <t c="til">til</t>
        <t c="heitu">heitu</t>
        <t c=",">,</t>
        <t c="en">en</t>
        <t c="vegna">vegna</t>
        <t c="þess">þess</t>
        <t c="að">að</t>
        <t c="svo">svo</t>
        <t c="lágt">lágt</t>
        <t c="verð">verð</t>
        <t c="er">er</t>
        <t c="á">á</t>
        <t c="síld">síld</t>
        <t c="erlendis">erlendis</t>
        <t c=",">,</t>
        <t c="að">að</t>
        <t c="ekki">ekki</t>
        <t c="svarar">svarar</t>
        <t c="kostnaði">kostnaði</t>
        <t c="að">að</t>
        <t c="veiða">veiða</t>
        <t c="hana">hana</t>
        <t c="til">til</t>
        <t c="útflutníngs">útflutnings</t>
        <t c=".">.</t>
    </s>
    <s>
        <t c="Seyðfirðingar">Seyðfirðingar</t>
        <t c="höfðu">höfðu</t>
        <t c="þó">þó</t>
        <t c="læst">læst</t>
        <t c="i">í</t>
        <t c="nót">nót</t>
        <t c="nálægt">nálægt</t>
        <t c="1000">1000</t>
        <t c="t.">t.</t>
        <t c="er">er</t>
        <t c="síðast">síðast</t>
        <t c="fréttist">fréttist</t>
        <t c="(">(</t>
        <t c="Eptir">Eftir</t>
        <t c="Fróða">Fróða</t>
        <t c=")">)</t>
        <t c=".">.</t>
    </s>
    <s>
        <t c="A">A</t>
        <t c="Mjóafirði">Mjóafirði</t>
        <t c="hefir">hefir</t>
        <t c="verið">verið</t>
        <t c="bezti">besti</t>
        <t c="fiskiafli">fiskiafli</t>
        <t c=".">.</t>
    </s>
    <s>
        <t c="Um">Um</t>
        <t c="allt">allt</t>
        <t c="land">land</t>
        <t c="hafa">hafa</t>
        <t c="verið">verið</t>
        <t c="óþurkar">óþurrkar</t>
        <t c="síðan">síðan</t>
        <t c="sláttur">sláttur</t>
        <t c="byrjaði">byrjaði</t>
        <t c=".">.</t>
    </s>
    <s>
        <t c="Ull">Ull</t>
        <t c="komst">komst</t>
        <t c="hjer">hér</t>
        <t c="í">í</t>
        <t c="55">55</t>
        <t c="a.">a.</t>
        <t c="enda">enda</t>
        <t c="selzt">selst</t>
        <t c="hún">hún</t>
        <t c="nú">nú</t>
        <t c="á">á</t>
        <t c="58">58</t>
        <t c="—">—</t>
        <t c="60">60</t>
        <t c="a.">a.</t>
        <t c="erlendis">erlendis</t>
        <t c=",">,</t>
        <t c="og">og</t>
        <t c="ef">ef</t>
        <t c="til">til</t>
        <t c="vill">vill</t>
        <t c="meira">meira</t>
        <t c=".">.</t>
    </s>
    <s>
        <t c="Málsfiskur">Málsfiskur</t>
        <t c="komst">komst</t>
        <t c="hjer">hér</t>
        <t c="í">í</t>
        <t c="12">12</t>
        <t c="a.">a.</t>
        <t c="pd.">pd.</t>
        <t c=",">,</t>
        <t c="ætla">ætla</t>
        <t c="má">má</t>
        <t c="kaupmenn">kaupmenn</t>
        <t c="geri">geri</t>
        <t c="sjer">sér</t>
        <t c="von">von</t>
        <t c="um">um</t>
        <t c="að">að</t>
        <t c="tapa">tapa</t>
        <t c="ekki">ekki</t>
        <t c="á">á</t>
        <t c="honum">honum</t>
        <t c=",">,</t>
        <t c="því">því</t>
        <t c="ein">ein</t>
        <t c="verzlun">verslun</t>
        <t c="hjer">hér</t>
        <t c="hefir">hefir</t>
        <t c="vikið">vikið</t>
        <t c="lýsi">lýsi</t>
        <t c="fyrir">fyrir</t>
        <t c="fisk">fisk</t>
        <t c=".">.</t>
    </s>
    <s>
        <t c="Seðla">Seðla</t>
        <t c="landsbankans">landsbankans</t>
        <t c="hefir">hefir</t>
        <t c="þjóðbankinn">þjóðbankinn</t>
        <t c="í">í</t>
        <t c="Höfn">Höfn</t>
        <t c="boðist">boðist</t>
        <t c="til">til</t>
        <t c="að">að</t>
        <t c="taka">taka</t>
        <t c="fyrir">fyrir</t>
        <t c="25">25</t>
        <t c="aura">aura</t>
        <t c="þóknun">þóknun</t>
        <t c="fyrir">fyrir</t>
        <t c="hverjar">hverjar</t>
        <t c="100">100</t>
        <t c="kr.">kr.</t>
        <t c=",">,</t>
        <t c="eins">eins</t>
        <t c="og">og</t>
        <t c="norska">norska</t>
        <t c="seðla">seðla</t>
        <t c=".">.</t>
    </s>
    <s>
        <t c="Stjórn">Stjórn</t>
        <t c="landsbankans">landsbankans</t>
        <t c="var">var</t>
        <t c="ekki">ekki</t>
        <t c="búin">búin</t>
        <t c="að">að</t>
        <t c="ganga">ganga</t>
        <t c="að">að</t>
        <t c="því">því</t>
        <t c=",">,</t>
        <t c="en">en</t>
        <t c="vildi">vildi</t>
        <t c="að">að</t>
        <t c="þjóðbankinn">þjóðbankinn</t>
        <t c="tæki">tæki</t>
        <t c="þá">þá</t>
        <t c="án">án</t>
        <t c="þóknunar">þóknunar</t>
        <t c="Englendingur">Englendingur</t>
        <t c="kom">kom</t>
        <t c="með">með</t>
        <t c="„">„</t>
        <t c="Lauru">Lauru</t>
        <t c="“">“</t>
    </s>
    <s>
        <t c="12.">12.</t>
        <t c="þ.">þ.</t>
        <t c="m">m</t>
        <t c="..">..</t>
    </s>
    <s>
        <t c="ætlar">ætlar</t>
        <t c="austur">austur</t>
        <t c="á">á</t>
        <t c="Mývatnsfjöll">Vatnsfjöll</t>
        <t c="að">að</t>
        <t c="skjóta">skjóta</t>
        <t c="rjúpur">rjúpur</t>
        <t c="og">og</t>
        <t c="hreindýr">hreindýr</t>
        <t c=".">.</t>
    </s>
    <s>
        <t c="Auglýsingar">Auglýsingar</t>
        <t c=".">.</t>
    </s>
    <s>
        <t c="—">—</t>
        <t c="Mánudaginn">Mánudaginn</t>
        <t c="13.">13.</t>
        <t c="sept.">sept.</t>
        <t c="næstkomanda">næstkomandi</t>
        <t c="kl.">kl.</t>
    </s>
    <s>
        <t c="10">10</t>
        <t c="fyrr">fyrr</t>
        <t c="hádegi">hádegi</t>
        <t c="verður">verður</t>
        <t c="á">á</t>
        <t c="Oddeyri">Oddeyri</t>
        <t c="haldið">haldið</t>
        <t c="uppboð">uppboð</t>
        <t c="til">til</t>
        <t c="að">að</t>
        <t c="selja">selja</t>
        <t c="tunnur">tunnur</t>
        <t c=",">,</t>
        <t c="ámur">ámur</t>
        <t c="og">og</t>
        <t c="fleira">fleira</t>
        <t c="þess">þess</t>
        <t c="konar">konar</t>
        <t c=".">.</t>
    </s>
    <s>
        <t c="Einnig">Einnig</t>
        <t c="verður">verður</t>
        <t c="selt">selt</t>
        <t c="brot">brot</t>
        <t c="af">af</t>
        <t c="fiskiskipi">fiskiskipi</t>
        <t c=",">,</t>
        <t c="sem">sem</t>
        <t c="brúka">brúka</t>
        <t c="má">má</t>
        <t c="í">í</t>
        <t c="dekkbita">dekksta</t>
        <t c="í">í</t>
        <t c="hákarlaskip">hákarlaskip</t>
        <t c=",">,</t>
        <t c="til">til</t>
        <t c="túngirðinga">túngirðinga</t>
        <t c="m.">m.</t>
        <t c="fl.">fl.</t>
    </s>
    <s>
        <t c="Söluskilmálar">Söluskilmálar</t>
        <t c="verða">verða</t>
        <t c="auglýstir">auglýstir</t>
        <t c="við">við</t>
        <t c="uppboðið">uppboðið</t>
        <t c=".">.</t>
    </s>
    <s>
        <t c="Bæjarfógetinn">Bæjarfógetinn</t>
        <t c="á">á</t>
        <t c="Akureyri">Akureyri</t>
        <t c="17.">17.</t>
        <t c="ágúst">ágúst</t>
        <t c="1886">1886</t>
        <t c=".">.</t>
    </s>
    <s>
        <t c="S.">S.</t>
        <t c="Thorarensen">Thorarensen</t>
        <t c=".">.</t>
    </s>
    <s>
        <t c="Nokkrir">Nokkrir</t>
        <t c="duglegir">duglegir</t>
        <t c="og">og</t>
        <t c="frískir">frískir</t>
        <t c="sjómenn">sjómenn</t>
        <t c=",">,</t>
        <t c="sem">sem</t>
        <t c="eitthvað">eitthvað</t>
        <t c="hafa">hafa</t>
        <t c="vanist">vanist</t>
        <t c="síldarveiði">síldarveiði</t>
        <t c="geta">geta</t>
        <t c="fengið">fengið</t>
        <t c="atvinnu">atvinnu</t>
        <t c="um">um</t>
        <t c="tíma">tíma</t>
        <t c="í">í</t>
        <t c="haust">haust</t>
        <t c=".">.</t>
    </s>
    <s>
        <t c="Þeir">Þeir</t>
        <t c="sem">sem</t>
        <t c="óska">óska</t>
        <t c="að">að</t>
        <t c="sæta">sæta</t>
        <t c="því">því</t>
        <t c=",">,</t>
        <t c="snúi">snúi</t>
        <t c="sjer">sér</t>
        <t c="sem">sem</t>
        <t c="fyrst">fyrst</t>
        <t c="til">til</t>
        <t c="undirskrifaðs">undirskrifaðs</t>
        <t c=".">.</t>
    </s>
    <s>
        <t c="Akureyri">Akureyri</t>
        <t c="7.">7.</t>
        <t c="ágúst">ágúst</t>
        <t c="1886">1886</t>
        <t c=".">.</t>
    </s>
    <s>
        <t c="Eggert">Eggert</t>
        <t c="Laxdal">Laxdal</t>
        <t c=".">.</t>
    </s>
    <s>
        <t c="Helmingur">Helmingur</t>
        <t c="af">af</t>
        <t c="íbúðarhúsi">íbúðarhúsi</t>
        <t c="á">á</t>
        <t c="Akureyri">Akureyri</t>
        <t c="fæst">fæst</t>
        <t c="til">til</t>
        <t c="kaups">kaups</t>
        <t c="með">með</t>
        <t c="mjög">mjög</t>
        <t c="lágu">lágu</t>
        <t c="verði">verði</t>
        <t c=".">.</t>
    </s>
    <s>
        <t c="Lysthafendur">Lysthafendur</t>
        <t c="snúi">snúi</t>
        <t c="sjer">sér</t>
        <t c="til">til</t>
        <t c="verzlunarstjóra">verslunarstjóra</t>
        <t c="E.">E.</t>
        <t c="Laxdals">Laxdals</t>
        <t c=".">.</t>
    </s>
    <s>
        <t c="Utgefandi">Útgefandi</t>
        <t c="og">og</t>
        <t c="prentari">prentari</t>
        <t c=":">:</t>
        <t c="Björn">Björn</t>
        <t c="Jónsson">Jónsson</t>
        <t c=".">.</t>
    </s>
</document>
