<?xml version="1.0" ?>
<document>
    <s>
        <t c="AKUREYRARPÓSTURINN">AKUREYRARPÓSTURINN</t>
        <t c=".">.</t>
    </s>
    <s>
        <t c="3.">3.</t>
        <t c="blað">blað</t>
        <t c=".">.</t>
    </s>
    <s>
        <t c="Verð">Verð</t>
        <t c="10">10</t>
        <t c="aurar">aurar</t>
        <t c=".">.</t>
    </s>
    <s>
        <t c="Fæst">Fæst</t>
        <t c="hjá">hjá</t>
        <t c="Frb.">Frb.</t>
    </s>
    <s>
        <t c="Steinssyni">Steinssyni</t>
        <t c="og">og</t>
        <t c="í">í</t>
        <t c="prentsmiðjunni">prentsmiðjunni</t>
        <t c=".">.</t>
    </s>
    <s>
        <t c="Fylgiblað">Fylgiblað</t>
        <t c="með">með</t>
        <t c="„">„</t>
        <t c="Fróða">Fróða</t>
        <t c="“">“</t>
        <t c=".">.</t>
    </s>
    <s>
        <t c="—">—</t>
        <t c="Þingmannakosningar">Þingmannakosningar</t>
        <t c="í">í</t>
        <t c="Eyjafirði">Eyjafirði</t>
        <t c=".">.</t>
    </s>
    <s>
        <t c="—">—</t>
        <t c="Vjer">Vér</t>
        <t c="vitum">vitum</t>
        <t c="með">með</t>
        <t c="vissu">vissu</t>
        <t c=",">,</t>
        <t c="að">að</t>
        <t c="ymsir">ýmsir</t>
        <t c="hjer">hér</t>
        <t c="sem">sem</t>
        <t c="eru">eru</t>
        <t c="að">að</t>
        <t c="hugsa">hugsa</t>
        <t c="um">um</t>
        <t c="hverja">hverja</t>
        <t c="vjer">vér</t>
        <t c="Eyfirðingar">Eyfirðingar</t>
        <t c="eigum">eigum</t>
        <t c="að">að</t>
        <t c="senda">senda</t>
        <t c="á">á</t>
        <t c="alþing">alþing</t>
        <t c="hafa">hafa</t>
        <t c="helzt">helst</t>
        <t c="komizt">komist</t>
        <t c="að">að</t>
        <t c="þeirri">þeirri</t>
        <t c="niðurstöðu">niðurstöðu</t>
        <t c=",">,</t>
        <t c="að">að</t>
        <t c="vjer">vér</t>
        <t c="ættum">ættum</t>
        <t c="að">að</t>
        <t c="velja">velja</t>
        <t c="einhverja">einhverja</t>
        <t c="af">af</t>
        <t c="þeim">þeim</t>
        <t c="merkismönnum">merkismönnum</t>
        <t c="utan">utan</t>
        <t c="hjeraðs">héraðs</t>
        <t c=",">,</t>
        <t c="sem">sem</t>
        <t c="fást">fást</t>
        <t c="mundu">mundu</t>
        <t c="til">til</t>
        <t c="að">að</t>
        <t c="gefa">gefa</t>
        <t c="kost">kost</t>
        <t c="á">á</t>
        <t c="sjer">sér</t>
        <t c="hjer">hér</t>
        <t c=".">.</t>
    </s>
    <s>
        <t c="Þetta">Þetta</t>
        <t c="kemur">kemur</t>
        <t c="óefað">óefað</t>
        <t c="af">af</t>
        <t c="því">því</t>
        <t c=",">,</t>
        <t c="að">að</t>
        <t c="menn">menn</t>
        <t c="þykjast">þykjast</t>
        <t c="ekki">ekki</t>
        <t c="geta">geta</t>
        <t c="fundið">fundið</t>
        <t c="menn">menn</t>
        <t c="hjer">hér</t>
        <t c="í">í</t>
        <t c="kjördæminu">kjördæminu</t>
        <t c=",">,</t>
        <t c="sem">sem</t>
        <t c="þeir">þeir</t>
        <t c="geti">geti</t>
        <t c="borið">borið</t>
        <t c="nógu">nógu</t>
        <t c="mikið">mikið</t>
        <t c="traust">traust</t>
        <t c="til">til</t>
        <t c="að">að</t>
        <t c="vera">vera</t>
        <t c="þingmenn">þingmenn</t>
        <t c="sína">sína</t>
        <t c=",">,</t>
        <t c="og">og</t>
        <t c="vilja">vilja</t>
        <t c="því">því</t>
        <t c="fá">fá</t>
        <t c="reynda">reynda</t>
        <t c="utanhjeraðsmenn">utanhéraðsmenn</t>
        <t c="fyrir">fyrir</t>
        <t c="þingmenn">þingmenn</t>
        <t c=",">,</t>
        <t c="annaðhvort">annaðhvort</t>
        <t c="sunnan">sunnan</t>
        <t c="úr">úr</t>
        <t c="Reykjavík">Reykjavík</t>
        <t c="eða">eða</t>
        <t c="austan">austan</t>
        <t c="úr">úr</t>
        <t c="Þingeyjarsýslu">Þingeyjarsýslu</t>
        <t c=".">.</t>
    </s>
    <s>
        <t c="Það">Það</t>
        <t c="er">er</t>
        <t c="ávalt">ávalt</t>
        <t c="lofsvert">lofsvert</t>
        <t c="að">að</t>
        <t c="vilja">vilja</t>
        <t c="vanda">vanda</t>
        <t c="þingkosningar">þingkosningar</t>
        <t c="sem">sem</t>
        <t c="mest">mest</t>
        <t c=",">,</t>
        <t c="en">en</t>
        <t c="ymislegt">ýmislegt</t>
        <t c="þurfum">þurfum</t>
        <t c="vjer">vér</t>
        <t c="þó">þó</t>
        <t c="Eyfirðingar">Eyfirðingar</t>
        <t c="að">að</t>
        <t c="athuga">athuga</t>
        <t c="og">og</t>
        <t c="gefa">gefa</t>
        <t c="gætur">gætur</t>
        <t c="að">að</t>
        <t c=",">,</t>
        <t c="áður">áður</t>
        <t c="enn">enn</t>
        <t c="vjer">vér</t>
        <t c="förum">förum</t>
        <t c="til">til</t>
        <t c="og">og</t>
        <t c="fáum">fáum</t>
        <t c="oss">oss</t>
        <t c="tvo">tvo</t>
        <t c="utanhjeraðs">utanverðs</t>
        <t c="þingmenn">þingmenn</t>
        <t c=".">.</t>
    </s>
    <s>
        <t c="Síðan">Síðan</t>
        <t c="alþingi">alþingi</t>
        <t c="var">var</t>
        <t c="endurreist">endurreist</t>
        <t c="hafa">hafa</t>
        <t c="Eyfirðingar">Eyfirðingar</t>
        <t c="ávalt">ávalt</t>
        <t c="kosið">kosið</t>
        <t c="fyrir">fyrir</t>
        <t c="þingmenn">þingmenn</t>
        <t c="innanhjeraðsmenn">innanhéraðsmenn</t>
        <t c="og">og</t>
        <t c="ávalt">ávalt</t>
        <t c="haft">haft</t>
        <t c="sóma">sóma</t>
        <t c="af">af</t>
        <t c="sínum">sínum</t>
        <t c="þingmönnum">þingmönnum</t>
        <t c=",">,</t>
        <t c="og">og</t>
        <t c="meira">meira</t>
        <t c="að">að</t>
        <t c="segja">segja</t>
        <t c="annað">annað</t>
        <t c="kjördæmi">kjördæmi</t>
        <t c="hefir">hefir</t>
        <t c="haft">haft</t>
        <t c="þingmann">þingmann</t>
        <t c="í">í</t>
        <t c="fleiri">fleiri</t>
        <t c="ár">ár</t>
        <t c=",">,</t>
        <t c="sem">sem</t>
        <t c="teljast">teljast</t>
        <t c="má">má</t>
        <t c="Eyfirðingur">Eyfirðingur</t>
        <t c=".">.</t>
    </s>
    <s>
        <t c="Er">Er</t>
        <t c="hjer">hér</t>
        <t c="því">því</t>
        <t c="auðsæ">auðsæ</t>
        <t c="apturför">afturför</t>
        <t c="í">í</t>
        <t c="kjördæminu">kjördæminu</t>
        <t c="ef">ef</t>
        <t c="ekki">ekki</t>
        <t c="er">er</t>
        <t c="lengur">lengur</t>
        <t c="hægt">hægt</t>
        <t c="að">að</t>
        <t c="fá">fá</t>
        <t c="gott">gott</t>
        <t c="þingmannsefni">þingmannsefni</t>
        <t c="innan">innan</t>
        <t c="hjeraðs">héraðs</t>
        <t c=".">.</t>
    </s>
    <s>
        <t c="Síðan">Síðan</t>
        <t c="alþingi">alþingi</t>
        <t c="var">var</t>
        <t c="endurreist">endurreist</t>
        <t c="hafa">hafa</t>
        <t c="Eyfirðingar">Eyfirðingar</t>
        <t c="stöðugt">stöðugt</t>
        <t c="haft">haft</t>
        <t c="bónda">bónda</t>
        <t c="á">á</t>
        <t c="þingi">þingi</t>
        <t c=",">,</t>
        <t c="fyrst">fyrst</t>
        <t c="lengi">lengi</t>
        <t c="Stefán">Stefán</t>
        <t c="Jónsson">Jónsson</t>
        <t c="og">og</t>
        <t c="síðan">síðan</t>
        <t c="Einar">Einar</t>
        <t c="Ásmundsson">Ásmundsson</t>
        <t c=",">,</t>
        <t c="sem">sem</t>
        <t c="teljast">teljast</t>
        <t c="má">má</t>
        <t c="Eyfirðingur">Eyfirðingur</t>
        <t c="og">og</t>
        <t c="innan">innan</t>
        <t c="hjeraðs">héraðs</t>
        <t c=",">,</t>
        <t c="þó">þó</t>
        <t c="hann">hann</t>
        <t c="eigi">eigi</t>
        <t c="búi">búi</t>
        <t c="í">í</t>
        <t c="kjördæminu">kjördæminu</t>
        <t c=",">,</t>
        <t c="ef">ef</t>
        <t c="það">það</t>
        <t c="yrði">yrði</t>
        <t c="nú">nú</t>
        <t c="ofan">ofan</t>
        <t c="á">á</t>
        <t c="að">að</t>
        <t c="vjer">vér</t>
        <t c="tækjum">tækjum</t>
        <t c="tvo">tvo</t>
        <t c="embættismenn">embættismenn</t>
        <t c="fyrir">fyrir</t>
        <t c="þingmenn">þingmenn</t>
        <t c=",">,</t>
        <t c="mundum">mundum</t>
        <t c="vjer">vér</t>
        <t c="ekki">ekki</t>
        <t c="sýna">sýna</t>
        <t c="bændastjettinni">bændastéttinni</t>
        <t c="jafn">jafn</t>
        <t c="mikið">mikið</t>
        <t c="traust">traust</t>
        <t c="og">og</t>
        <t c="fyrri">fyrri</t>
        <t c=".">.</t>
    </s>
    <s>
        <t c="Þá">Þá</t>
        <t c="þarf">þarf</t>
        <t c="að">að</t>
        <t c="athuga">athuga</t>
        <t c=",">,</t>
        <t c="að">að</t>
        <t c="þegar">þegar</t>
        <t c="þingmaðurinn">þingmaðurinn</t>
        <t c="býr">býr</t>
        <t c="í">í</t>
        <t c="kjördæminu">kjördæminu</t>
        <t c="eða">eða</t>
        <t c="innan">innan</t>
        <t c="hjeraðs">héraðs</t>
        <t c=",">,</t>
        <t c="verður">verður</t>
        <t c="hann">hann</t>
        <t c="hjeraðsmönnum">héraðsmönnum</t>
        <t c="miklu">miklu</t>
        <t c="handgengnari">handgengnari</t>
        <t c=",">,</t>
        <t c="skoðanir">skoðanir</t>
        <t c="hans">hans</t>
        <t c="og">og</t>
        <t c="þeirra">þeirra</t>
        <t c="samrýmast">samrýmast</t>
        <t c="betur">betur</t>
        <t c=".">.</t>
    </s>
    <s>
        <t c="Skoðanir">Skoðanir</t>
        <t c="þingmannsins">þingmannsins</t>
        <t c="hljóta">hljóta</t>
        <t c="að">að</t>
        <t c="lagast">lagast</t>
        <t c="meira">meira</t>
        <t c="og">og</t>
        <t c="minna">minna</t>
        <t c="eptir">eftir</t>
        <t c="skoðunum">skoðunum</t>
        <t c="hjeraðsmanna">héraðsmanna</t>
        <t c=",">,</t>
        <t c="eins">eins</t>
        <t c="og">og</t>
        <t c="skoðanir">skoðanir</t>
        <t c="þeirra">þeirra</t>
        <t c="eptir">eftir</t>
        <t c="hans">hans</t>
        <t c=",">,</t>
        <t c="og">og</t>
        <t c="þingmaðurinn">þingmaðurinn</t>
        <t c="hlýtur">hlýtur</t>
        <t c="að">að</t>
        <t c="þekkja">þekkja</t>
        <t c="betur">betur</t>
        <t c="hugsunarhátt">hugsunarhátt</t>
        <t c=",">,</t>
        <t c="vilja">vilja</t>
        <t c="og">og</t>
        <t c="þarfir">þarfir</t>
        <t c="kjósenda">kjósenda</t>
        <t c="sinna">sinna</t>
        <t c=",">,</t>
        <t c="ef">ef</t>
        <t c="hann">hann</t>
        <t c="býr">býr</t>
        <t c="meðal">meðal</t>
        <t c="þeirra">þeirra</t>
        <t c=",">,</t>
        <t c="enn">enn</t>
        <t c="ef">ef</t>
        <t c="hann">hann</t>
        <t c="er">er</t>
        <t c="langt">langt</t>
        <t c="frá">frá</t>
        <t c="og">og</t>
        <t c="talar">talar</t>
        <t c="mjög">mjög</t>
        <t c="sjaldan">sjaldan</t>
        <t c="við">við</t>
        <t c="þá">þá</t>
        <t c=".">.</t>
    </s>
    <s>
        <t c="Þá">Þá</t>
        <t c="hlýtur">hlýtur</t>
        <t c="það">það</t>
        <t c="að">að</t>
        <t c="vera">vera</t>
        <t c="missir">missir</t>
        <t c="fyrir">fyrir</t>
        <t c="hjeraðið">héraðið</t>
        <t c="að">að</t>
        <t c="alþingismaður">alþingismaður</t>
        <t c="þess">þess</t>
        <t c="sje">sé</t>
        <t c="hjer">hér</t>
        <t c="ekki">ekki</t>
        <t c="búsettur">búsettur</t>
        <t c=",">,</t>
        <t c="þar">þar</t>
        <t c="sem">sem</t>
        <t c="hætt">hætt</t>
        <t c="er">er</t>
        <t c="við">við</t>
        <t c="að">að</t>
        <t c="það">það</t>
        <t c="veiki">veiki</t>
        <t c="traust">traust</t>
        <t c="þings">þings</t>
        <t c="og">og</t>
        <t c="stjórnar">stjórnar</t>
        <t c="á">á</t>
        <t c="því">því</t>
        <t c="kjördæmi">kjördæmi</t>
        <t c=",">,</t>
        <t c="sem">sem</t>
        <t c="engan">engan</t>
        <t c="nýtan">nýtan</t>
        <t c="þingmann">þingmann</t>
        <t c="hefir">hefir</t>
        <t c="lengur">lengur</t>
        <t c="að">að</t>
        <t c="senda">senda</t>
        <t c="nema">nema</t>
        <t c="að">að</t>
        <t c="fá">fá</t>
        <t c="hann">hann</t>
        <t c="utanhjeraðs">utanverðs</t>
        <t c=".">.</t>
    </s>
    <s>
        <t c="Það">Það</t>
        <t c="er">er</t>
        <t c="nú">nú</t>
        <t c="lítill">lítill</t>
        <t c="efi">efi</t>
        <t c="á">á</t>
        <t c="því">því</t>
        <t c="að">að</t>
        <t c="æðimargir">æðimargir</t>
        <t c="af">af</t>
        <t c="hinum">hinum</t>
        <t c="fyrri">fyrri</t>
        <t c="þingmönnum">þingmönnum</t>
        <t c="ganga">ganga</t>
        <t c="úr">úr</t>
        <t c="við">við</t>
        <t c="næstu">næstu</t>
        <t c="kosningar">kosningar</t>
        <t c="og">og</t>
        <t c="því">því</t>
        <t c="er">er</t>
        <t c="ekki">ekki</t>
        <t c="að">að</t>
        <t c="hugsa">hugsa</t>
        <t c="til">til</t>
        <t c="að">að</t>
        <t c="allir">allir</t>
        <t c="þeir">þeir</t>
        <t c="er">er</t>
        <t c="kosnir">kosnir</t>
        <t c="verða">verða</t>
        <t c="næst">næst</t>
        <t c=",">,</t>
        <t c="verði">verði</t>
        <t c="reyndir">reyndir</t>
        <t c="að">að</t>
        <t c="þingmennsku">þingmennsku</t>
        <t c=";">;</t>
        <t c="en">en</t>
        <t c="jeg">ég</t>
        <t c="get">get</t>
        <t c="ekki">ekki</t>
        <t c="ímyndað">ímyndað</t>
        <t c="mjer">mér</t>
        <t c="að">að</t>
        <t c="önnur">önnur</t>
        <t c="kjördæmi">kjördæmi</t>
        <t c="hafi">hafi</t>
        <t c="mikið">mikið</t>
        <t c="betra">betra</t>
        <t c="val">val</t>
        <t c="af">af</t>
        <t c="óreyndum">óreyndum</t>
        <t c="þingmannaefnum">þingmannaefnum</t>
        <t c="enn">enn</t>
        <t c="Eyfirðingar">Eyfirðingar</t>
        <t c=",">,</t>
        <t c="á">á</t>
        <t c="þingmannaefnum">þingmannaefnum</t>
        <t c=",">,</t>
        <t c="sem">sem</t>
        <t c="eru">eru</t>
        <t c="vandaðir">vandaðir</t>
        <t c="menn">menn</t>
        <t c=",">,</t>
        <t c="skynsamir">skynsamir</t>
        <t c=",">,</t>
        <t c="frjálslyndir">frjálslyndir</t>
        <t c=",">,</t>
        <t c="og">og</t>
        <t c="jafn">jafn</t>
        <t c="menntaðir">menntaðir</t>
        <t c="og">og</t>
        <t c="annarsstaðar">annars staðar</t>
        <t c="gerist">gerist</t>
        <t c=",">,</t>
        <t c="og">og</t>
        <t c="sem">sem</t>
        <t c="því">því</t>
        <t c="fljótt">fljótt</t>
        <t c="mundu">mundu</t>
        <t c="geta">geta</t>
        <t c="orðið">orðið</t>
        <t c="nýtir">nýtir</t>
        <t c="þingmenn">þingmenn</t>
        <t c=".">.</t>
    </s>
    <s>
        <t c="Jeg">Ég</t>
        <t c="fyrir">fyrir</t>
        <t c="mitt">mitt</t>
        <t c="leyti">leyti</t>
        <t c="er">er</t>
        <t c="sannfærðar">sannfærðar</t>
        <t c="um">um</t>
        <t c="að">að</t>
        <t c="það">það</t>
        <t c="eru">eru</t>
        <t c="hjer">hér</t>
        <t c="menn">menn</t>
        <t c="bæði">bæði</t>
        <t c="meðal">meðal</t>
        <t c="bænda">bænda</t>
        <t c=",">,</t>
        <t c="verzlunarmanna">verslunarmanna</t>
        <t c="og">og</t>
        <t c="skólagenginna">skólagenginna</t>
        <t c="manna">manna</t>
        <t c=",">,</t>
        <t c="sem">sem</t>
        <t c="vjer">vér</t>
        <t c="getum">getum</t>
        <t c="vel">vel</t>
        <t c="verið">verið</t>
        <t c="þekktir">þekktir</t>
        <t c="fyrir">fyrir</t>
        <t c="að">að</t>
        <t c="senda">senda</t>
        <t c="á">á</t>
        <t c="þing">þing</t>
        <t c=",">,</t>
        <t c="og">og</t>
        <t c="eru">eru</t>
        <t c="allt">allt</t>
        <t c="að">að</t>
        <t c="einu">einu</t>
        <t c="líklegir">líklegir</t>
        <t c="til">til</t>
        <t c="að">að</t>
        <t c="verða">verða</t>
        <t c="nýtir">nýtir</t>
        <t c="þingmenn">þingmenn</t>
        <t c="eins">eins</t>
        <t c="og">og</t>
        <t c="óreynd">óreynd</t>
        <t c="þingmannsefni">þingmannsefni</t>
        <t c="í">í</t>
        <t c="öðrum">öðrum</t>
        <t c="hjeruðum">héruðum</t>
        <t c=",">,</t>
        <t c="sem">sem</t>
        <t c="sjálfsagt">sjálfsagt</t>
        <t c="komast">komast</t>
        <t c="að">að</t>
        <t c=",">,</t>
        <t c="ef">ef</t>
        <t c="vjer">vér</t>
        <t c="tökum">tökum</t>
        <t c="einhverja">einhverja</t>
        <t c="hina">hina</t>
        <t c="núverandi">núverandi</t>
        <t c="þingmenn">þingmenn</t>
        <t c="annara">annara</t>
        <t c="kjördæma">kjördæma</t>
        <t c=".">.</t>
    </s>
    <s>
        <t c="Hvernig">Hvernig</t>
        <t c="mundi">mundi</t>
        <t c="þeim">þeim</t>
        <t c="lítast">lítast</t>
        <t c="á">á</t>
        <t c="Guðmundi">Guðmundi</t>
        <t c="ríka">ríka</t>
        <t c="og">og</t>
        <t c="Einari">Einari</t>
        <t c="Þveræing">Þveræing</t>
        <t c=",">,</t>
        <t c="þessum">þessum</t>
        <t c="Eyfirzku">Eyfirsku</t>
        <t c="þingmönnum">þingmönnum</t>
        <t c="i">í</t>
        <t c="fornöld">fornöld</t>
        <t c="ef">ef</t>
        <t c="þeir">þeir</t>
        <t c="mættu">mættu</t>
        <t c="nú">nú</t>
        <t c="líta">líta</t>
        <t c="upp">upp</t>
        <t c="af">af</t>
        <t c="gröfum">gröfum</t>
        <t c="sínum">sínum</t>
        <t c="og">og</t>
        <t c="sjá">sjá</t>
        <t c="að">að</t>
        <t c="vjer">vér</t>
        <t c="stöndum">stöndum</t>
        <t c="hikandi">hikandi</t>
        <t c="ráðviltir">ráðvilltir</t>
        <t c="yfir">yfir</t>
        <t c="því">því</t>
        <t c=",">,</t>
        <t c="að">að</t>
        <t c="vjer">vér</t>
        <t c="treystum">treystum</t>
        <t c="nú">nú</t>
        <t c="ekki">ekki</t>
        <t c="lengur">lengur</t>
        <t c="nokkrum">nokkrum</t>
        <t c="Eyfirðingi">Eyfirðingi</t>
        <t c="til">til</t>
        <t c="þings">þings</t>
        <t c=".">.</t>
    </s>
    <s>
        <t c="Eða">Eða</t>
        <t c="hvernig">hvernig</t>
        <t c="skyldi">skyldi</t>
        <t c="Stefáni">Stefáni</t>
        <t c="á">á</t>
        <t c="Steinstöðum">Steinsstöðum</t>
        <t c="lítast">lítast</t>
        <t c="á">á</t>
        <t c=",">,</t>
        <t c="ef">ef</t>
        <t c="enginn">enginn</t>
        <t c="Eyfirðingur">Eyfirðingur</t>
        <t c="þætti">þætti</t>
        <t c="nú">nú</t>
        <t c="lengur">lengur</t>
        <t c="hæfur">hæfur</t>
        <t c="til">til</t>
        <t c="að">að</t>
        <t c="mæta">mæta</t>
        <t c="á">á</t>
        <t c="þingi">þingi</t>
        <t c=",">,</t>
        <t c="vissulega">vissulega</t>
        <t c="hefði">hefði</t>
        <t c="hann">hann</t>
        <t c="ástæðu">ástæðu</t>
        <t c="til">til</t>
        <t c="að">að</t>
        <t c="óska">óska</t>
        <t c=",">,</t>
        <t c="að">að</t>
        <t c="hann">hann</t>
        <t c="væri">væri</t>
        <t c="orðinn">orðinn</t>
        <t c="ungur">ungur</t>
        <t c="í">í</t>
        <t c="annað">annað</t>
        <t c="sinn">sinn</t>
        <t c=",">,</t>
        <t c="svo">svo</t>
        <t c="hann">hann</t>
        <t c="gæti">gæti</t>
        <t c="farið">farið</t>
        <t c="fyrir">fyrir</t>
        <t c="oss">oss</t>
        <t c=".">.</t>
    </s>
    <s>
        <t c="En">En</t>
        <t c="jeg">ég</t>
        <t c="trúi">trúi</t>
        <t c="ekki">ekki</t>
        <t c="öðru">öðru</t>
        <t c=",">,</t>
        <t c="enn">enn</t>
        <t c="að">að</t>
        <t c="vjer">vér</t>
        <t c="hljótum">hljótum</t>
        <t c="að">að</t>
        <t c="sjá">sjá</t>
        <t c=",">,</t>
        <t c="þegar">þegar</t>
        <t c="vjer">vér</t>
        <t c="gætum">gætum</t>
        <t c="vel">vel</t>
        <t c="að">að</t>
        <t c=",">,</t>
        <t c="að">að</t>
        <t c="vjer">vér</t>
        <t c="höfum">höfum</t>
        <t c="fullgóð">fullgóð</t>
        <t c="þingmannsefni">þingmannsefni</t>
        <t c="innan">innan</t>
        <t c="hjeraðs">héraðs</t>
        <t c=",">,</t>
        <t c="og">og</t>
        <t c="förum">förum</t>
        <t c="ekki">ekki</t>
        <t c="að">að</t>
        <t c="taka">taka</t>
        <t c="tvo">tvo</t>
        <t c="utanhjeraðsmenn">utanhéraðsmenn</t>
        <t c=",">,</t>
        <t c="fyrir">fyrir</t>
        <t c="eintómt">eintómt</t>
        <t c="vantraust">vantraust</t>
        <t c="á">á</t>
        <t c="vorum">vorum</t>
        <t c="mönnum">mönnum</t>
        <t c=".">.</t>
    </s>
    <s>
        <t c="Mín">Mín</t>
        <t c="skoðun">skoðun</t>
        <t c="er">er</t>
        <t c="því">því</t>
        <t c=",">,</t>
        <t c="að">að</t>
        <t c="vjer">vér</t>
        <t c="höfum">höfum</t>
        <t c="meiri">meiri</t>
        <t c="minnkunn">minnkun</t>
        <t c="en">en</t>
        <t c="heiður">heiður</t>
        <t c="af">af</t>
        <t c="að">að</t>
        <t c="velja">velja</t>
        <t c="báða">báða</t>
        <t c="þingmennina">þingmennina</t>
        <t c="utanhjeraðs">utanverðs</t>
        <t c=",">,</t>
        <t c="þó">þó</t>
        <t c="skyldi">skyldi</t>
        <t c="jeg">ég</t>
        <t c="ekki">ekki</t>
        <t c="fást">fást</t>
        <t c="svo">svo</t>
        <t c="mjög">mjög</t>
        <t c="um">um</t>
        <t c="þó">þó</t>
        <t c="annar">annar</t>
        <t c="væri">væri</t>
        <t c="það">það</t>
        <t c=",">,</t>
        <t c="ef">ef</t>
        <t c="alls">alls</t>
        <t c="ekki">ekki</t>
        <t c="þætti">þætti</t>
        <t c="tiltækilegt">tiltækilegt</t>
        <t c="að">að</t>
        <t c="velja">velja</t>
        <t c="tvo">tvo</t>
        <t c="innanhjeraðs">innanverðs</t>
        <t c="menn">menn</t>
        <t c=".">.</t>
    </s>
    <s>
        <t c="Jeg">Ég</t>
        <t c="gæti">gæti</t>
        <t c="vel">vel</t>
        <t c="nefnt">nefnt</t>
        <t c="fleiri">fleiri</t>
        <t c="enn">enn</t>
        <t c="einn">einn</t>
        <t c="mann">mann</t>
        <t c="hjer">hér</t>
        <t c="í">í</t>
        <t c="sýslu">sýslu</t>
        <t c="sem">sem</t>
        <t c="mjer">mér</t>
        <t c="þætti">þætti</t>
        <t c="líklegur">líklegur</t>
        <t c="til">til</t>
        <t c="þingmennsku">þingmennsku</t>
        <t c=",">,</t>
        <t c="en">en</t>
        <t c="jeg">ég</t>
        <t c="sleppi">sleppi</t>
        <t c="því">því</t>
        <t c="þó">þó</t>
        <t c="að">að</t>
        <t c="þessu">þessu</t>
        <t c="sinni">sinni</t>
        <t c=".">.</t>
    </s>
    <s>
        <t c="Þann">Þann</t>
        <t c="eða">eða</t>
        <t c="þá">þá</t>
        <t c="af">af</t>
        <t c="innanhjeraðs">innanverðs</t>
        <t c="mönnum">mönnum</t>
        <t c=",">,</t>
        <t c="sem">sem</t>
        <t c="vjer">vér</t>
        <t c="helzt">helst</t>
        <t c="kynnum">kynnum</t>
        <t c="að">að</t>
        <t c="vilja">vilja</t>
        <t c="taka">taka</t>
        <t c="fyrir">fyrir</t>
        <t c="þingmenn">þingmenn</t>
        <t c=",">,</t>
        <t c="verðum">verðum</t>
        <t c="vjer">vér</t>
        <t c="að">að</t>
        <t c="hvetja">hvetja</t>
        <t c="til">til</t>
        <t c="að">að</t>
        <t c="bjóða">bjóða</t>
        <t c="sig">sig</t>
        <t c="fram">fram</t>
        <t c="því">því</t>
        <t c="ekki">ekki</t>
        <t c="er">er</t>
        <t c="víst">víst</t>
        <t c="að">að</t>
        <t c="þeir">þeir</t>
        <t c="geri">geri</t>
        <t c="það">það</t>
        <t c="óhvattir">hvattir</t>
        <t c=".">.</t>
    </s>
    <s>
        <t c="Til">Til</t>
        <t c="alþýðumanns">alþýðumanns</t>
        <t c="í">í</t>
        <t c="Eyjafirði">Eyjafirði</t>
        <t c="—">—</t>
        <t c="—">—</t>
        <t c="Brjefi">Bréfi</t>
        <t c="þínu">þínu</t>
        <t c="í">í</t>
        <t c="175.">175.</t>
        <t c="bl.">bl.</t>
        <t c="„">„</t>
        <t c="Fróða">Fróða</t>
        <t c="“">“</t>
        <t c="er">er</t>
        <t c="jeg">ég</t>
        <t c="í">í</t>
        <t c="mörgu">mörgu</t>
        <t c="samdóma">samdóma</t>
        <t c=",">,</t>
        <t c="meðal">meðal</t>
        <t c="annars">annars</t>
        <t c="í">í</t>
        <t c="því">því</t>
        <t c="að">að</t>
        <t c="mjer">mér</t>
        <t c="þótti">þótti</t>
        <t c="kynlegt">kynlegt</t>
        <t c=",">,</t>
        <t c="að">að</t>
        <t c="Þingvallafundur">Þingvallafundur</t>
        <t c="og">og</t>
        <t c="alþingi">alþingi</t>
        <t c="í">í</t>
        <t c="sumar">sumar</t>
        <t c="breytti">breytti</t>
        <t c="svo">svo</t>
        <t c="mjög">mjög</t>
        <t c="frá">frá</t>
        <t c="frumvarpi">frumvarpi</t>
        <t c="neðri">neðri</t>
        <t c="deildarinnar">deildarinnar</t>
        <t c="1883">1883</t>
        <t c="og">og</t>
        <t c="tillögunum">tillögunum</t>
        <t c="um">um</t>
        <t c="að">að</t>
        <t c="eins">eins</t>
        <t c="tvo">tvo</t>
        <t c="ráðgjafa">ráðgjafa</t>
        <t c="fyrir">fyrir</t>
        <t c="landið">landið</t>
        <t c="og">og</t>
        <t c="það">það</t>
        <t c="án">án</t>
        <t c="þess">þess</t>
        <t c="að">að</t>
        <t c="því">því</t>
        <t c="væri">væri</t>
        <t c="hreyft">hreyft</t>
        <t c="áður">áður</t>
        <t c="í">í</t>
        <t c="ritum">ritum</t>
        <t c="eða">eða</t>
        <t c="ræðum">ræðum</t>
        <t c=".">.</t>
    </s>
    <s>
        <t c="En">En</t>
        <t c="Benedikt">Benedikt</t>
        <t c="Sveinsson">Sveinsson</t>
        <t c="hefir">hefir</t>
        <t c="við">við</t>
        <t c="fyrstu">fyrstu</t>
        <t c="umræðu">umræðu</t>
        <t c="málsins">málsins</t>
        <t c="í">í</t>
        <t c="neðri">neðri</t>
        <t c="deild">deild</t>
        <t c=",">,</t>
        <t c="að">að</t>
        <t c="minnsta">minnsta</t>
        <t c="kosti">kosti</t>
        <t c="leitast">leitast</t>
        <t c="við">við</t>
        <t c="að">að</t>
        <t c="gera">gera</t>
        <t c="grein">grein</t>
        <t c="fyrir">fyrir</t>
        <t c="hvernig">hvernig</t>
        <t c="á">á</t>
        <t c="því">því</t>
        <t c="stóð">stóð</t>
        <t c=",">,</t>
        <t c="að">að</t>
        <t c="flutningsmenn">flutningsmenn</t>
        <t c="málsins">málsins</t>
        <t c="og">og</t>
        <t c="nefndarmenn">nefndarmenn</t>
        <t c="í">í</t>
        <t c="deildinni">deildinni</t>
        <t c="tóku">tóku</t>
        <t c="upp">upp</t>
        <t c="í">í</t>
        <t c="sumar">sumar</t>
        <t c="allt">allt</t>
        <t c="annað">annað</t>
        <t c="frumvarp">frumvarp</t>
        <t c="en">en</t>
        <t c="1883">1883</t>
        <t c=",">,</t>
        <t c="og">og</t>
        <t c="skal">skal</t>
        <t c="jeg">ég</t>
        <t c="því">því</t>
        <t c="láta">láta</t>
        <t c="mjer">mér</t>
        <t c="nægja">nægja</t>
        <t c="að">að</t>
        <t c="vísa">vísa</t>
        <t c="þjer">þér</t>
        <t c="og">og</t>
        <t c="þeim">þeim</t>
        <t c=",">,</t>
        <t c="sem">sem</t>
        <t c="ekki">ekki</t>
        <t c="skilja">skilja</t>
        <t c="í">í</t>
        <t c="þessu">þessu</t>
        <t c="til">til</t>
        <t c="ræðna">ræðna</t>
        <t c="hans">hans</t>
        <t c="þar">þar</t>
        <t c=".">.</t>
    </s>
    <s>
        <t c="Aptur">Aftur</t>
        <t c="get">get</t>
        <t c="jeg">ég</t>
        <t c="ekki">ekki</t>
        <t c="verið">verið</t>
        <t c="þjer">þér</t>
        <t c="samdóma">samdóma</t>
        <t c="um">um</t>
        <t c=",">,</t>
        <t c="að">að</t>
        <t c="aukaþingið">aukaþingið</t>
        <t c="eigi">eigi</t>
        <t c="að">að</t>
        <t c="breyta">breyta</t>
        <t c="stjórnarskráarfrumvarpinu">stjórnarskrárfrumvarpinu</t>
        <t c=",">,</t>
        <t c="og">og</t>
        <t c="allra">allra</t>
        <t c="sízt">síst</t>
        <t c="nú">nú</t>
        <t c=",">,</t>
        <t c="þegar">þegar</t>
        <t c="nokkurn">nokkurn</t>
        <t c="veginn">veginn</t>
        <t c="er">er</t>
        <t c="fengin">fengin</t>
        <t c="full">full</t>
        <t c="vissa">vissa</t>
        <t c="um">um</t>
        <t c="það">það</t>
        <t c=",">,</t>
        <t c="að">að</t>
        <t c="sú">sú</t>
        <t c="stjórn">stjórn</t>
        <t c="sem">sem</t>
        <t c="situr">situr</t>
        <t c="að">að</t>
        <t c="völdum">völdum</t>
        <t c="í">í</t>
        <t c="Kaupmannahöfn">Kaupmannahöfn</t>
        <t c="vill">vill</t>
        <t c="ekki">ekki</t>
        <t c="eða">eða</t>
        <t c="ætlar">ætlar</t>
        <t c="ekki">ekki</t>
        <t c="að">að</t>
        <t c="samþykkja">samþykkja</t>
        <t c="nokkrar">nokkrar</t>
        <t c="breytingar">breytingar</t>
        <t c="á">á</t>
        <t c="stjórnarskránni">stjórnarskránni</t>
        <t c=".">.</t>
    </s>
    <s>
        <t c="Jeg">Ég</t>
        <t c="skal">skal</t>
        <t c="kannast">kannast</t>
        <t c="við">við</t>
        <t c=",">,</t>
        <t c="að">að</t>
        <t c="jeg">ég</t>
        <t c="hefði">hefði</t>
        <t c="viljað">viljað</t>
        <t c="mæla">mæla</t>
        <t c="með">með</t>
        <t c="að">að</t>
        <t c="frumvarpinu">frumvarpinu</t>
        <t c="hefði">hefði</t>
        <t c="verið">verið</t>
        <t c="breytt">breytt</t>
        <t c="í">í</t>
        <t c="svipaða">svipaða</t>
        <t c="stefnu">stefnu</t>
        <t c="og">og</t>
        <t c="frumvarp">frumvarp</t>
        <t c="neðri">neðri</t>
        <t c="deildar">deildar</t>
        <t c="var">var</t>
        <t c="1883">1883</t>
        <t c=",">,</t>
        <t c="ef">ef</t>
        <t c="vissa">vissa</t>
        <t c="hefði">hefði</t>
        <t c="fengist">fengist</t>
        <t c="fyrir">fyrir</t>
        <t c="því">því</t>
        <t c=",">,</t>
        <t c="að">að</t>
        <t c="það">það</t>
        <t c="frumvarp">frumvarp</t>
        <t c="hefði">hefði</t>
        <t c="náð">náð</t>
        <t c="staðfestingu">staðfestingu</t>
        <t c=";">;</t>
        <t c="en">en</t>
        <t c="nú">nú</t>
        <t c="er">er</t>
        <t c="ekki">ekki</t>
        <t c="um">um</t>
        <t c="slíkt">slíkt</t>
        <t c="að">að</t>
        <t c="ræða">ræða</t>
        <t c=",">,</t>
        <t c="og">og</t>
        <t c="er">er</t>
        <t c="jeg">ég</t>
        <t c="því">því</t>
        <t c="orðinn">orðinn</t>
        <t c="allri">allri</t>
        <t c="breytingu">breytingu</t>
        <t c="fráhverfur">fráhverfur</t>
        <t c=".">.</t>
    </s>
    <s>
        <t c="Jeg">Ég</t>
        <t c="var">var</t>
        <t c="einn">einn</t>
        <t c="af">af</t>
        <t c="hvatamönnum">hvatamönnum</t>
        <t c="þess">þess</t>
        <t c=",">,</t>
        <t c="að">að</t>
        <t c="menn">menn</t>
        <t c="voru">voru</t>
        <t c="sendir">sendir</t>
        <t c="á">á</t>
        <t c="Þingvallafund">Þingvallafund</t>
        <t c="í">í</t>
        <t c="fyrra">fyrra</t>
        <t c="til">til</t>
        <t c="að">að</t>
        <t c="ræða">ræða</t>
        <t c="um">um</t>
        <t c="stjórnarmál">stjórnarmál</t>
        <t c=",">,</t>
        <t c="og">og</t>
        <t c="má">má</t>
        <t c="því">því</t>
        <t c="álíta">álíta</t>
        <t c="mig">mig</t>
        <t c="einn">einn</t>
        <t c="af">af</t>
        <t c="stjórnarskráarbreytingamönnum">stjórnarskráarbreytingamönnum</t>
        <t c=",">,</t>
        <t c="og">og</t>
        <t c="þó">þó</t>
        <t c="jeg">ég</t>
        <t c="sje">sé</t>
        <t c="eins">eins</t>
        <t c="og">og</t>
        <t c="þú">þú</t>
        <t c="veizt">veist</t>
        <t c=",">,</t>
        <t c="ekki">ekki</t>
        <t c="vel">vel</t>
        <t c="ánægður">ánægður</t>
        <t c="með">með</t>
        <t c="landstjóra">landstjóra</t>
        <t c="fyrirkomulagið">fyrirkomulagið</t>
        <t c=",">,</t>
        <t c="hlýt">hlýt</t>
        <t c="jeg">ég</t>
        <t c="og">og</t>
        <t c="aðrir">aðrir</t>
        <t c=",">,</t>
        <t c="sem">sem</t>
        <t c="stjórnarskráarbreytingunni">stjórnarskrárbreytingunni</t>
        <t c="eru">eru</t>
        <t c="hlyntir">hlynntir</t>
        <t c=",">,</t>
        <t c="að">að</t>
        <t c="gæta">gæta</t>
        <t c="þessa">þessa</t>
        <t c=",">,</t>
        <t c="að">að</t>
        <t c="naumast">naumast</t>
        <t c="varð">varð</t>
        <t c="til">til</t>
        <t c="þess">þess</t>
        <t c="ætlast">ætlast</t>
        <t c="af">af</t>
        <t c="þinginu">þinginu</t>
        <t c=",">,</t>
        <t c="að">að</t>
        <t c="það">það</t>
        <t c="semdi">semdi</t>
        <t c="það">það</t>
        <t c="frumvarp">frumvarp</t>
        <t c=",">,</t>
        <t c="sem">sem</t>
        <t c="öllum">öllum</t>
        <t c="þeim">þeim</t>
        <t c="líkaði">líkaði</t>
        <t c="sem">sem</t>
        <t c="þó">þó</t>
        <t c="óskuðu">óskuðu</t>
        <t c="eptir">eftir</t>
        <t c="breytingu">breytingu</t>
        <t c=".">.</t>
    </s>
    <s>
        <t c="Það">Það</t>
        <t c="er">er</t>
        <t c="eitt">eitt</t>
        <t c="höfuðatriði">höfuðatriði</t>
        <t c=",">,</t>
        <t c="sem">sem</t>
        <t c="allir">allir</t>
        <t c="breytingamenn">beitingamenn</t>
        <t c="leggja">leggja</t>
        <t c="aðaláherzluna">aðaláhersluna</t>
        <t c="á">á</t>
        <t c=",">,</t>
        <t c="og">og</t>
        <t c="það">það</t>
        <t c="er">er</t>
        <t c=",">,</t>
        <t c="að">að</t>
        <t c="stjórn">stjórn</t>
        <t c="landsins">landsins</t>
        <t c="sjerstöku">sérstöku</t>
        <t c="mála">mála</t>
        <t c="sje">sé</t>
        <t c="sem">sem</t>
        <t c="mest">mest</t>
        <t c="má">má</t>
        <t c="verða">verða</t>
        <t c="í">í</t>
        <t c="landinu">landinu</t>
        <t c="sjálfu">sjálfu</t>
        <t c=",">,</t>
        <t c="en">en</t>
        <t c="því">því</t>
        <t c="má">má</t>
        <t c="einmitt">einmitt</t>
        <t c="koma">koma</t>
        <t c="fyrir">fyrir</t>
        <t c="á">á</t>
        <t c="fleiri">fleiri</t>
        <t c="enn">enn</t>
        <t c="einn">einn</t>
        <t c="veg">veg</t>
        <t c=",">,</t>
        <t c="og">og</t>
        <t c="er">er</t>
        <t c="því">því</t>
        <t c="ei">ei</t>
        <t c="að">að</t>
        <t c="undra">undra</t>
        <t c="að">að</t>
        <t c="breytingamenn">beitingamenn</t>
        <t c="geti">geti</t>
        <t c="greint">greint</t>
        <t c="á">á</t>
        <t c="innbyrðis">innbyrðis</t>
        <t c=".">.</t>
    </s>
    <s>
        <t c="En">En</t>
        <t c="þegar">þegar</t>
        <t c="um">um</t>
        <t c="alvarlegt">alvarlegt</t>
        <t c="efni">efni</t>
        <t c="er">er</t>
        <t c="að">að</t>
        <t c="ræða">ræða</t>
        <t c=",">,</t>
        <t c="má">má</t>
        <t c="enginn">enginn</t>
        <t c="smá">smá</t>
        <t c="ágreiningur">ágreiningur</t>
        <t c="valda">valda</t>
        <t c="flokkadráttum">flokkadráttum</t>
        <t c="það">það</t>
        <t c="er">er</t>
        <t c="að">að</t>
        <t c="segja">segja</t>
        <t c="þeim">þeim</t>
        <t c="flokkadráttum">flokkadráttum</t>
        <t c="er">er</t>
        <t c="spillt">spillt</t>
        <t c="geta">geta</t>
        <t c="fyrir">fyrir</t>
        <t c="málefninu">málefninu</t>
        <t c=",">,</t>
        <t c="ef">ef</t>
        <t c="mönnum">mönnum</t>
        <t c="kemur">kemur</t>
        <t c="saman">saman</t>
        <t c="í">í</t>
        <t c="höfuðatriðinu">höfuðatriðinu</t>
        <t c=",">,</t>
        <t c="og">og</t>
        <t c="engin">engin</t>
        <t c="mun">mun</t>
        <t c="neita">neita</t>
        <t c="að">að</t>
        <t c="frumvarp">frumvarp</t>
        <t c="síðasta">síðasta</t>
        <t c="þings">þings</t>
        <t c="fer">fer</t>
        <t c="svo">svo</t>
        <t c="langt">langt</t>
        <t c="í">í</t>
        <t c="þessu">þessu</t>
        <t c="höfuðatriði">höfuðatriði</t>
        <t c=",">,</t>
        <t c="eða">eða</t>
        <t c="jafnvel">jafnvel</t>
        <t c="lengra">lengra</t>
        <t c=",">,</t>
        <t c="en">en</t>
        <t c="nokkur">nokkur</t>
        <t c="átti">átti</t>
        <t c="von">von</t>
        <t c="á">á</t>
        <t c=",">,</t>
        <t c="að">að</t>
        <t c="því">því</t>
        <t c="einu">einu</t>
        <t c="undan">undan</t>
        <t c="skildu">skildu</t>
        <t c=",">,</t>
        <t c="að">að</t>
        <t c="takmörkuðu">takmörkuðu</t>
        <t c="lagasynjunarvaldi">lagasynjunarvaldi</t>
        <t c="konungs">konungs</t>
        <t c="er">er</t>
        <t c="sleppt">sleppt</t>
        <t c="í">í</t>
        <t c="því">því</t>
        <t c=".">.</t>
    </s>
    <s>
        <t c="Ættu">Ættu</t>
        <t c="því">því</t>
        <t c="allir">allir</t>
        <t c="breytingamenn">beitingamenn</t>
        <t c="að">að</t>
        <t c="fylgja">fylgja</t>
        <t c="því">því</t>
        <t c="hiklaust">hiklaust</t>
        <t c="og">og</t>
        <t c="krókalaust">krókalaust</t>
        <t c="alla">alla</t>
        <t c="leið">leið</t>
        <t c="til">til</t>
        <t c="aftökustaðarins">aftökustaðarins</t>
        <t c=",">,</t>
    </s>
    <s>
        <t c="og">og</t>
        <t c="sýna">sýna</t>
        <t c=",">,</t>
        <t c="að">að</t>
        <t c="það">það</t>
        <t c="sje">sé</t>
        <t c="eindreginn">eindreginn</t>
        <t c="vilji">vilji</t>
        <t c="sinn">sinn</t>
        <t c="(">(</t>
        <t c="það">það</t>
        <t c="er">er</t>
        <t c="að">að</t>
        <t c="segja">segja</t>
        <t c=",">,</t>
        <t c="sje">sé</t>
        <t c="svo">svo</t>
        <t c=")">)</t>
        <t c=",">,</t>
        <t c="að">að</t>
        <t c="sú">sú</t>
        <t c="stjórnarskipun">stjórnarskipun</t>
        <t c="verði">verði</t>
        <t c="lögleidd">lögleidd</t>
        <t c="og">og</t>
        <t c="viðhöfð">viðhöfð</t>
        <t c="á">á</t>
        <t c="landi">landi</t>
        <t c="hjer">hér</t>
        <t c=",">,</t>
        <t c="að">að</t>
        <t c="vor">vor</t>
        <t c="sjerstöku">sérstöku</t>
        <t c="mál">mál</t>
        <t c="sjeu">séu</t>
        <t c="sem">sem</t>
        <t c="flest">flest</t>
        <t c="til">til</t>
        <t c="lykta">lykta</t>
        <t c="leidd">leidd</t>
        <t c="í">í</t>
        <t c="landinu">landinu</t>
        <t c="sjálfu">sjálfu</t>
        <t c=".">.</t>
    </s>
    <s>
        <t c="Verði">Verði</t>
        <t c="frumvarpið">frumvarpið</t>
        <t c="síðan">síðan</t>
        <t c="ekki">ekki</t>
        <t c="að">að</t>
        <t c="lögum">lögum</t>
        <t c=",">,</t>
        <t c="eða">eða</t>
        <t c="nokkuð">nokkuð</t>
        <t c="annað">annað</t>
        <t c="frumvarp">frumvarp</t>
        <t c="því">því</t>
        <t c="svipað">svipað</t>
        <t c="borið">borið</t>
        <t c="upp">upp</t>
        <t c="af">af</t>
        <t c="stjórninni">stjórninni</t>
        <t c=",">,</t>
        <t c="er">er</t>
        <t c="það">það</t>
        <t c="ekki">ekki</t>
        <t c="sök">sök</t>
        <t c="hinnar">hinnar</t>
        <t c="íslenzku">íslensku</t>
        <t c="þjóðar">þjóðar</t>
        <t c="ef">ef</t>
        <t c="hún">hún</t>
        <t c="hefir">hefir</t>
        <t c="skýrt">skýrt</t>
        <t c="og">og</t>
        <t c="afdráttarlaust">afdráttarlaust</t>
        <t c="látið">látið</t>
        <t c="í">í</t>
        <t c="ljós">ljós</t>
        <t c="vilja">vilja</t>
        <t c="sinn">sinn</t>
        <t c="í">í</t>
        <t c="þessu">þessu</t>
        <t c="máli">máli</t>
        <t c="gegnum">gegnum</t>
        <t c="þingmannakosningarnar">þingmannakosningarnar</t>
        <t c=",">,</t>
        <t c="og">og</t>
        <t c="haldið">haldið</t>
        <t c="frumvarpinu">frumvarpinu</t>
        <t c="fram">fram</t>
        <t c="með">með</t>
        <t c="fullri">fullri</t>
        <t c="einurð">einurð</t>
        <t c="þing">þing</t>
        <t c="eptir">eftir</t>
        <t c="þing">þing</t>
        <t c=",">,</t>
        <t c="þar">þar</t>
        <t c="til">til</t>
        <t c="það">það</t>
        <t c="annað">annað</t>
        <t c="hvort">hvort</t>
        <t c="verður">verður</t>
        <t c="staðfest">staðfest</t>
        <t c="eða">eða</t>
        <t c="því">því</t>
        <t c="synjað">synjað</t>
        <t c=".">.</t>
    </s>
    <s>
        <t c="Þar">Þar</t>
        <t c="á">á</t>
        <t c="eptir">eftir</t>
        <t c="þarf">þarf</t>
        <t c="ekki">ekki</t>
        <t c="lengur">lengur</t>
        <t c="að">að</t>
        <t c="vera">vera</t>
        <t c="að">að</t>
        <t c="rita">rita</t>
        <t c="og">og</t>
        <t c="ræða">ræða</t>
        <t c="um">um</t>
        <t c="stjórnarskráarbreyting">stjórnarskrárbreyting</t>
        <t c="meðan">meðan</t>
        <t c="sú">sú</t>
        <t c="stjórn">stjórn</t>
        <t c="situr">situr</t>
        <t c="að">að</t>
        <t c="völdum">völdum</t>
        <t c=",">,</t>
        <t c="sem">sem</t>
        <t c="nú">nú</t>
        <t c="er">er</t>
        <t c=",">,</t>
        <t c="og">og</t>
        <t c="þá">þá</t>
        <t c="getur">getur</t>
        <t c="alþingi">alþingi</t>
        <t c="eins">eins</t>
        <t c="og">og</t>
        <t c="því">því</t>
        <t c="bezt">best</t>
        <t c="þykir">þykir</t>
        <t c="við">við</t>
        <t c="eiga">eiga</t>
        <t c=",">,</t>
        <t c="hagað">hagað</t>
        <t c="samvinnunni">samvinnunni</t>
        <t c="við">við</t>
        <t c="þá">þá</t>
        <t c="stjórn">stjórn</t>
        <t c=",">,</t>
        <t c="sem">sem</t>
        <t c="hefir">hefir</t>
        <t c="neitað">neitað</t>
        <t c="því">því</t>
        <t c="um">um</t>
        <t c="allar">allar</t>
        <t c="breytingar">breytingar</t>
        <t c="á">á</t>
        <t c="stjórnarskránni">stjórnarskránni</t>
        <t c=",">,</t>
        <t c="eptir">eftir</t>
        <t c="því">því</t>
        <t c="sem">sem</t>
        <t c="hún">hún</t>
        <t c="þá">þá</t>
        <t c="framfylgir">framfylgir</t>
        <t c="þeirri">þeirri</t>
        <t c="stjórnarskrá">stjórnarskrá</t>
        <t c="sem">sem</t>
        <t c="vjer">vér</t>
        <t c="nú">nú</t>
        <t c="höfum">höfum</t>
        <t c=".">.</t>
    </s>
    <s>
        <t c="Það">Það</t>
        <t c="mun">mun</t>
        <t c="fæstum">fæstum</t>
        <t c="af">af</t>
        <t c="breytingamönnum">beitingamönnum</t>
        <t c="hafa">hafa</t>
        <t c="komið">komið</t>
        <t c="á">á</t>
        <t c="óvart">óvart</t>
        <t c="það">það</t>
        <t c="útlit">útlit</t>
        <t c="sem">sem</t>
        <t c="nú">nú</t>
        <t c="er">er</t>
        <t c="til">til</t>
        <t c="að">að</t>
        <t c="frumvarpið">frumvarpið</t>
        <t c="nái">nái</t>
        <t c="ekki">ekki</t>
        <t c="staðfestingu">staðfestingu</t>
        <t c=",">,</t>
        <t c="jafnvel">jafnvel</t>
        <t c="þó">þó</t>
        <t c="aukaþingið">aukaþingið</t>
        <t c="staðfesti">staðfesti</t>
        <t c="það">það</t>
        <t c=",">,</t>
        <t c="en">en</t>
        <t c="þeir">þeir</t>
        <t c="vildu">vildu</t>
        <t c="að">að</t>
        <t c="eins">eins</t>
        <t c=",">,</t>
        <t c="að">að</t>
        <t c="Íslendingar">Íslendingar</t>
        <t c="ljetu">létu</t>
        <t c="skýlaust">skýlaust</t>
        <t c="í">í</t>
        <t c="ljós">ljós</t>
        <t c="vilja">vilja</t>
        <t c="sinn">sinn</t>
        <t c="í">í</t>
        <t c="þessu">þessu</t>
        <t c="máli">máli</t>
        <t c="og">og</t>
        <t c="gerðu">gerðu</t>
        <t c="það">það</t>
        <t c="sem">sem</t>
        <t c="með">með</t>
        <t c="sanngirni">sanngirni</t>
        <t c="verður">verður</t>
        <t c="af">af</t>
        <t c="þeim">þeim</t>
        <t c="krafizt">krafist</t>
        <t c="til">til</t>
        <t c="þess">þess</t>
        <t c="að">að</t>
        <t c="fá">fá</t>
        <t c="hagfeldari">hagfelldari</t>
        <t c="stjórnarskipun">stjórnarskipun</t>
        <t c=",">,</t>
        <t c="og">og</t>
        <t c="sýndu">sýndu</t>
        <t c="enn">enn</t>
        <t c="einu">einu</t>
        <t c="sinni">sinni</t>
        <t c="skýrt">skýrt</t>
        <t c="og">og</t>
        <t c="sköruglega">sköruglega</t>
        <t c="hverskonar">hverskonar</t>
        <t c="stjórnarskipun">stjórnarskipun</t>
        <t c="þeir">þeir</t>
        <t c="vildu">vildu</t>
        <t c=".">.</t>
    </s>
    <s>
        <t c="Þó">Þó</t>
        <t c="þetta">þetta</t>
        <t c="komi">komi</t>
        <t c="oss">oss</t>
        <t c="aldrei">aldrei</t>
        <t c="að">að</t>
        <t c="gagni">gagni</t>
        <t c="að">að</t>
        <t c="þessu">þessu</t>
        <t c="sinni">sinni</t>
        <t c=",">,</t>
        <t c="sökum">sökum</t>
        <t c="einræðis">einræðis</t>
        <t c="stjórnarinnar">stjórnarinnar</t>
        <t c=",">,</t>
        <t c="má">má</t>
        <t c="vera">vera</t>
        <t c=",">,</t>
        <t c="að">að</t>
        <t c="það">það</t>
        <t c="síðar">síðar</t>
        <t c="meir">meir</t>
        <t c="geti">geti</t>
        <t c="orðið">orðið</t>
        <t c="til">til</t>
        <t c="að">að</t>
        <t c="greiða">greiða</t>
        <t c="fyrir">fyrir</t>
        <t c="breytingum">breytingum</t>
        <t c="á">á</t>
        <t c="stjórn">stjórn</t>
        <t c="landsins">landsins</t>
        <t c=",">,</t>
        <t c="eða">eða</t>
        <t c="að">að</t>
        <t c="minnsta">minnsta</t>
        <t c="kosti">kosti</t>
        <t c="stuðlað">stuðlað</t>
        <t c="til">til</t>
        <t c="þess">þess</t>
        <t c=",">,</t>
        <t c="að">að</t>
        <t c="hún">hún</t>
        <t c="yrði">yrði</t>
        <t c="gerð">gerð</t>
        <t c="meira">meira</t>
        <t c="innlend">innlend</t>
        <t c="en">en</t>
        <t c="nú">nú</t>
        <t c="er">er</t>
        <t c=",">,</t>
        <t c="sem">sem</t>
        <t c="óefað">óefað</t>
        <t c="má">má</t>
        <t c="gera">gera</t>
        <t c=",">,</t>
        <t c="án">án</t>
        <t c="stjórnarskráarbreytingar">stjórnarskrárbreytingar</t>
        <t c=".">.</t>
    </s>
    <s>
        <t c="—">—</t>
        <t c="Þetta">Þetta</t>
        <t c="atriði">atriði</t>
        <t c=",">,</t>
        <t c="að">að</t>
        <t c="það">það</t>
        <t c="megi">megi</t>
        <t c="gera">gera</t>
        <t c="stjórn">stjórn</t>
        <t c="landsins">landsins</t>
        <t c="meira">meira</t>
        <t c="innlenda">innlenda</t>
        <t c="án">án</t>
        <t c="stjórnarskráarbreytingar">stjórnarskrárbreytingar</t>
        <t c=",">,</t>
        <t c="er">er</t>
        <t c="það">það</t>
        <t c=",">,</t>
        <t c="sem">sem</t>
        <t c="sumir">sumir</t>
        <t c="færa">færa</t>
        <t c="fram">fram</t>
        <t c="til">til</t>
        <t c="að">að</t>
        <t c="sýna">sýna</t>
        <t c=",">,</t>
        <t c="að">að</t>
        <t c="breytingin">breytingin</t>
        <t c="sje">sé</t>
        <t c="ekki">ekki</t>
        <t c="nauðsynleg">nauðsynleg</t>
        <t c=".">.</t>
    </s>
    <s>
        <t c="Satt">Satt</t>
        <t c="mun">mun</t>
        <t c="það">það</t>
        <t c="vera">vera</t>
        <t c=",">,</t>
        <t c="að">að</t>
        <t c="stjórnin">stjórnin</t>
        <t c="getur">getur</t>
        <t c="gefið">gefið</t>
        <t c="landshöfðingja">landshöfðingja</t>
        <t c="ráðherra">ráðherra</t>
        <t c="vald">vald</t>
        <t c=",">,</t>
        <t c="og">og</t>
        <t c="sett">sett</t>
        <t c="hjer">hér</t>
        <t c="ráðherra">ráðherra</t>
        <t c=",">,</t>
        <t c="sjerstaklega">sérstaklega</t>
        <t c="fyrir">fyrir</t>
        <t c="landið">landið</t>
        <t c=",">,</t>
        <t c="er">er</t>
        <t c="beri">beri</t>
        <t c="ábyrgð">ábyrgð</t>
        <t c=",">,</t>
        <t c="o.">o.</t>
        <t c="fl.">fl.</t>
        <t c=",">,</t>
        <t c="og">og</t>
        <t c="ef">ef</t>
        <t c="þetta">þetta</t>
        <t c="yrði">yrði</t>
        <t c=",">,</t>
        <t c="mundu">mundu</t>
        <t c="margir">margir</t>
        <t c="verða">verða</t>
        <t c="ánægðir">ánægðir</t>
        <t c="sem">sem</t>
        <t c="nú">nú</t>
        <t c="eru">eru</t>
        <t c="óánægðir">óánægðir</t>
        <t c=",">,</t>
        <t c="en">en</t>
        <t c="þar">þar</t>
        <t c="sem">sem</t>
        <t c="ekki">ekki</t>
        <t c="eru">eru</t>
        <t c="skýlausar">skýlausar</t>
        <t c="ákvarðanir">ákvarðanir</t>
        <t c="fyrir">fyrir</t>
        <t c="því">því</t>
        <t c="í">í</t>
        <t c="stjórnarskránni">stjórnarskránni</t>
        <t c=",">,</t>
        <t c="að">að</t>
        <t c="þetta">þetta</t>
        <t c="skuli">skuli</t>
        <t c="þannig">þannig</t>
        <t c="vera">vera</t>
        <t c="getur">getur</t>
        <t c="hver">hver</t>
        <t c="stjórn">stjórn</t>
        <t c="sem">sem</t>
        <t c="er">er</t>
        <t c=",">,</t>
        <t c="breytt">breytt</t>
        <t c="þessu">þessu</t>
        <t c="aptur">aftur</t>
        <t c="í">í</t>
        <t c="gamla">gamla</t>
        <t c="horfið">horfið</t>
        <t c=",">,</t>
        <t c="það">það</t>
        <t c="horf">horf</t>
        <t c="sem">sem</t>
        <t c="nú">nú</t>
        <t c="er">er</t>
        <t c=".">.</t>
    </s>
    <s>
        <t c="En">En</t>
        <t c="fengjust">fengjust</t>
        <t c="greinilegar">greinilegar</t>
        <t c="lagaákvarðanir">lokaákvarðanir</t>
        <t c="settar">settar</t>
        <t c="í">í</t>
        <t c="stjórnarskránni">stjórnarskránni</t>
        <t c="um">um</t>
        <t c="það">það</t>
        <t c="hvernig">hvernig</t>
        <t c="æðstu">æðstu</t>
        <t c="stjórn">stjórn</t>
        <t c="landsins">landsins</t>
        <t c="skyldi">skyldi</t>
        <t c="hagað">hagað</t>
        <t c=",">,</t>
        <t c="mundi">mundi</t>
        <t c="Dana">Dana</t>
        <t c="stjórn">stjórn</t>
        <t c="eiga">eiga</t>
        <t c="erfiðara">erfiðara</t>
        <t c="með">með</t>
        <t c="að">að</t>
        <t c="hringla">hringla</t>
        <t c="með">með</t>
        <t c="tilhögunina">tilhögunina</t>
        <t c="aptur">aftur</t>
        <t c="og">og</t>
        <t c="fram">fram</t>
        <t c=",">,</t>
        <t c="þó">þó</t>
        <t c="hún">hún</t>
        <t c="vildi">vildi</t>
        <t c=".">.</t>
    </s>
    <s>
        <t c="Þá">Þá</t>
        <t c="mynnist">minnist</t>
        <t c="þú">þú</t>
        <t c="á">á</t>
        <t c="kostnaðinn">kostnaðinn</t>
        <t c=",">,</t>
        <t c="sem">sem</t>
        <t c="öllum">öllum</t>
        <t c="beri">beri</t>
        <t c="saman">saman</t>
        <t c="um">um</t>
        <t c="að">að</t>
        <t c="verða">verða</t>
        <t c="muni">muni</t>
        <t c="töluverður">töluverður</t>
        <t c=",">,</t>
        <t c="raunar">raunar</t>
        <t c="óttast">óttast</t>
        <t c="jeg">ég</t>
        <t c="hann">hann</t>
        <t c="ekki">ekki</t>
        <t c="svo">svo</t>
        <t c="mjög">mjög</t>
        <t c=",">,</t>
        <t c="því">því</t>
        <t c="jeg">ég</t>
        <t c="ímynda">ímynda</t>
        <t c="mjer">mér</t>
        <t c=",">,</t>
        <t c="að">að</t>
        <t c="ef">ef</t>
        <t c="stjórnin">stjórnin</t>
        <t c="á">á</t>
        <t c="annað">annað</t>
        <t c="borð">borð</t>
        <t c="skrifar">skrifar</t>
        <t c="undir">undir</t>
        <t c="frumvarpið">frumvarpið</t>
        <t c="muni">muni</t>
        <t c="hún">hún</t>
        <t c="gera">gera</t>
        <t c="það">það</t>
        <t c="sem">sem</t>
        <t c="í">í</t>
        <t c="hennar">hennar</t>
        <t c="valdi">valdi</t>
        <t c="stendur">stendur</t>
        <t c="til">til</t>
        <t c="að">að</t>
        <t c="gera">gera</t>
        <t c="kostnaðaraukann">kostnaðaraukann</t>
        <t c="sem">sem</t>
        <t c="minnstan">minnstan</t>
        <t c=",">,</t>
        <t c="með">með</t>
        <t c="því">því</t>
        <t c="að">að</t>
        <t c="afnema">afnema</t>
        <t c="þau">þau</t>
        <t c="embætti">embætti</t>
        <t c=",">,</t>
        <t c="sem">sem</t>
        <t c="að">að</t>
        <t c="sjálfsögðu">sjálfsögðu</t>
        <t c="mega">mega</t>
        <t c="missa">missa</t>
        <t c="sig">sig</t>
        <t c=",">,</t>
        <t c="þegar">þegar</t>
        <t c="ráðgjafa">ráðgjafa</t>
        <t c="embættin">embættin</t>
        <t c="kæmu">kæmu</t>
        <t c=".">.</t>
    </s>
    <s>
        <t c="En">En</t>
        <t c="ef">ef</t>
        <t c="stjórnin">stjórnin</t>
        <t c="í">í</t>
        <t c="reiði">reiði</t>
        <t c="sinni">sinni</t>
        <t c="staðfesti">staðfesti</t>
        <t c="stjórnarskrána">stjórnarskrána</t>
        <t c=",">,</t>
        <t c="og">og</t>
        <t c="setti">setti</t>
        <t c="sig">sig</t>
        <t c="síðan">síðan</t>
        <t c="í">í</t>
        <t c="hefndarskyni">hefndarskyni</t>
        <t c="þvert">þvert</t>
        <t c="á">á</t>
        <t c="móti">móti</t>
        <t c="afnámi">afnámi</t>
        <t c="nokkurs">nokkurs</t>
        <t c="þess">þess</t>
        <t c="embættis">embættis</t>
        <t c="sem">sem</t>
        <t c="nú">nú</t>
        <t c="er">er</t>
        <t c=",">,</t>
        <t c="gæti">gæti</t>
        <t c="jeg">ég</t>
        <t c="trúað">trúað</t>
        <t c="því">því</t>
        <t c=",">,</t>
        <t c="að">að</t>
        <t c="kostnaðaraukinn">kostnaðaraukinn</t>
        <t c="yrði">yrði</t>
        <t c="töluverður">töluverður</t>
        <t c="og">og</t>
        <t c="tilfinnanlegur">tilfinnanlegur</t>
        <t c="fyrir">fyrir</t>
        <t c="landið">landið</t>
        <t c=",">,</t>
        <t c="en">en</t>
        <t c="fyrir">fyrir</t>
        <t c="slíku">slíku</t>
        <t c="þarf">þarf</t>
        <t c="ekki">ekki</t>
        <t c="ráð">ráð</t>
        <t c="að">að</t>
        <t c="gera">gera</t>
        <t c=".">.</t>
    </s>
    <s>
        <t c="Þá">Þá</t>
        <t c="hefir">hefir</t>
        <t c="það">það</t>
        <t c="verið">verið</t>
        <t c="lagt">lagt</t>
        <t c="til">til</t>
        <t c=",">,</t>
        <t c="þó">þó</t>
        <t c="að">að</t>
        <t c="þú">þú</t>
        <t c="gerir">gerir</t>
        <t c="það">það</t>
        <t c="ekki">ekki</t>
        <t c=",">,</t>
        <t c="að">að</t>
        <t c="skynsamast">skynsamast</t>
        <t c="væri">væri</t>
        <t c="að">að</t>
        <t c="fella">fella</t>
        <t c="frumvarpið">frumvarpið</t>
        <t c="á">á</t>
        <t c="aukaþinginu">aukaþinginu</t>
        <t c="og">og</t>
        <t c="eiða">eiða</t>
        <t c="hvorki">hvorki</t>
        <t c="tíma">tíma</t>
        <t c="fje">fé</t>
        <t c="nje">né</t>
        <t c="kröftum">kröftum</t>
        <t c="til">til</t>
        <t c="einskis">einskis</t>
        <t c="frá">frá</t>
        <t c="öðrum">öðrum</t>
        <t c="nauðsynlegri">nauðsynlegri</t>
        <t c="lagastörfum">lagastöfum</t>
        <t c=".">.</t>
    </s>
    <s>
        <t c="Mjer">Mér</t>
        <t c="virðist">virðist</t>
        <t c="að">að</t>
        <t c="aukaþingið">aukaþingið</t>
        <t c="ekki">ekki</t>
        <t c="þurfi">þurfi</t>
        <t c="að">að</t>
        <t c="eiða">eiða</t>
        <t c="meiri">meiri</t>
        <t c="tíma">tíma</t>
        <t c="eða">eða</t>
        <t c="fje">fé</t>
        <t c="til">til</t>
        <t c="að">að</t>
        <t c="samþykkja">samþykkja</t>
        <t c="frumvarpið">frumvarpið</t>
        <t c="enn">enn</t>
        <t c="til">til</t>
        <t c="að">að</t>
        <t c="fella">fella</t>
        <t c="það">það</t>
        <t c=",">,</t>
        <t c="hjá">hjá</t>
        <t c="aukaþingskostnaðinum">aukaþingskostnaðinum</t>
        <t c="veiður">veður</t>
        <t c="eigi">eigi</t>
        <t c="komist">komist</t>
        <t c="hjeðan">héðan</t>
        <t c="af">af</t>
        <t c=",">,</t>
        <t c="og">og</t>
        <t c="er">er</t>
        <t c="ekki">ekki</t>
        <t c="lengur">lengur</t>
        <t c="verið">verið</t>
        <t c="að">að</t>
        <t c="segja">segja</t>
        <t c="þar">þar</t>
        <t c="já">já</t>
        <t c="enn">enn</t>
        <t c="nei">nei</t>
        <t c="við">við</t>
        <t c="því">því</t>
        <t c=".">.</t>
    </s>
    <s>
        <t c="Verði">Verði</t>
        <t c="frumvarpið">frumvarpið</t>
        <t c="fellt">fellt</t>
        <t c="á">á</t>
        <t c="þingi">þingi</t>
        <t c="í">í</t>
        <t c="sumar">sumar</t>
        <t c="mun">mun</t>
        <t c="það">það</t>
        <t c="ávalt">ávalt</t>
        <t c="fyr">fyrr</t>
        <t c="og">og</t>
        <t c="síðar">síðar</t>
        <t c="verða">verða</t>
        <t c="skoðað">skoðað</t>
        <t c="svo">svo</t>
        <t c=",">,</t>
        <t c="sem">sem</t>
        <t c="þingmenn">þingmenn</t>
        <t c="hafi">hafi</t>
        <t c="verið">verið</t>
        <t c="því">því</t>
        <t c="mótfallnir">mótfallnir</t>
        <t c=",">,</t>
        <t c="en">en</t>
        <t c="ekki">ekki</t>
        <t c="að">að</t>
        <t c="þeir">þeir</t>
        <t c="hafi">hafi</t>
        <t c="gert">gert</t>
        <t c="það">það</t>
        <t c="eingöngu">eingöngu</t>
        <t c="af">af</t>
        <t c="hlýðni">hlýðni</t>
        <t c="við">við</t>
        <t c="stjórnina">stjórnina</t>
        <t c=",">,</t>
        <t c="þar">þar</t>
        <t c="sem">sem</t>
        <t c="þeir">þeir</t>
        <t c="eiga">eiga</t>
        <t c="að">að</t>
        <t c="fara">fara</t>
        <t c="eptir">eftir</t>
        <t c="sannfæring">sannfæring</t>
        <t c="sinni">sinni</t>
        <t c=".">.</t>
    </s>
    <s>
        <t c="Ekki">Ekki</t>
        <t c="fæ">fæ</t>
        <t c="jeg">ég</t>
        <t c="heldur">heldur</t>
        <t c="sjeð">séð</t>
        <t c="að">að</t>
        <t c="vjer">vér</t>
        <t c="höfum">höfum</t>
        <t c="ekki">ekki</t>
        <t c="jafn">jafn</t>
        <t c="mikla">mikla</t>
        <t c="sanngirniskröfu">sanngirniskröfu</t>
        <t c="til">til</t>
        <t c="stjórnarinnar">stjórnarinnar</t>
        <t c="að">að</t>
        <t c="fá">fá</t>
        <t c="landsyfirstjórnina">landsyfirstjórnina</t>
        <t c="færða">færða</t>
        <t c="inn">inn</t>
        <t c="í">í</t>
        <t c="landið">landið</t>
        <t c=",">,</t>
        <t c="þó">þó</t>
        <t c="vjer">vér</t>
        <t c="samþykkjum">samþykkjum</t>
        <t c="þetta">þetta</t>
        <t c="frumvarp">frumvarp</t>
        <t c=",">,</t>
        <t c="sem">sem</t>
        <t c="nú">nú</t>
        <t c="liggur">liggur</t>
        <t c="fyrir">fyrir</t>
        <t c=",">,</t>
        <t c="og">og</t>
        <t c="sýnum">sýnum</t>
        <t c="með">með</t>
        <t c="því">því</t>
        <t c="að">að</t>
        <t c="oss">oss</t>
        <t c="sje">sé</t>
        <t c="það">það</t>
        <t c="sannarlegt">sannarlegt</t>
        <t c="áhugamál">áhugamál</t>
        <t c=",">,</t>
        <t c="að">að</t>
        <t c="svo">svo</t>
        <t c="verði">verði</t>
        <t c="gert">gert</t>
        <t c=",">,</t>
        <t c="enda">enda</t>
        <t c="virðist">virðist</t>
        <t c="mjer">mér</t>
        <t c="ekkert">ekkert</t>
        <t c="geta">geta</t>
        <t c="verið">verið</t>
        <t c="á">á</t>
        <t c="móti">móti</t>
        <t c="því">því</t>
        <t c="fyrir">fyrir</t>
        <t c="þingið">þingið</t>
        <t c=",">,</t>
        <t c="allra">allra</t>
        <t c="þegnsamlegast">þegnsamlegast</t>
        <t c="að">að</t>
        <t c="biðja">biðja</t>
        <t c="konunginn">konunginn</t>
        <t c="að">að</t>
        <t c="setja">setja</t>
        <t c="Íslandi">Íslandi</t>
        <t c="sjerstakan">sérstakan</t>
        <t c="ráðgjafa">ráðgjafa</t>
        <t c="ef">ef</t>
        <t c="hann">hann</t>
        <t c="ekki">ekki</t>
        <t c="fallist">fallist</t>
        <t c="á">á</t>
        <t c="frumvarpið">frumvarpið</t>
        <t c=".">.</t>
    </s>
    <s>
        <t c="Þó">Þó</t>
        <t c="jeg">ég</t>
        <t c="því">því</t>
        <t c="eins">eins</t>
        <t c="og">og</t>
        <t c="jeg">ég</t>
        <t c="hefi">hefi</t>
        <t c="áður">áður</t>
        <t c="sagt">sagt</t>
        <t c=",">,</t>
        <t c="sje">sé</t>
        <t c="ymsu">ýmsu</t>
        <t c="í">í</t>
        <t c="frumvarpinu">frumvarpinu</t>
        <t c="fremur">fremur</t>
        <t c="mótfallin">mótfallin</t>
        <t c="svo">svo</t>
        <t c="sem">sem</t>
        <t c="því">því</t>
        <t c="að">að</t>
        <t c="höfðingja">höfðingja</t>
        <t c="yfirstjórn">yfirstjórn</t>
        <t c="landsins">landsins</t>
        <t c="hlýtur">hlýtur</t>
        <t c="að">að</t>
        <t c="verða">verða</t>
        <t c="óþarflega">óþarflega</t>
        <t c="mikil">mikil</t>
        <t c="og">og</t>
        <t c="kostnaðarsöm">kostnaðarsöm</t>
        <t c="í">í</t>
        <t c="Rvík">Rvík</t>
        <t c=",">,</t>
        <t c="að">að</t>
        <t c="ensknýlendustjórnarreglunni">ensknýlendustjórnarreglunni</t>
        <t c=",">,</t>
        <t c="sem">sem</t>
        <t c="hjer">hér</t>
        <t c="er">er</t>
        <t c="lítt">lítt</t>
        <t c="kunn">kunn</t>
        <t c=",">,</t>
        <t c="er">er</t>
        <t c="meira">meira</t>
        <t c="fylgt">fylgt</t>
        <t c="enn">enn</t>
        <t c="stjórnarreglu">stjórnarreglu</t>
        <t c="Noregs">Noregs</t>
        <t c=",">,</t>
        <t c="að">að</t>
        <t c="kosningum">kosningum</t>
        <t c="hinna">hinna</t>
        <t c="þjóðkjörnu">þjóðkjörnu</t>
        <t c="til">til</t>
        <t c="efri">efri</t>
        <t c="deildar">deildar</t>
        <t c="þingsins">þingsins</t>
        <t c="er">er</t>
        <t c="breytt">breytt</t>
        <t c="frá">frá</t>
        <t c="því">því</t>
        <t c="sem">sem</t>
        <t c="nú">nú</t>
        <t c="er">er</t>
        <t c=",">,</t>
        <t c="og">og</t>
        <t c="hefir">hefir</t>
        <t c="gefist">gefist</t>
        <t c="mjög">mjög</t>
        <t c="vel">vel</t>
        <t c="o.">o.</t>
        <t c="fl.">fl.</t>
        <t c=",">,</t>
        <t c="og">og</t>
        <t c="þó">þó</t>
        <t c="jeg">ég</t>
        <t c="engan">engan</t>
        <t c="vegin">vegin</t>
        <t c="áliti">áliti</t>
        <t c="það">það</t>
        <t c="fulla">fulla</t>
        <t c="trygging">trygging</t>
        <t c="fyrir">fyrir</t>
        <t c="þingræði">þingræði</t>
        <t c="vort">vort</t>
        <t c="þó">þó</t>
        <t c="það">það</t>
        <t c="yrði">yrði</t>
        <t c="lögleitt">lögleitt</t>
        <t c=",">,</t>
        <t c="hlýtur">hlýtur</t>
        <t c="það">það</t>
        <t c="að">að</t>
        <t c="miða">miða</t>
        <t c="til">til</t>
        <t c="að">að</t>
        <t c="gera">gera</t>
        <t c="yfirstjórn">yfirstjórn</t>
        <t c="landins">landsins</t>
        <t c="meir">meir</t>
        <t c="hjerlenda">hérlenda</t>
        <t c="enn">enn</t>
        <t c="nú">nú</t>
        <t c="er">er</t>
        <t c=",">,</t>
        <t c="og">og</t>
        <t c="því">því</t>
        <t c="vona">vona</t>
        <t c="jeg">ég</t>
        <t c="að">að</t>
        <t c="þú">þú</t>
        <t c="og">og</t>
        <t c="aðrir">aðrir</t>
        <t c=",">,</t>
        <t c="sem">sem</t>
        <t c="óska">óska</t>
        <t c="eptir">eftir</t>
        <t c="stjórnarskráarbreyting">stjórnarskrárbreyting</t>
        <t c=",">,</t>
        <t c="verði">verði</t>
        <t c="fylgismenn">fylgismenn</t>
        <t c="frumvarpsins">frumvarpsins</t>
        <t c=".">.</t>
    </s>
    <s>
        <t c="(">(</t>
        <t c="Útg.">Útg.</t>
    </s>
    <s>
        <t c="Fróða">Fróða</t>
        <t c=")">)</t>
        <t c=".">.</t>
    </s>
    <s>
        <t c="(">(</t>
        <t c="Aðsent">Aðsent</t>
        <t c=")">)</t>
        <t c=".">.</t>
    </s>
    <s>
        <t c="Laugardaginn">Laugardaginn</t>
        <t c="2.">2.</t>
        <t c="janúar">janúar</t>
        <t c="var">var</t>
        <t c="bæjarfundur">fjarfundur</t>
        <t c="á">á</t>
        <t c="Akureyri">Akureyri</t>
        <t c="til">til</t>
        <t c="að">að</t>
        <t c="velja">velja</t>
        <t c="tvo">tvo</t>
        <t c="bæjarfulltrúa">bæjarfulltrúa</t>
        <t c=",">,</t>
        <t c="hlutu">hlutu</t>
        <t c="þeir">þeir</t>
        <t c="kosningu">kosningu</t>
        <t c="Skapti">Skapti</t>
        <t c="Jósepsson">Jósepsson</t>
        <t c="og">og</t>
        <t c="H.">H.</t>
        <t c="Schiöth">Schiöth</t>
        <t c=".">.</t>
    </s>
    <s>
        <t c="Frb.">Frb.</t>
    </s>
    <s>
        <t c="Steinsson">Steinsson</t>
        <t c="lýsti">lýsti</t>
        <t c="því">því</t>
        <t c="yfir">yfir</t>
        <t c="að">að</t>
        <t c="hann">hann</t>
        <t c="tæki">tæki</t>
        <t c="ekki">ekki</t>
        <t c="móti">móti</t>
        <t c="kosningu">kosningu</t>
        <t c=".">.</t>
    </s>
    <s>
        <t c="Við">Við</t>
        <t c="þetta">þetta</t>
        <t c="tækifæri">tækifæri</t>
        <t c="reyndi">reyndi</t>
        <t c="dálítið">dálítið</t>
        <t c="á">á</t>
        <t c="rjettlæti">réttlæti</t>
        <t c="vorrar">vorrar</t>
        <t c="nýju">nýju</t>
        <t c="bæjarreglugerðar">sérreglugerðar</t>
        <t c="og">og</t>
        <t c="frjálslyndi">frjálslyndi</t>
        <t c="kjörstjórnarinnar">kjörstjórnarinnar</t>
        <t c=".">.</t>
    </s>
    <s>
        <t c="Svo">Svo</t>
        <t c="er">er</t>
        <t c="að">að</t>
        <t c="orði">orði</t>
        <t c="kveðið">kveðið</t>
        <t c="í">í</t>
        <t c="reglugerðinni">reglugerðinni</t>
        <t c=":">:</t>
        <t c="„">„</t>
        <t c="Kosningarrjett">Kosningarrétt</t>
        <t c="hafa">hafa</t>
        <t c="allir">allir</t>
        <t c="karlmenn">karlmenn</t>
        <t c="í">í</t>
        <t c="kaupstaðnum">kaupstaðnum</t>
        <t c=",">,</t>
        <t c="sem">sem</t>
        <t c="eru">eru</t>
        <t c="orðnir">orðnir</t>
        <t c="fullra">fullra</t>
        <t c="25">25</t>
        <t c="ára">ára</t>
        <t c="að">að</t>
        <t c="aldri">aldri</t>
        <t c=",">,</t>
        <t c="þegar">þegar</t>
        <t c="kosningin">kosningin</t>
        <t c="fer">fer</t>
        <t c="fram">fram</t>
        <t c=",">,</t>
        <t c="eru">eru</t>
        <t c="eigi">eigi</t>
        <t c="öðrum">öðrum</t>
        <t c="háðir">háðir</t>
        <t c=".">.</t>
    </s>
    <s>
        <t c=".">.</t>
    </s>
    <s>
        <t c=".">.</t>
    </s>
    <s>
        <t c=".">.</t>
    </s>
    <s>
        <t c="en">en</t>
        <t c="greitt">greitt</t>
        <t c="skulu">skulu</t>
        <t c="þeir">þeir</t>
        <t c="hafa">hafa</t>
        <t c="að">að</t>
        <t c="minnsta">minnsta</t>
        <t c="kosti">kosti</t>
        <t c="4">4</t>
        <t c="kr.">kr.</t>
        <t c="í">í</t>
        <t c="bein">bein</t>
        <t c="bæjargjöld">bæjargjöld</t>
        <t c="síðasta">síðasta</t>
        <t c="ár">ár</t>
        <t c="“">“</t>
        <t c=".">.</t>
    </s>
    <s>
        <t c="Fyrir">Fyrir</t>
        <t c="því">því</t>
        <t c="að">að</t>
        <t c="hjer">hér</t>
        <t c="stendur">stendur</t>
        <t c="„">„</t>
        <t c="eru">eru</t>
        <t c="ekki">ekki</t>
        <t c="öðrum">öðrum</t>
        <t c="háðir">háðir</t>
        <t c="“">“</t>
        <t c="hafði">hafði</t>
        <t c="kjörstjórnin">kjörstjórnin</t>
        <t c="eptir">eftir</t>
        <t c="kæru">kæru</t>
        <t c="fellt">fellt</t>
        <t c="af">af</t>
        <t c="kjörskrá">kjörskrá</t>
        <t c="þá">þá</t>
        <t c="tvo">tvo</t>
        <t c="verzlunarþjóna">verslunarþjóna</t>
        <t c=",">,</t>
        <t c="sem">sem</t>
        <t c="á">á</t>
        <t c="hana">hana</t>
        <t c="voru">voru</t>
        <t c="settir">settir</t>
        <t c="í">í</t>
        <t c="fyrstu">fyrstu</t>
        <t c=",">,</t>
        <t c="og">og</t>
        <t c="virðist">virðist</t>
        <t c="oss">oss</t>
        <t c="því">því</t>
        <t c="að">að</t>
        <t c="hjer">hér</t>
        <t c="sje">sé</t>
        <t c="stigið">stigið</t>
        <t c="fyrsta">fyrsta</t>
        <t c="sporið">sporið</t>
        <t c="í">í</t>
        <t c="þá">þá</t>
        <t c="átt">átt</t>
        <t c="að">að</t>
        <t c="útiloka">útiloka</t>
        <t c="frá">frá</t>
        <t c="kosningum">kosningum</t>
        <t c="alla">alla</t>
        <t c="þá">þá</t>
        <t c="sem">sem</t>
        <t c="eru">eru</t>
        <t c="í">í</t>
        <t c="fastri">fastri</t>
        <t c="vinnu">vinnu</t>
        <t c="eða">eða</t>
        <t c="þjónustu">þjónustu</t>
        <t c="hjá">hjá</t>
        <t c="öðrum">öðrum</t>
        <t c=",">,</t>
        <t c="svo">svo</t>
        <t c="sem">sem</t>
        <t c="verzlunarþjóna">verslunarþjóna</t>
        <t c=",">,</t>
        <t c="handiðnasveina">handiðnasveina</t>
        <t c="sem">sem</t>
        <t c="eru">eru</t>
        <t c="í">í</t>
        <t c="þjónustu">þjónustu</t>
        <t c="annar">annar</t>
        <t c=",">,</t>
        <t c="ritara">ritara</t>
        <t c="á">á</t>
        <t c="skrifstofum">skrifstofum</t>
        <t c="o.">o.</t>
        <t c="fl.">fl.</t>
    </s>
    <s>
        <t c="Hjer">Hér</t>
        <t c="til">til</t>
        <t c="kann">kann</t>
        <t c="nú">nú</t>
        <t c="að">að</t>
        <t c="verða">verða</t>
        <t c="svarað">svarað</t>
        <t c=",">,</t>
        <t c="að">að</t>
        <t c="þessum">þessum</t>
        <t c="mönnum">mönnum</t>
        <t c="mundi">mundi</t>
        <t c="ekki">ekki</t>
        <t c="verða">verða</t>
        <t c="neitað">neitað</t>
        <t c="um">um</t>
        <t c="kosningarrjett">kosningarrétt</t>
        <t c=",">,</t>
        <t c="ef">ef</t>
        <t c="þeir">þeir</t>
        <t c="„">„</t>
        <t c="haldi">haldi</t>
        <t c="dúk">dúk</t>
        <t c="og">og</t>
        <t c="disk">disk</t>
        <t c="“">“</t>
        <t c=",">,</t>
        <t c="samkvæmt">samkvæmt</t>
        <t c="eldri">eldri</t>
        <t c="lögum">lögum</t>
        <t c="og">og</t>
        <t c="gamalli">gamalli</t>
        <t c="venju">venju</t>
        <t c=".">.</t>
    </s>
    <s>
        <t c="Ekki">Ekki</t>
        <t c="fáum">fáum</t>
        <t c="vjer">vér</t>
        <t c="sjeð">séð</t>
        <t c="að">að</t>
        <t c="hjer">hér</t>
        <t c="geti">geti</t>
        <t c="eldri">eldri</t>
        <t c="lög">lög</t>
        <t c="komið">komið</t>
        <t c="til">til</t>
        <t c="greina">greina</t>
        <t c=",">,</t>
        <t c="því">því</t>
        <t c="hjer">hér</t>
        <t c="ná">ná</t>
        <t c="ekki">ekki</t>
        <t c="önnur">önnur</t>
        <t c="lög">lög</t>
        <t c="til">til</t>
        <t c="enn">enn</t>
        <t c="reglugjörðin">reglugjörðin</t>
        <t c=",">,</t>
        <t c="þar">þar</t>
        <t c="sem">sem</t>
        <t c="hún">hún</t>
        <t c="ákveður">ákveður</t>
        <t c="skilyrði">skilyrði</t>
        <t c="þau">þau</t>
        <t c="sem">sem</t>
        <t c="kosningarrjetturinn">kosningarrétturinn</t>
        <t c="til">til</t>
        <t c="bæjarstjórnarinnar">bæjarstjórnarinnar</t>
        <t c="er">er</t>
        <t c="bundin">bundin</t>
        <t c="við">við</t>
        <t c=".">.</t>
    </s>
    <s>
        <t c="(">(</t>
        <t c="Framh.">Framh.</t>
        <t c=")">)</t>
        <t c="—">—</t>
        <t c="Vegna">Vegna</t>
        <t c="þess">þess</t>
        <t c="að">að</t>
        <t c="jeg">ég</t>
        <t c="hafði">hafði</t>
        <t c="ekki">ekki</t>
        <t c="rúm">rúm</t>
        <t c="í">í</t>
        <t c="Fróða">Fróða</t>
        <t c="nú">nú</t>
        <t c="sem">sem</t>
        <t c="stendur">stendur</t>
        <t c="fyrir">fyrir</t>
        <t c="þær">þær</t>
        <t c="pólitísku">pólitísku</t>
        <t c="greinar">greinar</t>
        <t c=",">,</t>
        <t c="sem">sem</t>
        <t c="standa">standa</t>
        <t c="hjer">hér</t>
        <t c="að">að</t>
        <t c="framan">framan</t>
        <t c=",">,</t>
        <t c="hefi">hefi</t>
        <t c="jeg">ég</t>
        <t c="sett">sett</t>
        <t c="þær">þær</t>
        <t c="hjer">hér</t>
        <t c=".">.</t>
    </s>
    <s>
        <t c="Hjer">Hér</t>
        <t c="er">er</t>
        <t c="svo">svo</t>
        <t c="gjörsamsamlega">gjörsamsamlega</t>
        <t c="frjettalaust">framalaust</t>
        <t c=",">,</t>
        <t c="að">að</t>
        <t c="jeg">ég</t>
        <t c="hefi">hefi</t>
        <t c="sleppt">sleppt</t>
        <t c="öllum">öllum</t>
        <t c="frjettum">fréttum</t>
        <t c="að">að</t>
        <t c="þessu">þessu</t>
        <t c="sinni">sinni</t>
        <t c=".">.</t>
    </s>
    <s>
        <t c="Oddeyri">Oddeyri</t>
        <t c=",">,</t>
        <t c="4.">4.</t>
        <t c="febrúar">febrúar</t>
        <t c="1886">1886</t>
        <t c=".">.</t>
    </s>
    <s>
        <t c="Björn">Björn</t>
        <t c="Jónsson">Jónsson</t>
        <t c="prentari">prentari</t>
        <t c=".">.</t>
    </s>
    <s>
        <t c="EIKARSKÍÐI">EIKARSKÍÐI</t>
        <t c="á">á</t>
        <t c="4">4</t>
        <t c="krónur">krónur</t>
        <t c=".">.</t>
    </s>
    <s>
        <t c="STAFSTENGUR">STAFSTENGUR</t>
        <t c="úr">úr</t>
        <t c="eski">eski</t>
        <t c="á">á</t>
        <t c="80">80</t>
        <t c="a.">a.</t>
    </s>
    <s>
        <t c="fást">fást</t>
        <t c="á">á</t>
        <t c="Akureyri">Akureyri</t>
        <t c="hjá">hjá</t>
        <t c="Eggert">Eggert</t>
        <t c="Laxdal">Laxdal</t>
        <t c=".">.</t>
    </s>
    <s>
        <t c="Það">Það</t>
        <t c="er">er</t>
        <t c="eptirtektavert">eftirtektarvert</t>
        <t c="að">að</t>
        <t c="sömu">sömu</t>
        <t c="þingmennirnir">þingmennirnir</t>
        <t c="sem">sem</t>
        <t c="mest">mest</t>
        <t c="hjeldu">héldu</t>
        <t c="því">því</t>
        <t c="fram">fram</t>
        <t c="að">að</t>
        <t c="þeir">þeir</t>
        <t c="væru">væru</t>
        <t c="að">að</t>
        <t c="gera">gera</t>
        <t c="stjórnarskrárbreytingar">stjórnarskrárbreytingar</t>
        <t c="eptir">eftir</t>
        <t c="þjóðviljanum">þjóðviljanum</t>
        <t c=",">,</t>
        <t c="sleppa">sleppa</t>
        <t c="þessu">þessu</t>
        <t c="atriði">atriði</t>
        <t c=",">,</t>
        <t c="sem">sem</t>
        <t c="getað">getað</t>
        <t c="hefði">hefði</t>
        <t c="orðið">orðið</t>
        <t c="hin">hin</t>
        <t c="traustasta">traustasta</t>
        <t c="hlýf">hlíf</t>
        <t c="fyrir">fyrir</t>
        <t c="þingræði">þingræði</t>
        <t c="vort">vort</t>
        <t c=",">,</t>
        <t c="og">og</t>
        <t c="eptir">eftir</t>
        <t c="minni">minni</t>
        <t c="skoðun">skoðun</t>
        <t c="vissari">vissari</t>
        <t c="en">en</t>
        <t c="þó">þó</t>
        <t c="kostnaðarminni">kostnaðarminni</t>
        <t c="trygging">trygging</t>
        <t c="gegn">gegn</t>
        <t c="lagasynjunum">lagasyrpunum</t>
        <t c="enn">enn</t>
        <t c="landstjórinn">landstjórinn</t>
        <t c="ábyrgðarlausi">ábyrgðarlausi</t>
        <t c=".">.</t>
    </s>
</document>
