<?xml version="1.0" ?>
<document>
    <s>
        <t c="AKUREYRARPÓSTURINN">AKUREYRARPÓSTURINN</t>
        <t c=".">.</t>
    </s>
    <s>
        <t c="2.">2.</t>
        <t c="blað">blað</t>
        <t c=".">.</t>
    </s>
    <s>
        <t c="Verð">Verð</t>
        <t c="4">4</t>
        <t c="aurar">aurar</t>
        <t c=".">.</t>
    </s>
    <s>
        <t c="Fæst">Fæst</t>
        <t c="hjá">hjá</t>
        <t c="F.">F.</t>
        <t c="Steinssyni">Steinssyni</t>
        <t c="og">og</t>
        <t c="í">í</t>
        <t c="prentsm.">prentsm.</t>
    </s>
    <s>
        <t c="—">—</t>
        <t c="Pólitik">Pólitík</t>
        <t c=".">.</t>
    </s>
    <s>
        <t c="Snemma">Snemma</t>
        <t c="í">í</t>
        <t c="vetur">vetur</t>
        <t c="hjeldu">héldu</t>
        <t c="nokkrir">nokkrir</t>
        <t c="bændur">bændur</t>
        <t c="í">í</t>
        <t c="kringum">kringum</t>
        <t c="Möðruvelli">Möðruvelli</t>
        <t c="í">í</t>
        <t c="Hörgárdal">Hörgárdal</t>
        <t c="fund">fund</t>
        <t c="til">til</t>
        <t c="að">að</t>
        <t c="tala">tala</t>
        <t c="um">um</t>
        <t c="stjórnarskráarfrumvarp">stjórnarskrárfrumvarp</t>
        <t c="síðasta">síðasta</t>
        <t c="alþingis">alþingis</t>
        <t c=".">.</t>
    </s>
    <s>
        <t c="Allir">Allir</t>
        <t c="nema">nema</t>
        <t c="tveir">tveir</t>
        <t c="voru">voru</t>
        <t c="með">með</t>
        <t c="því">því</t>
        <t c="að">að</t>
        <t c="frumvarpinu">frumvarpinu</t>
        <t c="væri">væri</t>
        <t c="framfylgt">framfylgt</t>
        <t c="óbreyttu">óbreyttu</t>
        <t c=".">.</t>
    </s>
    <s>
        <t c="—">—</t>
        <t c="Þjóðliðsmenn">Þjóðliðinn</t>
        <t c="í">í</t>
        <t c="Þingeyjarsýslu">Þingeyjarsýslu</t>
        <t c="hjeldu">héldu</t>
        <t c="fund">fund</t>
        <t c="að">að</t>
        <t c="Einarstöðum">Einarsstöðum</t>
        <t c="í">í</t>
        <t c="Reykjadal">Reykjadal</t>
        <t c="18">18</t>
        <t c=".">.</t>
    </s>
    <s>
        <t c="þ.">þ.</t>
        <t c="m.">m.</t>
        <t c="til">til</t>
        <t c="að">að</t>
        <t c="ræða">ræða</t>
        <t c="um">um</t>
        <t c="næstu">næstu</t>
        <t c="þingmannakosningar">þingmannakosningar</t>
        <t c=".">.</t>
    </s>
    <s>
        <t c="Ísafold">Ísafold</t>
        <t c="er">er</t>
        <t c="það">það</t>
        <t c="eina">eina</t>
        <t c="blað">blað</t>
        <t c=",">,</t>
        <t c="sem">sem</t>
        <t c="hefur">hefur</t>
        <t c="gert">gert</t>
        <t c="auglýsingu">auglýsingu</t>
        <t c="konungs">konungs</t>
        <t c="að">að</t>
        <t c="umtalsefni">umtalsefni</t>
        <t c=".">.</t>
    </s>
    <s>
        <t c="Segir">Segir</t>
        <t c="hún">hún</t>
        <t c="að">að</t>
        <t c="við">við</t>
        <t c="þessu">þessu</t>
        <t c="hafi">hafi</t>
        <t c="mátt">mátt</t>
        <t c="búast">búast</t>
        <t c="af">af</t>
        <t c="Estrups">Emstrur</t>
        <t c="stjórn">stjórn</t>
        <t c=",">,</t>
        <t c="eptir">eftir</t>
        <t c="orðsendingum">orðsendingum</t>
        <t c="þeim">þeim</t>
        <t c="er">er</t>
        <t c="landshöfðingi">landshöfðingi</t>
        <t c="flutti">flutti</t>
        <t c="í">í</t>
        <t c="sumar">sumar</t>
        <t c=",">,</t>
        <t c="en">en</t>
        <t c="Íslendingar">Íslendingar</t>
        <t c="hafi">hafi</t>
        <t c="byrjað">byrjað</t>
        <t c="og">og</t>
        <t c="muni">muni</t>
        <t c="framfylgja">framfylgja</t>
        <t c="stjórnarskráarbreytingunni">stjórnarskrárbreytingunni</t>
        <t c="ekki">ekki</t>
        <t c="í">í</t>
        <t c="þeirri">þeirri</t>
        <t c="veru">veru</t>
        <t c="að">að</t>
        <t c="eiga">eiga</t>
        <t c="von">von</t>
        <t c="á">á</t>
        <t c="aðstoð">aðstoð</t>
        <t c="hennar">hennar</t>
        <t c="til">til</t>
        <t c="þess">þess</t>
        <t c=",">,</t>
        <t c="heldur">heldur</t>
        <t c="til">til</t>
        <t c="að">að</t>
        <t c="vera">vera</t>
        <t c="viðbúnir">viðbúnir</t>
        <t c="þegar">þegar</t>
        <t c="stjórnaróöld">stjórnarvöld</t>
        <t c="Dana">Dana</t>
        <t c="lýkur">lýkur</t>
        <t c=",">,</t>
        <t c="sem">sem</t>
        <t c="vonandi">vonandi</t>
        <t c="sje">sé</t>
        <t c="að">að</t>
        <t c="bráðum">bráðum</t>
        <t c="verði">verði</t>
        <t c=".">.</t>
    </s>
    <s>
        <t c="Það">Það</t>
        <t c="er">er</t>
        <t c="í">í</t>
        <t c="almæli">almæli</t>
        <t c="að">að</t>
        <t c="hvorugur">hvorugur</t>
        <t c="þingmaður">þingmaður</t>
        <t c="Eyfirðinga">Eyfirðinga</t>
        <t c="muni">muni</t>
        <t c="gefa">gefa</t>
        <t c="kost">kost</t>
        <t c="á">á</t>
        <t c="sjer">sér</t>
        <t c="við">við</t>
        <t c="næstu">næstu</t>
        <t c="þingkosningar">þingkosningar</t>
        <t c=".">.</t>
    </s>
    <s>
        <t c="Hverja">Hverja</t>
        <t c="eigum">eigum</t>
        <t c="vjer">vér</t>
        <t c="nú">nú</t>
        <t c="að">að</t>
        <t c="kjósa">kjósa</t>
        <t c="spyrjum">spyrjum</t>
        <t c="vjer">vér</t>
        <t c="hverjir">hverjir</t>
        <t c="aðra">aðra</t>
        <t c=",">,</t>
        <t c="en">en</t>
        <t c="flestir">flestir</t>
        <t c="eru">eru</t>
        <t c="seinir">seinir</t>
        <t c="til">til</t>
        <t c="svara">svara</t>
        <t c=".">.</t>
    </s>
    <s>
        <t c="Frjetzt">Frést</t>
        <t c="hefir">hefir</t>
        <t c="að">að</t>
        <t c="þeir">þeir</t>
        <t c="muni">muni</t>
        <t c="bjóða">bjóða</t>
        <t c="sig">sig</t>
        <t c="fram">fram</t>
        <t c="hjer">hér</t>
        <t c="Jón">Jón</t>
        <t c="rektor">rektor</t>
        <t c="Hjaltalín">Hjaltalín</t>
        <t c=",">,</t>
        <t c="síra">síra</t>
        <t c="Þórhallur">Þórhallur</t>
        <t c="Bjarnarson">Bjarnarson</t>
        <t c=",">,</t>
        <t c="Jón">Jón</t>
        <t c="Einarsson">Einarsson</t>
        <t c="á">á</t>
        <t c="Laugalandi">Laugalandi</t>
        <t c="og">og</t>
        <t c="ef">ef</t>
        <t c="til">til</t>
        <t c="vill">vill</t>
        <t c="Benedikt">Benedikt</t>
        <t c="sýslumaður">sýslumaður</t>
        <t c=".">.</t>
    </s>
    <s>
        <t c="—">—</t>
        <t c="Um">Um</t>
        <t c="fram">fram</t>
        <t c="allt">allt</t>
        <t c="veto">vel</t>
        <t c="(">(</t>
        <t c="Samtal">Samtal</t>
        <t c=".">.</t>
        <t c=")">)</t>
        <t c="Presturinn">Presturinn</t>
        <t c=":">:</t>
        <t c="Ætlar">Ætlar</t>
        <t c="þú">þú</t>
        <t c="að">að</t>
        <t c="bjóða">bjóða</t>
        <t c="þig">þig</t>
        <t c="fram">fram</t>
        <t c="við">við</t>
        <t c="næstu">næstu</t>
        <t c="þingkosningar">þingkosningar</t>
        <t c="hreppstjóri">hreppstjóri</t>
        <t c="góður">góður</t>
        <t c="?">?</t>
    </s>
    <s>
        <t c="Hreppstjórinn">Hreppstjórinn</t>
        <t c=":">:</t>
        <t c="Það">Það</t>
        <t c="getur">getur</t>
        <t c="verið">verið</t>
        <t c=",">,</t>
        <t c="því">því</t>
        <t c="jeg">ég</t>
        <t c="hugsa">hugsa</t>
        <t c="að">að</t>
        <t c="jeg">ég</t>
        <t c="muni">muni</t>
        <t c="geta">geta</t>
        <t c="verið">verið</t>
        <t c="öruggur">öruggur</t>
        <t c="móti">móti</t>
        <t c="neitunarvaldinu">neitunarvaldinu</t>
        <t c=",">,</t>
        <t c="en">en</t>
        <t c="hvernig">hvernig</t>
        <t c="er">er</t>
        <t c="það">það</t>
        <t c="með">með</t>
        <t c="þessa">þessa</t>
        <t c="ráðgjafaábyrgð">ráðgjafaábyrgð</t>
        <t c=",">,</t>
        <t c="jeg">ég</t>
        <t c="skil">skil</t>
        <t c="aldrei">aldrei</t>
        <t c="vel">vel</t>
        <t c="hvað">hvað</t>
        <t c="er">er</t>
        <t c="meint">meint</t>
        <t c="með">með</t>
        <t c="henni">henni</t>
        <t c=",">,</t>
        <t c="á">á</t>
        <t c="að">að</t>
        <t c="lögsækja">lögsækja</t>
        <t c="ráðgjafann">ráðgjafann</t>
        <t c="og">og</t>
        <t c="af">af</t>
        <t c="setja">setja</t>
        <t c=",">,</t>
        <t c="ef">ef</t>
        <t c="hann">hann</t>
        <t c="lætur">lætur</t>
        <t c="ekki">ekki</t>
        <t c="undirskrifa">undirskrifa</t>
        <t c="öll">öll</t>
        <t c="lög">lög</t>
        <t c="þingsins">þingsins</t>
        <t c="?">?</t>
    </s>
    <s>
        <t c="Prestur">Prestur</t>
        <t c=":">:</t>
        <t c="Nei">Nei</t>
        <t c=",">,</t>
        <t c="ráðgjafinn">ráðgjafinn</t>
        <t c="á">á</t>
        <t c="að">að</t>
        <t c="bera">bera</t>
        <t c="ábyrgð">ábyrgð</t>
        <t c="ef">ef</t>
        <t c="hann">hann</t>
        <t c="brýtur">brýtur</t>
        <t c="stjórnarskrána">stjórnarskrána</t>
        <t c=",">,</t>
        <t c="svo">svo</t>
        <t c="þingið">þingið</t>
        <t c="geti">geti</t>
        <t c="lögsótt">lögsótt</t>
        <t c="hann">hann</t>
        <t c="fyrir">fyrir</t>
        <t c="það">það</t>
        <t c=",">,</t>
        <t c="en">en</t>
        <t c="það">það</t>
        <t c="er">er</t>
        <t c="kallað">kallað</t>
        <t c="suspensivt">suspensivt</t>
        <t c="veto">vel</t>
        <t c=",">,</t>
        <t c="þegar">þegar</t>
        <t c="konungur">konungur</t>
        <t c="hefir">hefir</t>
        <t c="ekki">ekki</t>
        <t c="rjett">rétt</t>
        <t c="til">til</t>
        <t c="optar">oftar</t>
        <t c="en">en</t>
        <t c="einusinni">einu sinni</t>
        <t c="eða">eða</t>
        <t c="tvisvar">tvisvar</t>
        <t c="að">að</t>
        <t c="neita">neita</t>
        <t c="sama">sama</t>
        <t c="frumvarpi">frumvarpi</t>
        <t c="þingsins">þingsins</t>
        <t c="um">um</t>
        <t c="lagagildi">lagagildi</t>
        <t c=".">.</t>
    </s>
    <s>
        <t c="Hreppstjóri">Hreppstjóri</t>
        <t c=":">:</t>
        <t c="Það">Það</t>
        <t c="er">er</t>
        <t c="satt">satt</t>
        <t c=",">,</t>
        <t c="og">og</t>
        <t c="því">því</t>
        <t c="segi">segi</t>
        <t c="jeg">ég</t>
        <t c=",">,</t>
        <t c="að">að</t>
        <t c="það">það</t>
        <t c="sje">sé</t>
        <t c="vetóið">verið</t>
        <t c="sem">sem</t>
        <t c="oss">oss</t>
        <t c="ríður">ríður</t>
        <t c="mest">mest</t>
        <t c="af">af</t>
        <t c="öllu">öllu</t>
        <t c="á">á</t>
        <t c=",">,</t>
        <t c="og">og</t>
        <t c="fyrir">fyrir</t>
        <t c="mitt">mitt</t>
        <t c="leyti">leyti</t>
        <t c="skyldi">skyldi</t>
        <t c="jeg">ég</t>
        <t c="glaður">glaður</t>
        <t c="sleppa">sleppa</t>
        <t c="allri">allri</t>
        <t c="ráðgjafaábyrgð">ráðgjafaábyrgð</t>
        <t c=",">,</t>
        <t c="ef">ef</t>
        <t c="við">við</t>
        <t c="bara">bara</t>
        <t c="gætum">gætum</t>
        <t c="fengið">fengið</t>
        <t c="vetóið">verið</t>
        <t c="í">í</t>
        <t c="staðinn">staðinn</t>
        <t c=".">.</t>
    </s>
    <s>
        <t c="—">—</t>
        <t c="Bæjarstjórakosninginn">Bæjarstjórakosninginn</t>
        <t c=".">.</t>
    </s>
    <s>
        <t c="Tvo">Tvo</t>
        <t c="á">á</t>
        <t c="nú">nú</t>
        <t c="að">að</t>
        <t c="velja">velja</t>
        <t c=".">.</t>
    </s>
    <s>
        <t c="Sanngjarnt">Sanngjarnt</t>
        <t c="væri">væri</t>
        <t c="að">að</t>
        <t c="annar">annar</t>
        <t c="væri">væri</t>
        <t c="af">af</t>
        <t c="Oddeyri">Oddeyri</t>
        <t c=",">,</t>
        <t c="viljum">viljum</t>
        <t c="vjer">vér</t>
        <t c="leyfa">leyfa</t>
        <t c="oss">oss</t>
        <t c="að">að</t>
        <t c="stynga">stinga</t>
        <t c="upp">upp</t>
        <t c="á">á</t>
        <t c="Snorra">Snorra</t>
        <t c="timburmanni">timburmanni</t>
        <t c="og">og</t>
        <t c="Friðbirni">Friðbirni</t>
        <t c="Steinssyni">Steinssyni</t>
        <t c=".">.</t>
    </s>
    <s>
        <t c="—">—</t>
        <t c="Seyðisfirði">Seyðisfirði</t>
        <t c="27.">27.</t>
        <t c="nóv.">nóv.</t>
        <t c="—">—</t>
        <t c="Allgóður">Allgóður</t>
        <t c="fiskiafli">fiskiafli</t>
        <t c="hefir">hefir</t>
        <t c="verið">verið</t>
        <t c=",">,</t>
        <t c="en">en</t>
        <t c="notast">notast</t>
        <t c="illa">illa</t>
        <t c="fyrir">fyrir</t>
        <t c="beituleysi">beituleysi</t>
        <t c=".">.</t>
    </s>
    <s>
        <t c="Á">Á</t>
        <t c="Mjóafirði">Mjóafirði</t>
        <t c="nokkur">nokkur</t>
        <t c="síldarafli">síldarafli</t>
        <t c="í">í</t>
        <t c="lagnet">lagnet</t>
        <t c=".">.</t>
    </s>
    <s>
        <t c="Á">Á</t>
        <t c="Reyðarfirði">Reyðarfirði</t>
        <t c="hefir">hefir</t>
        <t c="verið">verið</t>
        <t c="og">og</t>
        <t c="er">er</t>
        <t c="enn">enn</t>
        <t c="fjarska">fjarska</t>
        <t c="mikill">mikill</t>
        <t c="síldarafli">síldarafli</t>
        <t c=",">,</t>
        <t c="hefir">hefir</t>
        <t c="Tulinius">Tulinius</t>
        <t c="fengið">fengið</t>
        <t c="1000">1000</t>
        <t c="tun">turn</t>
        <t c=".">.</t>
    </s>
    <s>
        <t c="í">í</t>
        <t c="nót">nót</t>
        <t c="og">og</t>
        <t c="Jonassensfjelag">Jonassensfjelag</t>
        <t c="um">um</t>
        <t c="1800">1800</t>
        <t c="tunnur">tunnur</t>
        <t c=".">.</t>
    </s>
    <s>
        <t c="Og">Og</t>
        <t c="í">í</t>
        <t c="lagnet">lagnet</t>
        <t c="hefir">hefir</t>
        <t c="veiðst">veiðst</t>
        <t c="að">að</t>
        <t c="tiltölu">tiltölu</t>
        <t c="meira">meira</t>
        <t c=".">.</t>
    </s>
    <s>
        <t c="Sumir">Sumir</t>
        <t c="búnir">búnir</t>
        <t c="að">að</t>
        <t c="fá">fá</t>
        <t c="á">á</t>
        <t c="annað">annað</t>
        <t c="hundrað">hundrað</t>
        <t c="tunnur">tunnur</t>
        <t c=".">.</t>
    </s>
    <s>
        <t c="Fiskiafli">Fiskiafli</t>
        <t c="er">er</t>
        <t c="þar">þar</t>
        <t c="og">og</t>
        <t c="töluverður">töluverður</t>
        <t c=".">.</t>
    </s>
    <s>
        <t c="—">—</t>
        <t c="Langanesi">Langanesi</t>
        <t c="7.">7.</t>
        <t c="þ.">þ.</t>
        <t c="m.">m.</t>
        <t c="—">—</t>
        <t c="Vetur">Vetur</t>
        <t c="hefir">hefir</t>
        <t c="verið">verið</t>
        <t c="hjer">hér</t>
        <t c="góður">góður</t>
        <t c="það">það</t>
        <t c="af">af</t>
        <t c="er">er</t>
        <t c=",">,</t>
        <t c="alltaf">alltaf</t>
        <t c="jörð">jörð</t>
        <t c=",">,</t>
        <t c="og">og</t>
        <t c="engri">engri</t>
        <t c="skepnu">skepnu</t>
        <t c="inni">inni</t>
        <t c="gefið">gefið</t>
        <t c="enn">enn</t>
        <t c="með">með</t>
        <t c="sjó">sjó</t>
        <t c="fram">fram</t>
        <t c="nema">nema</t>
        <t c="kúm">kúm</t>
        <t c=".">.</t>
    </s>
    <s>
        <t c="—">—</t>
        <t c="Vopnfirðingar">Vopnfirðingar</t>
        <t c="og">og</t>
        <t c="Fjallamenn">Fjallamenn</t>
        <t c="eru">eru</t>
        <t c="að">að</t>
        <t c="bræða">bræða</t>
        <t c="það">það</t>
        <t c="í">í</t>
        <t c="vetur">vetur</t>
        <t c=",">,</t>
        <t c="að">að</t>
        <t c="stofna">stofna</t>
        <t c="pöntunarfjelag">pöntunarfélag</t>
        <t c="svipað">svipað</t>
        <t c="og">og</t>
        <t c="Þingeyingar">Þingeyingar</t>
        <t c=".">.</t>
    </s>
    <s>
        <t c="Langnesingar">Árnesingar</t>
        <t c="eru">eru</t>
        <t c="í">í</t>
        <t c="öðrulagi">ökulagi</t>
        <t c="að">að</t>
        <t c="ráðgera">ráðgera</t>
        <t c="að">að</t>
        <t c="koma">koma</t>
        <t c="upp">upp</t>
        <t c="pöntunarfjelagi">pöntunarfélagi</t>
        <t c="og">og</t>
        <t c="standa">standa</t>
        <t c="í">í</t>
        <t c="sambandi">sambandi</t>
        <t c="við">við</t>
        <t c="Þingeyinga">Þingeyinga</t>
        <t c=".">.</t>
    </s>
    <s>
        <t c="Ætla">Ætla</t>
        <t c="þeir">þeir</t>
        <t c="að">að</t>
        <t c="leggja">leggja</t>
        <t c="saman">saman</t>
        <t c="og">og</t>
        <t c="byggja">byggja</t>
        <t c="hús">hús</t>
        <t c="í">í</t>
        <t c="Þórshöfn">Þórshöfn</t>
        <t c="til">til</t>
        <t c="að">að</t>
        <t c="taka">taka</t>
        <t c="móti">móti</t>
        <t c="hinum">hinum</t>
        <t c="pöntuðu">pöntuðu</t>
        <t c="vörum">vörum</t>
        <t c=".">.</t>
    </s>
    <s>
        <t c="—">—</t>
        <t c="Guðmundur">Guðmundur</t>
        <t c="Hjaltason">Hjaltason</t>
        <t c="hefir">hefir</t>
        <t c="nú">nú</t>
        <t c="gefið">gefið</t>
        <t c="út">út</t>
        <t c="fjórða">fjórða</t>
        <t c="skáldrit">skáldrit</t>
        <t c="sitt">sitt</t>
        <t c="„">„</t>
        <t c="Dalarósir">Dalarósir</t>
        <t c="tvær">tvær</t>
        <t c="óðsögur">ófögur</t>
        <t c="“">“</t>
        <t c="7">7</t>
        <t c="arkir">arkir</t>
        <t c=".">.</t>
    </s>
    <s>
        <t c="Verð">Verð</t>
        <t c="75">75</t>
        <t c="a.">a.</t>
    </s>
    <s>
        <t c="Upplag">Upplag</t>
        <t c="1000">1000</t>
        <t c=".">.</t>
    </s>
    <s>
        <t c="Höfundurinn">Höfundurinn</t>
        <t c="ætlar">ætlar</t>
        <t c="sjer">sér</t>
        <t c="aðeins">aðeins</t>
        <t c="200kr">var</t>
        <t c=".">.</t>
    </s>
    <s>
        <t c="af">af</t>
        <t c="því">því</t>
        <t c="sem">sem</t>
        <t c="inn">inn</t>
        <t c="kemur">kemur</t>
        <t c="fyrir">fyrir</t>
        <t c="ritið">ritið</t>
        <t c=",">,</t>
        <t c="en">en</t>
        <t c="hitt">hitt</t>
        <t c="allt">allt</t>
        <t c="á">á</t>
        <t c="að">að</t>
        <t c="ganga">ganga</t>
        <t c="í">í</t>
        <t c="kvennaskólasjóð">kvennaskólans</t>
        <t c="hans">hans</t>
        <t c=".">.</t>
    </s>
    <s>
        <t c="Hjer">Hér</t>
        <t c="er">er</t>
        <t c="ekki">ekki</t>
        <t c="rúm">rúm</t>
        <t c="fyrir">fyrir</t>
        <t c="langan">langan</t>
        <t c="dóm">dóm</t>
        <t c="um">um</t>
        <t c="sögur">sögur</t>
        <t c="þessar">þessar</t>
        <t c=",">,</t>
        <t c="en">en</t>
        <t c="að">að</t>
        <t c="ætlan">ætlan</t>
        <t c="vorri">vorri</t>
        <t c=",">,</t>
        <t c="er">er</t>
        <t c="þetta">þetta</t>
        <t c="höfundarins">höfundarins</t>
        <t c="bezta">besta</t>
        <t c="skáldrit">skáldrit</t>
        <t c=",">,</t>
        <t c="og">og</t>
        <t c="vjer">vér</t>
        <t c="efumst">efumst</t>
        <t c="ekki">ekki</t>
        <t c="um">um</t>
        <t c=",">,</t>
        <t c="að">að</t>
        <t c="það">það</t>
        <t c="verði">verði</t>
        <t c="betur">betur</t>
        <t c="við">við</t>
        <t c="skap">skap</t>
        <t c="alþýðu">alþýðu</t>
        <t c="en">en</t>
        <t c="Jökulrós">Jökulrós</t>
        <t c=".">.</t>
    </s>
    <s>
        <t c="Höfuðpersónur">Höfuðpersónur</t>
        <t c="fyrri">fyrri</t>
        <t c="sögunnar">sögunnar</t>
        <t c="Ásbjörn">Ásbjörn</t>
        <t c="og">og</t>
        <t c="Þórdísi">Þórdísi</t>
        <t c="könnumst">könnumst</t>
        <t c="vjer">vér</t>
        <t c="vel">vel</t>
        <t c="við">við</t>
        <t c="og">og</t>
        <t c="virðist">virðist</t>
        <t c="að">að</t>
        <t c="þeim">þeim</t>
        <t c="sje">sé</t>
        <t c="eðlilega">eðlilega</t>
        <t c="lýst">lýst</t>
        <t c=".">.</t>
    </s>
    <s>
        <t c="Þorgils">Þorgils</t>
        <t c="og">og</t>
        <t c="Ingunn">Ingunn</t>
        <t c="í">í</t>
        <t c="síðari">síðari</t>
        <t c="sögunni">sögunni</t>
        <t c="koma">koma</t>
        <t c="oss">oss</t>
        <t c="aptur">aftur</t>
        <t c="fremur">fremur</t>
        <t c="ókunnuglega">ókunnuglega</t>
        <t c="fyrir">fyrir</t>
        <t c="og">og</t>
        <t c="datt">datt</t>
        <t c="oss">oss</t>
        <t c="því">því</t>
        <t c="í">í</t>
        <t c="hug">hug</t>
        <t c="þá">þá</t>
        <t c="vjer">vér</t>
        <t c="lásum">lásum</t>
        <t c="hana">hana</t>
        <t c=",">,</t>
        <t c="svona">svona</t>
        <t c="vill">vill</t>
        <t c="höfundurinn">höfundurinn</t>
        <t c="að">að</t>
        <t c="menn">menn</t>
        <t c="sjeu">séu</t>
        <t c=",">,</t>
        <t c="en">en</t>
        <t c="svona">svona</t>
        <t c="eru">eru</t>
        <t c="þeir">þeir</t>
        <t c="ekki">ekki</t>
        <t c=".">.</t>
    </s>
    <s>
        <t c="—">—</t>
        <t c="1">1</t>
        <t c="blað">blað</t>
        <t c="af">af</t>
        <t c="Akureyrarpóstinum">Akureyrarpóstinum</t>
        <t c="mætti">mætti</t>
        <t c="svo">svo</t>
        <t c="góðum">góðum</t>
        <t c="viðtökum">viðtökum</t>
        <t c=",">,</t>
        <t c="að">að</t>
        <t c="jeg">ég</t>
        <t c="vil">vil</t>
        <t c="halda">halda</t>
        <t c="áfram">áfram</t>
        <t c="að">að</t>
        <t c="gefa">gefa</t>
        <t c="hann">hann</t>
        <t c="út">út</t>
        <t c="fyrst">fyrst</t>
        <t c="um">um</t>
        <t c="sinn">sinn</t>
        <t c=",">,</t>
        <t c="vil">vil</t>
        <t c="jeg">ég</t>
        <t c="því">því</t>
        <t c="leyfa">leyfa</t>
        <t c="mjer">mér</t>
        <t c="að">að</t>
        <t c="biðja">biðja</t>
        <t c="þá">þá</t>
        <t c="sem">sem</t>
        <t c="einhver">einhver</t>
        <t c="ný">ný</t>
        <t c="tíðindi">tíðindi</t>
        <t c="vita">vita</t>
        <t c="að">að</t>
        <t c="skrifa">skrifa</t>
        <t c="þau">þau</t>
        <t c="fyrir">fyrir</t>
        <t c="mig">mig</t>
        <t c="og">og</t>
        <t c="senda">senda</t>
        <t c="mjer">mér</t>
        <t c=".">.</t>
    </s>
    <s>
        <t c="Akureyri">Akureyri</t>
        <t c=",">,</t>
        <t c="30.">30.</t>
        <t c="des.">des.</t>
        <t c="1885">1885</t>
        <t c=".">.</t>
    </s>
    <s>
        <t c="Björn">Björn</t>
        <t c="Jónsson">Jónsson</t>
        <t c=".">.</t>
    </s>
</document>
