<?xml version="1.0" ?>
<document>
    <s>
        <t c="Kostar">Kostar</t>
        <t c="hér">hér</t>
        <t c="á">á</t>
        <t c="landi">landi</t>
        <t c="1">1</t>
        <t c="kr.">kr.</t>
        <t c=",">,</t>
        <t c="utanlands">utanlands</t>
        <t c="kr.">kr.</t>
        <t c="1,50">1,50</t>
        <t c=".">.</t>
    </s>
    <s>
        <t c="FRAMSÓKN">FRAMSÓKN</t>
        <t c=".">.</t>
    </s>
    <s>
        <t c="BLAÐ">BLAÐ</t>
        <t c="ÍSLENZKRA">ÍSLENSKRA</t>
        <t c="KVENNA">KVENNA</t>
        <t c=".">.</t>
    </s>
    <s>
        <t c="Gjalddagi">Gjalddagi</t>
        <t c="1.">1.</t>
        <t c="júlí">júlí</t>
        <t c=".">.</t>
    </s>
    <s>
        <t c="Uppsögn">Uppsögn</t>
        <t c="skrifl.">skrifl.</t>
    </s>
    <s>
        <t c="f.">f.</t>
        <t c="1.">1.</t>
        <t c="okt.">okt.</t>
    </s>
    <s>
        <t c="VI.">VI.</t>
    </s>
    <s>
        <t c="ár">ár</t>
        <t c=".">.</t>
    </s>
    <s>
        <t c="Reykavík">Reykjavík</t>
        <t c=",">,</t>
        <t c="Desember">Desember</t>
        <t c="1900">1900</t>
        <t c=".">.</t>
    </s>
    <s>
        <t c="12.">12.</t>
        <t c="tbl.">tbl.</t>
    </s>
    <s>
        <t c="Aldarkveðja">Alúðarkveðja</t>
        <t c=".">.</t>
    </s>
    <s>
        <t c="Ó">Ó</t>
        <t c=",">,</t>
        <t c="farðu">farðu</t>
        <t c="vel">vel</t>
        <t c="bjarta">bjarta</t>
        <t c="og">og</t>
        <t c="blessaða">blessaða</t>
        <t c="öld">öld</t>
        <t c=",">,</t>
        <t c="er">er</t>
        <t c="burt">burt</t>
        <t c="svífur">svífur</t>
        <t c="tímans">tímans</t>
        <t c="í">í</t>
        <t c="geimi">geimi</t>
        <t c="!">!</t>
    </s>
    <s>
        <t c="þú">þú</t>
        <t c="letraðir">letraðir</t>
        <t c="margt">margt</t>
        <t c="á">á</t>
        <t c="þinn">þinn</t>
        <t c="menningarskjöld">menningarskil</t>
        <t c=",">,</t>
        <t c="sem">sem</t>
        <t c="merkast">merkast</t>
        <t c="er">er</t>
        <t c="talið">talið</t>
        <t c="í">í</t>
        <t c="heimi">heimi</t>
        <t c=".">.</t>
    </s>
    <s>
        <t c="Já">Já</t>
        <t c=",">,</t>
        <t c="synirnir">synirnir</t>
        <t c="þínir">þínir</t>
        <t c="bezt">best</t>
        <t c="sýndu">sýndu</t>
        <t c="oss">oss</t>
        <t c="það">það</t>
        <t c=",">,</t>
        <t c="er">er</t>
        <t c="samtíðin">samtíðin</t>
        <t c="lærði">lærði</t>
        <t c="að">að</t>
        <t c="meta">meta</t>
        <t c=",">,</t>
        <t c="og">og</t>
        <t c="gufu">gufu</t>
        <t c="og">og</t>
        <t c="rafmagn">rafmagn</t>
        <t c="þeir">þeir</t>
        <t c="réttu">réttu</t>
        <t c="oss">oss</t>
        <t c="að">að</t>
        <t c="og">og</t>
        <t c="ritin">ritin</t>
        <t c=",">,</t>
        <t c="er">er</t>
        <t c="dáið">dáið</t>
        <t c="ei">ei</t>
        <t c="geta">geta</t>
        <t c=".">.</t>
    </s>
    <s>
        <t c="Þó">Þó</t>
        <t c="kúgun">kúgun</t>
        <t c="ei">ei</t>
        <t c="hyrfi">hyrfi</t>
        <t c="né">né</t>
        <t c="skuggaleg">skuggaleg</t>
        <t c="ský">ský</t>
        <t c=",">,</t>
        <t c="er">er</t>
        <t c="skömm">skömm</t>
        <t c="gerðu">gerðu</t>
        <t c="frelsinu">frelsinu</t>
        <t c="bjarta">bjarta</t>
        <t c=",">,</t>
        <t c="að">að</t>
        <t c="hugsjónum">hugsjónum</t>
        <t c="ágætum">ágætum</t>
        <t c="ertu">ertu</t>
        <t c="þó">þó</t>
        <t c="ný">ný</t>
        <t c=",">,</t>
        <t c="þeim">þeim</t>
        <t c="auðnum">auðnum</t>
        <t c="er">er</t>
        <t c="dýrmætt">dýrmætt</t>
        <t c="að">að</t>
        <t c="skarta">skarta</t>
        <t c=".">.</t>
    </s>
    <s>
        <t c="Og">Og</t>
        <t c="geislum">geislum</t>
        <t c="þú">þú</t>
        <t c="varpar">varpar</t>
        <t c="á">á</t>
        <t c="ókomin">ókomin</t>
        <t c="ár">ár</t>
        <t c="um">um</t>
        <t c="aldanna">aldanna</t>
        <t c="svifhröðu">svifhröðu</t>
        <t c="raðir">raðir</t>
        <t c=";">;</t>
        <t c="þú">þú</t>
        <t c="lifir">lifir</t>
        <t c="og">og</t>
        <t c="ríkir">ríkir</t>
        <t c=",">,</t>
        <t c="þó">þó</t>
        <t c="leggistu">leggist</t>
        <t c="nár">nár</t>
        <t c=",">,</t>
        <t c="því">því</t>
        <t c="Ljósið">Ljósið</t>
        <t c="er">er</t>
        <t c="hamingju-faðir">hamingjusamir</t>
        <t c=".">.</t>
    </s>
    <s>
        <t c="Þú">Þú</t>
        <t c="gnæfir">gnæfir</t>
        <t c="svo">svo</t>
        <t c="hátt">hátt</t>
        <t c="yfir">yfir</t>
        <t c="aldanna">aldanna</t>
        <t c="fjöld">fjöld</t>
        <t c="og">og</t>
        <t c="ert">ert</t>
        <t c="nú">nú</t>
        <t c="til">til</t>
        <t c="viðar">viðar</t>
        <t c="að">að</t>
        <t c="renna">renna</t>
        <t c=".">.</t>
    </s>
    <s>
        <t c="Vér">Vér</t>
        <t c="kveðjum">kveðjum</t>
        <t c="þig">þig</t>
        <t c="nafnfræga">nafnfræga</t>
        <t c=".">.</t>
    </s>
    <s>
        <t c="nítjánda">nítjánda</t>
        <t c="öld">öld</t>
        <t c=",">,</t>
        <t c="er">er</t>
        <t c="náttljósin">náttljósin</t>
        <t c="síðustu">síðustu</t>
        <t c="brenna">brenna</t>
        <t c=".">.</t>
    </s>
    <s>
        <t c="Kúgunkvenna">Kunnkvenna</t>
        <t c=".">.</t>
    </s>
    <s>
        <t c="Þessi">Þessi</t>
        <t c="bók">bók</t>
        <t c="er">er</t>
        <t c="ný">ný</t>
        <t c="a">a</t>
        <t c="íslenzka">íslenska</t>
        <t c="bókamarkaðinum">bókamarkaðinum</t>
        <t c=",">,</t>
        <t c="en">en</t>
        <t c="hún">hún</t>
        <t c="hefur">hefur</t>
        <t c="verið">verið</t>
        <t c="lesin">lesin</t>
        <t c="og">og</t>
        <t c="rétt">rétt</t>
        <t c="metin">metin</t>
        <t c="af">af</t>
        <t c="enskum">enskum</t>
        <t c="konum">konum</t>
        <t c="allan">allan</t>
        <t c="síðari">síðari</t>
        <t c="hluta">hluta</t>
        <t c="þessarar">þessarar</t>
        <t c="aldar">aldar</t>
        <t c=".">.</t>
    </s>
    <s>
        <t c="Hún">Hún</t>
        <t c="hefur">hefur</t>
        <t c="tvisvar">tvisvar</t>
        <t c="verið">verið</t>
        <t c="þýdd">þýdd</t>
        <t c="á">á</t>
        <t c="danska">danska</t>
        <t c="tungu">tungu</t>
        <t c=",">,</t>
        <t c="í">í</t>
        <t c="síðara">síðara</t>
        <t c="sinni">sinni</t>
        <t c="af">af</t>
        <t c="dr.">dr.</t>
        <t c="Georg">Georg</t>
        <t c="Brandes">Brandes</t>
        <t c=",">,</t>
        <t c="er">er</t>
        <t c="lýkur">lýkur</t>
        <t c="miklu">miklu</t>
        <t c="lofsorði">lofsorði</t>
        <t c="á">á</t>
        <t c="hana">hana</t>
        <t c=",">,</t>
        <t c="enda">enda</t>
        <t c="hljóta">hljóta</t>
        <t c="allir">allir</t>
        <t c="að">að</t>
        <t c="gera">gera</t>
        <t c="það">það</t>
        <t c=",">,</t>
        <t c="er">er</t>
        <t c="lesa">lesa</t>
        <t c="hana">hana</t>
        <t c="með">með</t>
        <t c="góðri">góðri</t>
        <t c="dómgreind">dómgreind</t>
        <t c="og">og</t>
        <t c="unna">unna</t>
        <t c="frelsi">frelsi</t>
        <t c="jafnrétti">jafnrétti</t>
        <t c="mannanna">mannanna</t>
        <t c=".">.</t>
    </s>
    <s>
        <t c="Höfundur">Höfundur</t>
        <t c="hennar">hennar</t>
        <t c=",">,</t>
        <t c="frelsisvinurinn">frelsisvinurinn</t>
        <t c="og">og</t>
        <t c="heimspekingurinn">heimspekingurinn</t>
        <t c="John">John</t>
        <t c="Stuart">Stuart</t>
        <t c="Mill">Mill</t>
        <t c=",">,</t>
        <t c="fæddist">fæddist</t>
        <t c="í">í</t>
        <t c="Lundúnaborg">Lundúnaborg</t>
        <t c="1806">1806</t>
        <t c=".">.</t>
    </s>
    <s>
        <t c="Faðir">Faðir</t>
        <t c="hans">hans</t>
        <t c="var">var</t>
        <t c="hár">hár</t>
        <t c="embættismaður">embættismaður</t>
        <t c=",">,</t>
        <t c="og">og</t>
        <t c="sonurinn">sonurinn</t>
        <t c=",">,</t>
        <t c="sem">sem</t>
        <t c="var">var</t>
        <t c="bráðgáfaður">bráðnaður</t>
        <t c="og">og</t>
        <t c="snemma">snemma</t>
        <t c="settur">settur</t>
        <t c="til">til</t>
        <t c="mennta">mennta</t>
        <t c=",">,</t>
        <t c="komst">komst</t>
        <t c="líka">líka</t>
        <t c="í">í</t>
        <t c="góða">góða</t>
        <t c="stöðu">stöðu</t>
        <t c="og">og</t>
        <t c="varð">varð</t>
        <t c="einhver">einhver</t>
        <t c="mesti">mesti</t>
        <t c="merkismaður">merkismaður</t>
        <t c="samtíðar">samtíðar</t>
        <t c="sinnar">sinnar</t>
        <t c=";">;</t>
        <t c="en">en</t>
        <t c="það">það</t>
        <t c="var">var</t>
        <t c="ekki">ekki</t>
        <t c="staða">staða</t>
        <t c="hans">hans</t>
        <t c="í">í</t>
        <t c="mannfélaginu">mannfélaginu</t>
        <t c=",">,</t>
        <t c="er">er</t>
        <t c="skóp">skóp</t>
        <t c="hið">hið</t>
        <t c="mikla">mikla</t>
        <t c="álit">álit</t>
        <t c="hans">hans</t>
        <t c="bæði">bæði</t>
        <t c="í">í</t>
        <t c="föðurlandi">föðurlandi</t>
        <t c="hans">hans</t>
        <t c="og">og</t>
        <t c="meðal">meðal</t>
        <t c="annara">annara</t>
        <t c="þjóða">þjóða</t>
        <t c=",">,</t>
        <t c="heldur">heldur</t>
        <t c="voru">voru</t>
        <t c="það">það</t>
        <t c="hin">hin</t>
        <t c="skarplega">skarplega</t>
        <t c="rituðu">rituðu</t>
        <t c="heimspekilegu">heimspekilegu</t>
        <t c="rit">rit</t>
        <t c="hans">hans</t>
        <t c=",">,</t>
        <t c="er">er</t>
        <t c="hafa">hafa</t>
        <t c="verið">verið</t>
        <t c="gefin">gefin</t>
        <t c="út">út</t>
        <t c="á">á</t>
        <t c="Englandi">Englandi</t>
        <t c="og">og</t>
        <t c="víðar">víðar</t>
        <t c="hvað">hvað</t>
        <t c="eftir">eftir</t>
        <t c="annað">annað</t>
        <t c=".">.</t>
    </s>
    <s>
        <t c="Þetta">Þetta</t>
        <t c="er">er</t>
        <t c="önnur">önnur</t>
        <t c="bókin">bókin</t>
        <t c=",">,</t>
        <t c="sem">sem</t>
        <t c="þýdd">þýdd</t>
        <t c="hefur">hefur</t>
        <t c="verið">verið</t>
        <t c="á">á</t>
        <t c="íslenzka">íslenska</t>
        <t c="tungu">tungu</t>
        <t c="eftir">eftir</t>
        <t c="þennan">þennan</t>
        <t c="mikla">mikla</t>
        <t c="ritsnilling">ritsnilling</t>
        <t c=",">,</t>
        <t c="og">og</t>
        <t c="kvenfélagið">kvenfélagið</t>
        <t c="á">á</t>
        <t c="miklar">miklar</t>
        <t c="þakkir">þakkir</t>
        <t c="skilið">skilið</t>
        <t c="fyrir">fyrir</t>
        <t c="að">að</t>
        <t c="hafa">hafa</t>
        <t c="komið">komið</t>
        <t c="henni">henni</t>
        <t c="á">á</t>
        <t c="prent">prent</t>
        <t c=",">,</t>
        <t c="því">því</t>
        <t c="að">að</t>
        <t c="hverri">hverri</t>
        <t c="konu">konu</t>
        <t c="giftri">giftri</t>
        <t c="og">og</t>
        <t c="ógiftri">ógiftri</t>
        <t c="er">er</t>
        <t c="afarnauðsynlegt">afarnauðsynlegt</t>
        <t c="að">að</t>
        <t c="kynna">kynna</t>
        <t c="sér">sér</t>
        <t c="hana">hana</t>
        <t c=",">,</t>
        <t c="til">til</t>
        <t c="þess">þess</t>
        <t c="að">að</t>
        <t c="fá">fá</t>
        <t c="réttar">réttar</t>
        <t c="hugmyndir">hugmyndir</t>
        <t c="um">um</t>
        <t c="frelsi">frelsi</t>
        <t c="sitt">sitt</t>
        <t c="og">og</t>
        <t c="réttindi">réttindi</t>
        <t c="sin">sin</t>
        <t c="skýrðar">skýrðar</t>
        <t c="með">með</t>
        <t c="skörpum">skörpum</t>
        <t c="og">og</t>
        <t c="skynsamlegum">skynsamlegum</t>
        <t c="rökum">rökum</t>
        <t c=".">.</t>
    </s>
    <s>
        <t c="Hver">Hver</t>
        <t c="sú">sú</t>
        <t c="kona">kona</t>
        <t c=",">,</t>
        <t c="er">er</t>
        <t c="les">les</t>
        <t c="hana">hana</t>
        <t c="með">með</t>
        <t c="eftirtekt">eftirtekt</t>
        <t c=",">,</t>
        <t c="græðir">græðir</t>
        <t c="að">að</t>
        <t c="minni">minni</t>
        <t c="hyggju">hyggju</t>
        <t c="á">á</t>
        <t c="engum">engum</t>
        <t c="lestri">lestri</t>
        <t c="fremur">fremur</t>
        <t c="það">það</t>
        <t c=",">,</t>
        <t c="sem">sem</t>
        <t c="henni">henni</t>
        <t c="er">er</t>
        <t c="þarflegt">þarflegt</t>
        <t c="að">að</t>
        <t c="vita">vita</t>
        <t c=",">,</t>
        <t c="og">og</t>
        <t c="þótt">þótt</t>
        <t c="sumum">sumum</t>
        <t c="kunni">kunni</t>
        <t c="að">að</t>
        <t c="þykja">þykja</t>
        <t c="málið">málið</t>
        <t c="a">a</t>
        <t c="henni">henni</t>
        <t c="strembið">strembið</t>
        <t c=",">,</t>
        <t c="þá">þá</t>
        <t c="liggur">liggur</t>
        <t c="svarið">svarið</t>
        <t c="nærri">nærri</t>
        <t c=",">,</t>
        <t c="að">að</t>
        <t c="þess">þess</t>
        <t c="konar">konar</t>
        <t c="rit">rit</t>
        <t c="eru">eru</t>
        <t c="á">á</t>
        <t c="öllum">öllum</t>
        <t c="tungumálum">tungumálum</t>
        <t c="ekki">ekki</t>
        <t c="eins">eins</t>
        <t c="auðveld">auðveld</t>
        <t c="og">og</t>
        <t c="alþýðubækur">alþýðubækur</t>
        <t c=".">.</t>
    </s>
    <s>
        <t c="Þýðingin">Þýðingin</t>
        <t c="er">er</t>
        <t c="svo">svo</t>
        <t c="af">af</t>
        <t c="hendi">hendi</t>
        <t c="leyst">leyst</t>
        <t c=",">,</t>
        <t c="að">að</t>
        <t c="vel">vel</t>
        <t c="má">má</t>
        <t c="við">við</t>
        <t c="una">una</t>
        <t c=",">,</t>
        <t c="og">og</t>
        <t c="íslenzkum">íslenskum</t>
        <t c="konum">konum</t>
        <t c="er">er</t>
        <t c="eins">eins</t>
        <t c="vel">vel</t>
        <t c="trúandi">trúandi</t>
        <t c="til">til</t>
        <t c="að">að</t>
        <t c="skilja">skilja</t>
        <t c="það">það</t>
        <t c=",">,</t>
        <t c="sem">sem</t>
        <t c="þær">þær</t>
        <t c="lesa">lesa</t>
        <t c=",">,</t>
        <t c="og">og</t>
        <t c="erlendum">erlendum</t>
        <t c="konum">konum</t>
        <t c=",">,</t>
        <t c="en">en</t>
        <t c="að">að</t>
        <t c="þær">þær</t>
        <t c="hafi">hafi</t>
        <t c="viljað">viljað</t>
        <t c="lesa">lesa</t>
        <t c="hana">hana</t>
        <t c="og">og</t>
        <t c="getað">getað</t>
        <t c="skilið">skilið</t>
        <t c="hana">hana</t>
        <t c=",">,</t>
        <t c="sést">sést</t>
        <t c="af">af</t>
        <t c="því">því</t>
        <t c=",">,</t>
        <t c="að">að</t>
        <t c="svo">svo</t>
        <t c="margar">margar</t>
        <t c="útgafur">útgáfur</t>
        <t c="eru">eru</t>
        <t c="til">til</t>
        <t c="af">af</t>
        <t c="henni">henni</t>
        <t c=".">.</t>
    </s>
    <s>
        <t c="Það">Það</t>
        <t c="er">er</t>
        <t c="vonandi">vonandi</t>
        <t c=",">,</t>
        <t c="að">að</t>
        <t c="sem">sem</t>
        <t c="flestar">flestar</t>
        <t c="Íslands">Íslands</t>
        <t c="dætur">dætur</t>
        <t c="lesi">lesi</t>
        <t c="bókina">bókina</t>
        <t c="og">og</t>
        <t c="að">að</t>
        <t c="hún">hún</t>
        <t c="beri">beri</t>
        <t c="þroskaða">þroskaða</t>
        <t c="ávexti">ávexti</t>
        <t c="á">á</t>
        <t c="komandi">komandi</t>
        <t c="öld">öld</t>
        <t c=".">.</t>
    </s>
    <s>
        <t c="Lispet">Lispet</t>
        <t c=".">.</t>
    </s>
    <s>
        <t c="(">(</t>
        <t c="Eftir">Eftir</t>
        <t c="Rudyard">Rutar</t>
        <t c="Kipling">Knipling</t>
        <t c=")">)</t>
        <t c=".">.</t>
    </s>
    <s>
        <t c="(">(</t>
        <t c="Niðurl.">Niðurl.</t>
        <t c=")">)</t>
        <t c=".">.</t>
    </s>
    <s>
        <t c="Hún">Hún</t>
        <t c="þerraði">þerraði</t>
        <t c="tárin">tárin</t>
        <t c="af">af</t>
        <t c="kinnum">kinnum</t>
        <t c="sínum">sínum</t>
        <t c=",">,</t>
        <t c="fór">fór</t>
        <t c="heim">heim</t>
        <t c="til">til</t>
        <t c="prestskonunnar">prestskonunnar</t>
        <t c="og">og</t>
        <t c="sagði">sagði</t>
        <t c=":">:</t>
        <t c="»">»</t>
        <t c="Hann">Hann</t>
        <t c="kemur">kemur</t>
        <t c="aftur">aftur</t>
        <t c="og">og</t>
        <t c="heldur">heldur</t>
        <t c="brúðkaup">brúðkaup</t>
        <t c="sitt">sitt</t>
        <t c="til">til</t>
        <t c="mín">mín</t>
        <t c=",">,</t>
        <t c="hann">hann</t>
        <t c="fór">fór</t>
        <t c="bara">bara</t>
        <t c="heim">heim</t>
        <t c="til">til</t>
        <t c="fólksins">fólksins</t>
        <t c="síns">síns</t>
        <t c="til">til</t>
        <t c="þess">þess</t>
        <t c="að">að</t>
        <t c="segja">segja</t>
        <t c="því">því</t>
        <t c="frá">frá</t>
        <t c="því">því</t>
        <t c="«">«</t>
        <t c=".">.</t>
    </s>
    <s>
        <t c="Og">Og</t>
        <t c="prestskonan">prestskonan</t>
        <t c="klappaði">klappaði</t>
        <t c="á">á</t>
        <t c="vangann">vangann</t>
        <t c="á">á</t>
        <t c="Lispet">Lispet</t>
        <t c="og">og</t>
        <t c="sagði">sagði</t>
        <t c=":">:</t>
        <t c="sjá">sjá</t>
        <t c=",">,</t>
        <t c="hann">hann</t>
        <t c="kemur">kemur</t>
        <t c="vafalaust">vafalaust</t>
        <t c="aftur">aftur</t>
        <t c="«">«</t>
        <t c=".">.</t>
    </s>
    <s>
        <t c="En">En</t>
        <t c="að">að</t>
        <t c="tveim">tveim</t>
        <t c="mánuðum">mánuðum</t>
        <t c="liðnum">liðnum</t>
        <t c="fór">fór</t>
        <t c="að">að</t>
        <t c="bera">bera</t>
        <t c="á">á</t>
        <t c="óþolinmæði">óþolinmæði</t>
        <t c="hjá">hjá</t>
        <t c="Lispet">Lispet</t>
        <t c=",">,</t>
        <t c="og">og</t>
        <t c="þá">þá</t>
        <t c="var">var</t>
        <t c="henni">henni</t>
        <t c="sagt">sagt</t>
        <t c=",">,</t>
        <t c="að">að</t>
        <t c="Englendingurinn">Englendingurinn</t>
        <t c="hefði">hefði</t>
        <t c="ferðazt">ferðast</t>
        <t c="yfir">yfir</t>
        <t c="hafið">hafið</t>
        <t c="til">til</t>
        <t c="Englands">Englands</t>
        <t c=".">.</t>
    </s>
    <s>
        <t c="Hún">Hún</t>
        <t c="þekkti">þekkti</t>
        <t c="England">England</t>
        <t c=",">,</t>
        <t c="því">því</t>
        <t c="að">að</t>
        <t c="hún">hún</t>
        <t c="hafði">hafði</t>
        <t c="lesið">lesið</t>
        <t c="landafræði">landafræði</t>
        <t c="handa">handa</t>
        <t c="byrjendum">byrjendum</t>
        <t c=",">,</t>
        <t c="en">en</t>
        <t c="með">með</t>
        <t c="því">því</t>
        <t c="að">að</t>
        <t c="hún">hún</t>
        <t c="var">var</t>
        <t c="barnfædd">barnfædd</t>
        <t c="uppi">uppi</t>
        <t c="í">í</t>
        <t c="Hálöndunum">Hálöndunum</t>
        <t c="hafði">hafði</t>
        <t c="hún">hún</t>
        <t c="enga">enga</t>
        <t c="hugmynd">hugmynd</t>
        <t c="um">um</t>
        <t c="víðattu">víðáttu</t>
        <t c="hafsins">hafsins</t>
        <t c=".">.</t>
    </s>
    <s>
        <t c="Það">Það</t>
        <t c="voru">voru</t>
        <t c="til">til</t>
        <t c="í">í</t>
        <t c="húsinu">húsinu</t>
        <t c="spil">spil</t>
        <t c=",">,</t>
        <t c="eins">eins</t>
        <t c="konar">konar</t>
        <t c="landsuppdráttur">landsuppdráttur</t>
        <t c=",">,</t>
        <t c="settur">settur</t>
        <t c="saman">saman</t>
        <t c="af">af</t>
        <t c="litlum">litlum</t>
        <t c="stúfum">stúfum</t>
        <t c=".">.</t>
    </s>
    <s>
        <t c="Að">Að</t>
        <t c="þessu">þessu</t>
        <t c="hafði">hafði</t>
        <t c="Lisbet">Lísbet</t>
        <t c="leikið">leikið</t>
        <t c="sér">sér</t>
        <t c=",">,</t>
        <t c="þegar">þegar</t>
        <t c="hún">hún</t>
        <t c="var">var</t>
        <t c="barn">barn</t>
        <t c=",">,</t>
        <t c="og">og</t>
        <t c="nú">nú</t>
        <t c="tók">tók</t>
        <t c="hún">hún</t>
        <t c="það">það</t>
        <t c="aftur">aftur</t>
        <t c="fram">fram</t>
        <t c="og">og</t>
        <t c="sat">sat</t>
        <t c="við">við</t>
        <t c="að">að</t>
        <t c="leggja">leggja</t>
        <t c="saman">saman</t>
        <t c="stúfana">stúfana</t>
        <t c="á">á</t>
        <t c="kvöldin">kvöldin</t>
        <t c=",">,</t>
        <t c="og">og</t>
        <t c="meðan">meðan</t>
        <t c="hún">hún</t>
        <t c="grét">grét</t>
        <t c="án">án</t>
        <t c="afláts">afláts</t>
        <t c=",">,</t>
        <t c="reyndi">reyndi</t>
        <t c="hún">hún</t>
        <t c="til">til</t>
        <t c="að">að</t>
        <t c="hugsa">hugsa</t>
        <t c="sér">sér</t>
        <t c=",">,</t>
        <t c="hvar">hvar</t>
        <t c="Englendingurinn">Englendingurinn</t>
        <t c="væri">væri</t>
        <t c=".">.</t>
    </s>
    <s>
        <t c="En">En</t>
        <t c="með">með</t>
        <t c="því">því</t>
        <t c="hún">hún</t>
        <t c="hafði">hafði</t>
        <t c="enga">enga</t>
        <t c="hugmynd">hugmynd</t>
        <t c="um">um</t>
        <t c="fjarlægð">fjarlægð</t>
        <t c="né">né</t>
        <t c="gufuskip">gufuskip</t>
        <t c=",">,</t>
        <t c="gerði">gerði</t>
        <t c="hún">hún</t>
        <t c="sér">sér</t>
        <t c="mjög">mjög</t>
        <t c="rangar">rangar</t>
        <t c="hugmyndir">hugmyndir</t>
        <t c=".">.</t>
    </s>
    <s>
        <t c="En">En</t>
        <t c="þó">þó</t>
        <t c="að">að</t>
        <t c="þær">þær</t>
        <t c="hefðu">hefðu</t>
        <t c="verið">verið</t>
        <t c="keipréttar">keipréttar</t>
        <t c=",">,</t>
        <t c="hefði">hefði</t>
        <t c="það">það</t>
        <t c="ekkert">ekkert</t>
        <t c="stoðað">stoðað</t>
        <t c="hana">hana</t>
        <t c=",">,</t>
        <t c="því">því</t>
        <t c="að">að</t>
        <t c="Englendingnum">Englendingnum</t>
        <t c="datt">datt</t>
        <t c="sízt">síst</t>
        <t c="af">af</t>
        <t c="öllu">öllu</t>
        <t c="í">í</t>
        <t c="hug">hug</t>
        <t c="að">að</t>
        <t c="koma">koma</t>
        <t c="aftur">aftur</t>
        <t c="og">og</t>
        <t c="kvænast">kvænast</t>
        <t c="stúlku">stúlku</t>
        <t c="ofan">ofan</t>
        <t c="úr">úr</t>
        <t c="Hálöndunum">Hálöndunum</t>
        <t c=".">.</t>
    </s>
    <s>
        <t c="Hann">Hann</t>
        <t c="hafði">hafði</t>
        <t c="alveg">alveg</t>
        <t c="gleymt">gleymt</t>
        <t c="henni">henni</t>
        <t c="og">og</t>
        <t c="var">var</t>
        <t c="nú">nú</t>
        <t c="að">að</t>
        <t c="veiða">veiða</t>
        <t c="fiðrildi">fiðrildi</t>
        <t c="í">í</t>
        <t c="Assam">Assa</t>
        <t c=".">.</t>
    </s>
    <s>
        <t c="Seinna">Seinna</t>
        <t c="reit">reit</t>
        <t c="hann">hann</t>
        <t c="bók">bók</t>
        <t c="um">um</t>
        <t c="Austurlönd">Austurlönd</t>
        <t c=",">,</t>
        <t c="en">en</t>
        <t c="nefndi">nefndi</t>
        <t c="ekki">ekki</t>
        <t c="Lispet">Lispet</t>
        <t c="í">í</t>
        <t c="henni">henni</t>
        <t c=".">.</t>
    </s>
    <s>
        <t c="Þegar">Þegar</t>
        <t c="fjórðungur">fjórðungur</t>
        <t c="árs">árs</t>
        <t c="var">var</t>
        <t c="liðinn">liðinn</t>
        <t c=",">,</t>
        <t c="fór">fór</t>
        <t c="Lisbet">Lísbet</t>
        <t c="á">á</t>
        <t c="hverjum">hverjum</t>
        <t c="degi">degi</t>
        <t c="til">til</t>
        <t c="Narkunda">Skunda</t>
        <t c=",">,</t>
        <t c="til">til</t>
        <t c="þess">þess</t>
        <t c="að">að</t>
        <t c="reyna">reyna</t>
        <t c="að">að</t>
        <t c="finna">finna</t>
        <t c="Englendinginn">Englendinginn</t>
        <t c="sinn">sinn</t>
        <t c="a">a</t>
        <t c="Muttiani-Veginum">Muttiani-Veginum</t>
        <t c=".">.</t>
    </s>
    <s>
        <t c="Hún">Hún</t>
        <t c="huggaðist">huggaðist</t>
        <t c="af">af</t>
        <t c="ferðum">ferðum</t>
        <t c="þessum">þessum</t>
        <t c=",">,</t>
        <t c="og">og</t>
        <t c="þegar">þegar</t>
        <t c="prestskonan">prestskonan</t>
        <t c="varð">varð</t>
        <t c="þess">þess</t>
        <t c="vör">vör</t>
        <t c=",">,</t>
        <t c="hélt">hélt</t>
        <t c="hún">hún</t>
        <t c=",">,</t>
        <t c="að">að</t>
        <t c="nú">nú</t>
        <t c="væri">væri</t>
        <t c="hin">hin</t>
        <t c="ósæmilega">ósæmilega</t>
        <t c="heimska">heimska</t>
        <t c="á">á</t>
        <t c="flótta">flótta</t>
        <t c="rekin">rekin</t>
        <t c=".">.</t>
    </s>
    <s>
        <t c="En">En</t>
        <t c="ekki">ekki</t>
        <t c="lét">lét</t>
        <t c="Lispet">Lispet</t>
        <t c="samt">samt</t>
        <t c="lengi">lengi</t>
        <t c="huggast">huggast</t>
        <t c=",">,</t>
        <t c="og">og</t>
        <t c="nú">nú</t>
        <t c="varð">varð</t>
        <t c="hún">hún</t>
        <t c="æ">æ</t>
        <t c="meir">meir</t>
        <t c="og">og</t>
        <t c="meir">meir</t>
        <t c="sorgbitin">sorgbitin</t>
        <t c=".">.</t>
    </s>
    <s>
        <t c="Þá">Þá</t>
        <t c="hélt">hélt</t>
        <t c="prestskonan">prestskonan</t>
        <t c=",">,</t>
    </s>
    <s>
        <t c="að">að</t>
        <t c="tími">tími</t>
        <t c="væri">væri</t>
        <t c="til">til</t>
        <t c="kominn">kominn</t>
        <t c="að">að</t>
        <t c="segja">segja</t>
        <t c="henni">henni</t>
        <t c=",">,</t>
        <t c="hvernig">hvernig</t>
        <t c="í">í</t>
        <t c="öllu">öllu</t>
        <t c="lá">lá</t>
        <t c="—">—</t>
        <t c="að">að</t>
        <t c="Englendingurinn">Englendingurinn</t>
        <t c="hefði">hefði</t>
        <t c="að">að</t>
        <t c="eins">eins</t>
        <t c="lofað">lofað</t>
        <t c="að">að</t>
        <t c="eiga">eiga</t>
        <t c="hana">hana</t>
        <t c="til">til</t>
        <t c="þess">þess</t>
        <t c="að">að</t>
        <t c="gera">gera</t>
        <t c="hana">hana</t>
        <t c="rólega">rólega</t>
        <t c="—">—</t>
        <t c="að">að</t>
        <t c="hann">hann</t>
        <t c="hefði">hefði</t>
        <t c="aldrei">aldrei</t>
        <t c="meint">meint</t>
        <t c="neitt">neitt</t>
        <t c="með">með</t>
        <t c="því">því</t>
        <t c=",">,</t>
        <t c="sem">sem</t>
        <t c="hann">hann</t>
        <t c="hefði">hefði</t>
        <t c="sagt">sagt</t>
        <t c=",">,</t>
        <t c="og">og</t>
        <t c="að">að</t>
        <t c="það">það</t>
        <t c="væri">væri</t>
        <t c="fram">fram</t>
        <t c="úr">úr</t>
        <t c="hófi">hófi</t>
        <t c="órétt">órétt</t>
        <t c="og">og</t>
        <t c="ósæmilegt">ósæmilegt</t>
        <t c=",">,</t>
        <t c="að">að</t>
        <t c="Lispet">Lispet</t>
        <t c="vildi">vildi</t>
        <t c="giftast">giftast</t>
        <t c="Englending">Englending</t>
        <t c=",">,</t>
        <t c="sem">sem</t>
        <t c="væri">væri</t>
        <t c="af">af</t>
        <t c="miklu">miklu</t>
        <t c="göfgara">göfgar</t>
        <t c="og">og</t>
        <t c="betra">betra</t>
        <t c="kyni">kyni</t>
        <t c="en">en</t>
        <t c="hún">hún</t>
        <t c=",">,</t>
        <t c="og">og</t>
        <t c="sem">sem</t>
        <t c="auk">auk</t>
        <t c="þess">þess</t>
        <t c="hefði">hefði</t>
        <t c="lofað">lofað</t>
        <t c="enskri">enskri</t>
        <t c="stúlku">stúlku</t>
        <t c="eiginorði">eiginorði</t>
        <t c=".">.</t>
    </s>
    <s>
        <t c="En">En</t>
        <t c="Lispet">Lispet</t>
        <t c="sagði">sagði</t>
        <t c=",">,</t>
        <t c="að">að</t>
        <t c="það">það</t>
        <t c="gæti">gæti</t>
        <t c="fráleitt">fráleitt</t>
        <t c="átt">átt</t>
        <t c="sér">sér</t>
        <t c="stað">stað</t>
        <t c=",">,</t>
        <t c="með">með</t>
        <t c="því">því</t>
        <t c="að">að</t>
        <t c="Englendingurinn">Englendingurinn</t>
        <t c="hefði">hefði</t>
        <t c="sjálfur">sjálfur</t>
        <t c="talað">talað</t>
        <t c=",">,</t>
        <t c="að">að</t>
        <t c="hann">hann</t>
        <t c="elskaði">elskaði</t>
        <t c="hana">hana</t>
        <t c=",">,</t>
        <t c="og">og</t>
        <t c="prestskonan">prestskonan</t>
        <t c="hefði">hefði</t>
        <t c="sjálf">sjálf</t>
        <t c="fullvissað">fullvissað</t>
        <t c="sig">sig</t>
        <t c="um">um</t>
        <t c=",">,</t>
        <t c="að">að</t>
        <t c="hann">hann</t>
        <t c="kæmi">kæmi</t>
        <t c="aftur">aftur</t>
        <t c=".">.</t>
    </s>
    <s>
        <t c="»">»</t>
        <t c="Þá">Þá</t>
        <t c="er">er</t>
        <t c="bæði">bæði</t>
        <t c="þér">þér</t>
        <t c="og">og</t>
        <t c="hann">hann</t>
        <t c="hafið">hafið</t>
        <t c="sagt">sagt</t>
        <t c="það">það</t>
        <t c=",">,</t>
        <t c="hvernig">hvernig</t>
        <t c="getur">getur</t>
        <t c="það">það</t>
        <t c="þá">þá</t>
        <t c="verið">verið</t>
        <t c="ósatt">ósatt</t>
        <t c="?">?</t>
        <t c="«">«</t>
    </s>
    <s>
        <t c="spurði">spurði</t>
        <t c="Lispet">Lispet</t>
        <t c=".">.</t>
    </s>
    <s>
        <t c="»">»</t>
        <t c="Við">Við</t>
        <t c="sögðum">sögðum</t>
        <t c="það">það</t>
        <t c="bara">bara</t>
        <t c="til">til</t>
        <t c="að">að</t>
        <t c="friða">friða</t>
        <t c="þig">þig</t>
        <t c=",">,</t>
        <t c="barnið">barnið</t>
        <t c="gott">gott</t>
        <t c="!">!</t>
        <t c="«">«</t>
    </s>
    <s>
        <t c="svaraði">svaraði</t>
        <t c="prestkonan">prestskonan</t>
        <t c=".">.</t>
    </s>
    <s>
        <t c="»">»</t>
        <t c="En">En</t>
        <t c="þá">þá</t>
        <t c="hafið">hafið</t>
        <t c="þið">þið</t>
        <t c="logið">logið</t>
        <t c="að">að</t>
        <t c="mér">mér</t>
        <t c="!">!</t>
        <t c="«">«</t>
    </s>
    <s>
        <t c="sagði">sagði</t>
        <t c="Lispet">Lispet</t>
        <t c=",">,</t>
        <t c="»">»</t>
        <t c="bæði">bæði</t>
        <t c="þér">þér</t>
        <t c="og">og</t>
        <t c="hann">hann</t>
        <t c="«">«</t>
        <t c=".">.</t>
    </s>
    <s>
        <t c="Prestskonan">Prestskonan</t>
        <t c="svaraði">svaraði</t>
        <t c="því">því</t>
        <t c="engu">engu</t>
        <t c=",">,</t>
        <t c="en">en</t>
        <t c="hristi">hristi</t>
        <t c="að">að</t>
        <t c="eins">eins</t>
        <t c="höfuðið">höfuðið</t>
        <t c=".">.</t>
    </s>
    <s>
        <t c="Lispet">Lispet</t>
        <t c="þagði">þagði</t>
        <t c="líka">líka</t>
        <t c=",">,</t>
        <t c="en">en</t>
        <t c="gekk">gekk</t>
        <t c="svo">svo</t>
        <t c="ofan">ofan</t>
        <t c="í">í</t>
        <t c="dalinn">dalinn</t>
        <t c="og">og</t>
        <t c="kom">kom</t>
        <t c="aftur">aftur</t>
        <t c="klædd">klædd</t>
        <t c="sem">sem</t>
        <t c="Hálandastúlka">Hálandastúlka</t>
        <t c="—">—</t>
        <t c="mjög">mjög</t>
        <t c="óhrein">óhrein</t>
        <t c=",">,</t>
        <t c="en">en</t>
        <t c="þó">þó</t>
        <t c="ekki">ekki</t>
        <t c="með">með</t>
        <t c="hringi">hringi</t>
        <t c="í">í</t>
        <t c="nefi">nefi</t>
        <t c="og">og</t>
        <t c="eyrum">eyrum</t>
        <t c=".">.</t>
    </s>
    <s>
        <t c="Hárið">Hárið</t>
        <t c="var">var</t>
        <t c="fléttað">fléttað</t>
        <t c="með">með</t>
        <t c="svörtu">svörtu</t>
        <t c="bandi">bandi</t>
        <t c="í">í</t>
        <t c="písk">písk</t>
        <t c="uppi">uppi</t>
        <t c="á">á</t>
        <t c="höfðinu">höfðinu</t>
        <t c=",">,</t>
        <t c="eins">eins</t>
        <t c="og">og</t>
        <t c="á">á</t>
        <t c="þeim">þeim</t>
        <t c=".">.</t>
    </s>
    <s>
        <t c="»">»</t>
        <t c="Eg">Ég</t>
        <t c="sný">sný</t>
        <t c="aftur">aftur</t>
        <t c="til">til</t>
        <t c="þjóðflokks">þjóðflokks</t>
        <t c="míns">míns</t>
        <t c="«">«</t>
        <t c=",">,</t>
        <t c="sagði">sagði</t>
        <t c="hún">hún</t>
        <t c=".">.</t>
    </s>
    <s>
        <t c="Þið">Þið</t>
        <t c="hafið">hafið</t>
        <t c="drepið">drepið</t>
        <t c="Lispet">Lispet</t>
        <t c=".">.</t>
    </s>
    <s>
        <t c="Nú">Nú</t>
        <t c="lifir">lifir</t>
        <t c="bara">bara</t>
        <t c="dóttir">dóttir</t>
        <t c="gömlu">gömlu</t>
        <t c="Jadéh">Jan</t>
        <t c=",">,</t>
        <t c="pahari-stúlka">pahari-stúlka</t>
        <t c=",">,</t>
        <t c="sem">sem</t>
        <t c="trúir">trúir</t>
        <t c="á">á</t>
        <t c="Tarka">Taka</t>
        <t c="Devi">Degi</t>
        <t c=".">.</t>
    </s>
    <s>
        <t c="Þið">Þið</t>
        <t c="Englendingar">Englendingar</t>
        <t c="eruð">eruð</t>
        <t c="allir">allir</t>
        <t c="lygarar">lygarar</t>
        <t c="«">«</t>
        <t c=".">.</t>
    </s>
    <s>
        <t c="Prestskonan">Prestskonan</t>
        <t c="varð">varð</t>
        <t c="dauðhrædd">dauðhrædd</t>
        <t c=",">,</t>
        <t c="þegar">þegar</t>
        <t c="hún">hún</t>
        <t c="heyrði">heyrði</t>
        <t c="að">að</t>
        <t c="Lispet">Lispet</t>
        <t c="kastaði">kastaði</t>
        <t c="trú">trú</t>
        <t c="sinni">sinni</t>
        <t c="og">og</t>
        <t c="fór">fór</t>
        <t c="aftur">aftur</t>
        <t c="að">að</t>
        <t c="tilbiðja">tilbiðja</t>
        <t c="guð">guð</t>
        <t c="móður">móður</t>
        <t c="sinnar">sinnar</t>
        <t c=",">,</t>
        <t c="en">en</t>
        <t c="þegar">þegar</t>
        <t c="hún">hún</t>
        <t c="var">var</t>
        <t c="búin">búin</t>
        <t c="að">að</t>
        <t c="átta">átta</t>
        <t c="sig">sig</t>
        <t c=",">,</t>
        <t c="var">var</t>
        <t c="Lispet">Lispet</t>
        <t c="farin">farin</t>
        <t c="brott">brott</t>
        <t c="og">og</t>
        <t c="sást">sást</t>
        <t c="aldrei">aldrei</t>
        <t c="síðar">síðar</t>
        <t c="á">á</t>
        <t c="prestssetrinu">prestssetrinu</t>
        <t c=".">.</t>
    </s>
    <s>
        <t c="Hún">Hún</t>
        <t c="þýddist">þýddist</t>
        <t c="nú">nú</t>
        <t c="að">að</t>
        <t c="eins">eins</t>
        <t c="hinn">hinn</t>
        <t c="ómenntaða">ómenntaða</t>
        <t c="þjóðflokk">þjóðflokk</t>
        <t c="sinn">sinn</t>
        <t c=",">,</t>
        <t c="og">og</t>
        <t c="það">það</t>
        <t c="var">var</t>
        <t c="rétt">rétt</t>
        <t c="eins">eins</t>
        <t c="og">og</t>
        <t c="hún">hún</t>
        <t c="vildi">vildi</t>
        <t c="bæta">bæta</t>
        <t c="honum">honum</t>
        <t c="þann">þann</t>
        <t c="tíma">tíma</t>
        <t c="af">af</t>
        <t c="lífi">lífi</t>
        <t c="sínu">sínu</t>
        <t c=",">,</t>
        <t c="er">er</t>
        <t c="hún">hún</t>
        <t c="hafði">hafði</t>
        <t c="verið">verið</t>
        <t c="fráhverf">fráhverf</t>
        <t c="honum">honum</t>
        <t c=".">.</t>
    </s>
    <s>
        <t c="Skömmu">Skömmu</t>
        <t c="síðar">síðar</t>
        <t c="giftist">giftist</t>
        <t c="hún">hún</t>
        <t c="viðhöggvara">viðhöggið</t>
        <t c=",">,</t>
        <t c="er">er</t>
        <t c="barði">barði</t>
        <t c="hana">hana</t>
        <t c=",">,</t>
        <t c="eins">eins</t>
        <t c="og">og</t>
        <t c="venja">venja</t>
        <t c="er">er</t>
        <t c="hjá">hjá</t>
        <t c="pahari-þjóðflokknum">pahari-þjóðflokknum</t>
        <t c=",">,</t>
        <t c="og">og</t>
        <t c="fegurð">fegurð</t>
        <t c="hennar">hennar</t>
        <t c="hvarf">hvarf</t>
        <t c="óðum">óðum</t>
        <t c=".">.</t>
    </s>
    <s>
        <t c="Prestskonan">Prestskonan</t>
        <t c="sagði">sagði</t>
        <t c=",">,</t>
        <t c="að">að</t>
        <t c="þessir">þessir</t>
        <t c="heiðingjar">heiðingjar</t>
        <t c="gætu">gætu</t>
        <t c="gert">gert</t>
        <t c="allan">allan</t>
        <t c="þremilinn">þremilinn</t>
        <t c="og">og</t>
        <t c="Lispet">Lispet</t>
        <t c="mundi">mundi</t>
        <t c="alltaf">alltaf</t>
        <t c="hafa">hafa</t>
        <t c="verið">verið</t>
        <t c="heiðin">heiðin</t>
        <t c="í">í</t>
        <t c="hjarta">hjarta</t>
        <t c="sinu">sinu</t>
        <t c=".">.</t>
    </s>
    <s>
        <t c="Lispet">Lispet</t>
        <t c="varð">varð</t>
        <t c="mjög">mjög</t>
        <t c="gömul">gömul</t>
        <t c=";">;</t>
        <t c="hún">hún</t>
        <t c="talaði">talaði</t>
        <t c="alltaf">alltaf</t>
        <t c="rétt">rétt</t>
        <t c="og">og</t>
        <t c="viðstöðulaust">viðstöðulaust</t>
        <t c="enska">enska</t>
        <t c="tungu">tungu</t>
        <t c=",">,</t>
        <t c="og">og</t>
        <t c="þegar">þegar</t>
        <t c="hún">hún</t>
        <t c="var">var</t>
        <t c="drukkin">drukkin</t>
        <t c=",">,</t>
        <t c="sagði">sagði</t>
        <t c="hún">hún</t>
        <t c="stundum">stundum</t>
        <t c="ævisögu">ævisögu</t>
        <t c="sína">sína</t>
        <t c=".">.</t>
    </s>
    <s>
        <t c="En">En</t>
        <t c="ótrúlegt">ótrúlegt</t>
        <t c="var">var</t>
        <t c="það">það</t>
        <t c=",">,</t>
        <t c="að">að</t>
        <t c="hin">hin</t>
        <t c="hrukkótta">hrukkótta</t>
        <t c="og">og</t>
        <t c="gremjulega">gremjulega</t>
        <t c="subba">subba</t>
        <t c="hefði">hefði</t>
        <t c="einu">einu</t>
        <t c="sinni">sinni</t>
        <t c="verið">verið</t>
        <t c="hin">hin</t>
        <t c="orðlagða">orðlagða</t>
        <t c="Lispet">Lispet</t>
        <t c="frá">frá</t>
        <t c="prestssetrinu">prestssetrinu</t>
        <t c="Kotgarh">Konar</t>
        <t c=".">.</t>
    </s>
    <s>
        <t c="Góð">Góð</t>
        <t c="ráð">ráð</t>
        <t c=".">.</t>
    </s>
    <s>
        <t c="Púðursykur">Púðursykur</t>
        <t c="er">er</t>
        <t c="ágætt">ágætt</t>
        <t c="rað">ráð</t>
        <t c="við">við</t>
        <t c="hixta">hina</t>
        <t c=".">.</t>
    </s>
    <s>
        <t c="Til">Til</t>
        <t c="þess">þess</t>
        <t c="að">að</t>
        <t c="verjast">verjast</t>
        <t c="kvefi">kvefi</t>
        <t c="er">er</t>
        <t c="gott">gott</t>
        <t c="að">að</t>
        <t c="hafa">hafa</t>
        <t c="pappa">pappa</t>
        <t c="á">á</t>
        <t c="brjóstinu">brjóstinu</t>
        <t c=",">,</t>
        <t c="því">því</t>
        <t c="að">að</t>
        <t c="þá">þá</t>
        <t c="kemst">kemst</t>
        <t c="ekki">ekki</t>
        <t c="súgur">súgur</t>
        <t c="að">að</t>
        <t c="því">því</t>
        <t c=".">.</t>
    </s>
    <s>
        <t c="Til">Til</t>
        <t c="þess">þess</t>
        <t c="að">að</t>
        <t c="varna">varna</t>
        <t c="því">því</t>
        <t c="að">að</t>
        <t c="flær">flær</t>
        <t c="komi">komi</t>
        <t c="í">í</t>
        <t c="rúm">rúm</t>
        <t c=",">,</t>
        <t c="er">er</t>
        <t c="gott">gott</t>
        <t c="að">að</t>
        <t c="láta">láta</t>
        <t c="kamfórumola">kamfóruolía</t>
        <t c="í">í</t>
        <t c="rúmin">rúmin</t>
        <t c=".">.</t>
    </s>
    <s>
        <t c="Gler">Gler</t>
        <t c="verður">verður</t>
        <t c="fagurt">fagurt</t>
        <t c="og">og</t>
        <t c="gljáandi">gljáandi</t>
        <t c=",">,</t>
        <t c="ef">ef</t>
        <t c="það">það</t>
        <t c="er">er</t>
        <t c="fægt">fægt</t>
        <t c="með">með</t>
        <t c="pletsápu">netsíu</t>
        <t c=".">.</t>
    </s>
    <s>
        <t c="Að">Að</t>
        <t c="hafa">hafa</t>
        <t c="lítið">lítið</t>
        <t c="eitt">eitt</t>
        <t c="af">af</t>
        <t c="steinolínu">steinolíu</t>
        <t c="í">í</t>
        <t c="fataþvott">fataþvott</t>
        <t c="er">er</t>
        <t c="mikill">mikill</t>
        <t c="vinnusparnaður">vinnusparnaður</t>
        <t c=",">,</t>
        <t c="en">en</t>
        <t c="þá">þá</t>
        <t c="verður">verður</t>
        <t c="að">að</t>
        <t c="sjóða">sjóða</t>
        <t c="þvottinn">þvottinn</t>
        <t c=".">.</t>
    </s>
    <s>
        <t c="Í">Í</t>
        <t c="VERZLUN">VERSLUN</t>
        <t c="Sturlu">Sturlu</t>
        <t c="Jónssonar">Jónssonar</t>
        <t c="VALLARSTRÆTI">VALLARSTRÆTI</t>
        <t c="4">4</t>
        <t c=".">.</t>
    </s>
    <s>
        <t c="fást">fást</t>
        <t c="Slifsi">Slifsi</t>
        <t c=".">.</t>
    </s>
    <s>
        <t c="Slifsisborðar">Slifsisborðar</t>
        <t c=".">.</t>
    </s>
    <s>
        <t c="Heklugarn">Heklugarn</t>
        <t c=".">.</t>
    </s>
    <s>
        <t c="Zephyrgarn">Zephyrgarn</t>
        <t c=".">.</t>
    </s>
    <s>
        <t c="Fiskigarn">Fiskigarn</t>
        <t c=".">.</t>
    </s>
    <s>
        <t c="Tvisttau">Tvisttau</t>
        <t c=".">.</t>
    </s>
    <s>
        <t c="Flonnel">Fennel</t>
        <t c=".">.</t>
    </s>
    <s>
        <t c="Léreft">Léreft</t>
        <t c="bl.">bl.</t>
        <t c="og">og</t>
        <t c="óbl.">óbl.</t>
        <t c=",">,</t>
        <t c="tvíbreitt">tvíbreitt</t>
        <t c="og">og</t>
        <t c="fjórbreitt">útbreitt</t>
        <t c=".">.</t>
    </s>
    <s>
        <t c="Gardinutau">Gardínutau</t>
        <t c=".">.</t>
    </s>
    <s>
        <t c="Svuntu-">Svuntu-</t>
        <t c="og">og</t>
        <t c="kjólatau">kjólatau</t>
        <t c="o.">o.</t>
        <t c="fl.">fl.</t>
    </s>
    <s>
        <t c="Vetrarsjöl">Vetrarsjöl</t>
        <t c="o.">o.</t>
        <t c="fl.">fl.</t>
        <t c="ofl.">ofl.</t>
    </s>
    <s>
        <t c="John">John</t>
        <t c="Stuart">Stuart</t>
        <t c="Mill">Mill</t>
        <t c=".">.</t>
    </s>
    <s>
        <t c=",">,</t>
        <t c="Kúgun">Kúgun</t>
        <t c="kvenna">kvenna</t>
        <t c="'">'</t>
        <t c=".">.</t>
    </s>
    <s>
        <t c="Islenzk">Íslensk</t>
        <t c="þýðing">þýðing</t>
        <t c=".">.</t>
    </s>
    <s>
        <t c="Gefin">Gefin</t>
        <t c="út">út</t>
        <t c="á">á</t>
        <t c="kostnað">kostnað</t>
        <t c="„">„</t>
        <t c="hins">hins</t>
        <t c="íslenzka">íslenska</t>
        <t c="kvenfélags">kvenfélags</t>
        <t c="“">“</t>
        <t c=",">,</t>
        <t c="Bók">Bók</t>
        <t c="þessi">þessi</t>
        <t c="er">er</t>
        <t c="til">til</t>
        <t c="sólu">sólu</t>
        <t c="hjá">hjá</t>
        <t c="bóksölumönnum">útsölumönnum</t>
        <t c="í">í</t>
        <t c="Reykjavík">Reykjavík</t>
        <t c=".">.</t>
    </s>
    <s>
        <t c="Kostar">Kostar</t>
        <t c="í">í</t>
        <t c="kápu">kápu</t>
        <t c="kr.">kr.</t>
        <t c="1,50">1,50</t>
        <t c=".">.</t>
    </s>
    <s>
        <t c="FRAMSÓKN">FRAMSÓKN</t>
    </s>
    <s>
        <t c="kostar">kostar</t>
        <t c="1">1</t>
        <t c="kr.">kr.</t>
        <t c="hver">hver</t>
        <t c="árgangur">árgangur</t>
        <t c="(">(</t>
        <t c="12">12</t>
        <t c="tölubl.">tölubl.</t>
        <t c=")">)</t>
        <t c=",">,</t>
        <t c="erlendis">erlendis</t>
        <t c="1">1</t>
        <t c="kr.">kr.</t>
        <t c="50">50</t>
        <t c="a.">a.</t>
    </s>
    <s>
        <t c="Nýir">Nýir</t>
        <t c="kaupendur">kaupendur</t>
        <t c="að">að</t>
        <t c="næsta">næsta</t>
        <t c="árgangi">árgangi</t>
        <t c="1901">1901</t>
        <t c="geta">geta</t>
        <t c="fengið">fengið</t>
        <t c="sem">sem</t>
        <t c="kaupbæti">kaupbæti</t>
        <t c="allan">allan</t>
        <t c="árganginn">árganginn</t>
        <t c="1900">1900</t>
        <t c="fyrir">fyrir</t>
        <t c="að">að</t>
        <t c="eins">eins</t>
        <t c="50">50</t>
        <t c="aura">aura</t>
        <t c=",">,</t>
        <t c="eða">eða</t>
        <t c="fyrir">fyrir</t>
        <t c="1">1</t>
        <t c="kr.">kr.</t>
        <t c="50">50</t>
        <t c="a.">a.</t>
        <t c="báða">báða</t>
        <t c="árgangana">árgangana</t>
        <t c=",">,</t>
        <t c="er">er</t>
        <t c="borgist">borgist</t>
        <t c="um">um</t>
        <t c="leið">leið</t>
        <t c="og">og</t>
        <t c="pantað">pantað</t>
        <t c="er">er</t>
        <t c=".">.</t>
    </s>
    <s>
        <t c="Nýir">Nýir</t>
        <t c="kaupendur">kaupendur</t>
        <t c="gefi">gefi</t>
        <t c="sig">sig</t>
        <t c="fram">fram</t>
        <t c="sem">sem</t>
        <t c="fyrst">fyrst</t>
        <t c=".">.</t>
    </s>
    <s>
        <t c="Ungfrú">Ungfrú</t>
        <t c="Ólafía">Ólafía</t>
        <t c="Jóhannsdóttir">Jóhannsdóttir</t>
        <t c=",">,</t>
        <t c="sem">sem</t>
        <t c="nú">nú</t>
        <t c="dvelur">dvelur</t>
        <t c="erlendis">erlendis</t>
        <t c=",">,</t>
        <t c="mun">mun</t>
        <t c="halda">halda</t>
        <t c="áfram">áfram</t>
        <t c="að">að</t>
        <t c="rita">rita</t>
        <t c="í">í</t>
        <t c="blaðið">blaðið</t>
        <t c=".">.</t>
    </s>
    <s>
        <t c="Allir">Allir</t>
        <t c="vinir">vinir</t>
        <t c="»">»</t>
        <t c="Framsóknar">Framsóknar</t>
        <t c="«">«</t>
    </s>
    <s>
        <t c="eru">eru</t>
        <t c="beðnir">beðnir</t>
        <t c="að">að</t>
        <t c="styðja">styðja</t>
        <t c="að">að</t>
        <t c="útbreiðslu">útbreiðslu</t>
        <t c="hennar">hennar</t>
        <t c=".">.</t>
    </s>
    <s>
        <t c="UNDIRSKRIFUÐ">UNDIRSKRIFUÐ</t>
        <t c="tekur">tekur</t>
        <t c="að">að</t>
        <t c="sér">sér</t>
        <t c="að">að</t>
        <t c="straua">straua</t>
        <t c="hálslín">hálslín</t>
        <t c="o.">o.</t>
        <t c="fl.">fl.</t>
        <t c="eptir">eftir</t>
        <t c="nýjustu">nýjustu</t>
        <t c="tízku">tísku</t>
        <t c=";">;</t>
        <t c="gengur">gengur</t>
        <t c="einnig">einnig</t>
        <t c="heim">heim</t>
        <t c="til">til</t>
        <t c="fólks">fólks</t>
        <t c="að">að</t>
        <t c="straua">straua</t>
        <t c=",">,</t>
        <t c="ef">ef</t>
        <t c="þess">þess</t>
        <t c="er">er</t>
        <t c="óskað">óskað</t>
        <t c="og">og</t>
        <t c="kennir">kennir</t>
        <t c="stúlkum">stúlkum</t>
        <t c=".">.</t>
    </s>
    <s>
        <t c="Vesturgötu">Vesturgötu</t>
        <t c="13">13</t>
        <t c="(">(</t>
        <t c="Dúkskoti">Déskoti</t>
        <t c=")">)</t>
        <t c=".">.</t>
    </s>
    <s>
        <t c="Kristín">Kristín</t>
        <t c="Jónsdóttir">Jónsdóttir</t>
        <t c=".">.</t>
    </s>
    <s>
        <t c="Glasgow-Prentsmiðja">Glasgow-Prentsmiðja</t>
        <t c=",">,</t>
    </s>
    <s>
        <t c="þar">þar</t>
        <t c="sem">sem</t>
        <t c="þetta">þetta</t>
        <t c="blað">blað</t>
        <t c="er">er</t>
        <t c="prentað">prentað</t>
        <t c=".">.</t>
    </s>
    <s>
        <t c="tekur">tekur</t>
        <t c="til">til</t>
        <t c="prentunar">prentunar</t>
        <t c="fyrir">fyrir</t>
        <t c="mjög">mjög</t>
        <t c="lágt">lágt</t>
        <t c="verð">verð</t>
        <t c=":">:</t>
        <t c="blöð">blöð</t>
        <t c="og">og</t>
        <t c="smáritlinga">smáritlinga</t>
        <t c=",">,</t>
        <t c="erfiljóð">erfiljóð</t>
        <t c=",">,</t>
        <t c="grafskriftir">grafskriftir</t>
        <t c=",">,</t>
        <t c="markaskrár">markaskrár</t>
        <t c=",">,</t>
        <t c="kvittanaeyðublöð">kvittanaeyðublöð</t>
        <t c=",">,</t>
        <t c="reikninga-">reikninga-</t>
        <t c="og">og</t>
        <t c="bréfhausa">bréfhausa</t>
        <t c="og">og</t>
        <t c="allskonar">allskonar</t>
        <t c="smávegis">smávegis</t>
        <t c=".">.</t>
    </s>
    <s>
        <t c="Letur">Letur</t>
        <t c="fallegt">fallegt</t>
        <t c="skírt">skírt</t>
        <t c="og">og</t>
        <t c="fjölbreytilegt">fjölbreytilegt</t>
        <t c="og">og</t>
        <t c="prentun">prentun</t>
        <t c="fullt">fullt</t>
        <t c="eins">eins</t>
        <t c="smekklega">smekklega</t>
        <t c="af">af</t>
        <t c="hendi">hendi</t>
        <t c="leyst">leyst</t>
        <t c=",">,</t>
        <t c="sem">sem</t>
        <t c="í">í</t>
        <t c="öðrum">öðrum</t>
        <t c="stærri">stærri</t>
        <t c="prentsmiðjum">prentsmiðjum</t>
        <t c="hér">hér</t>
        <t c=".">.</t>
    </s>
    <s>
        <t c="Útgefendur">Útgefendur</t>
        <t c=":">:</t>
        <t c="Jarþrúður">Jarþrúður</t>
        <t c="Jónsdóttir">Jónsdóttir</t>
        <t c=".">.</t>
    </s>
    <s>
        <t c="Ólafia">Ólafía</t>
        <t c="Jóhannsdóttir">Jóhannsdóttir</t>
        <t c=".">.</t>
    </s>
    <s>
        <t c="Glasgow-Prentsmiðja">Glasgow-Prentsmiðja</t>
        <t c=".">.</t>
    </s>
</document>
