<?xml version="1.0" ?>
<document>
    <s>
        <t c="Keilir">Keilir</t>
        <t c="og">og</t>
        <t c="Krafla">Krafla</t>
        <t c=".">.</t>
    </s>
    <s>
        <t c="Þegar">Þegar</t>
        <t c="þau">þau</t>
        <t c="Keilir">Keilir</t>
        <t c="og">og</t>
        <t c="Krafla">Krafla</t>
        <t c="komu">komu</t>
        <t c="inn">inn</t>
        <t c="í">í</t>
        <t c="tjaldið">tjaldið</t>
        <t c=",">,</t>
        <t c="settust">settust</t>
        <t c="þau">þau</t>
        <t c="að">að</t>
        <t c="snæðing">snæðing</t>
        <t c=".">.</t>
    </s>
    <s>
        <t c="—">—</t>
        <t c="Tekur">Tekur</t>
        <t c="þá">þá</t>
        <t c="Krafla">Krafla</t>
        <t c="upp">upp</t>
        <t c="úr">úr</t>
        <t c="Mal">Mal</t>
        <t c="sínum">sínum</t>
        <t c="hangið">hangið</t>
        <t c="kjöt">kjöt</t>
        <t c=",">,</t>
        <t c="reiktan">reyktan</t>
        <t c="Mývatnssilung">Mývatnssilung</t>
        <t c="og">og</t>
        <t c="fleira">fleira</t>
        <t c=".">.</t>
    </s>
    <s>
        <t c="Les">Les</t>
        <t c="Krafla">Krafla</t>
        <t c="svo">svo</t>
        <t c="borðsálminn">borðsálminn</t>
        <t c=":">:</t>
        <t c="„">„</t>
        <t c="Allra">Allra</t>
        <t c="augu">augu</t>
        <t c="vona">vona</t>
        <t c="til">til</t>
        <t c="þín">þín</t>
        <t c="drottinn">drottinn</t>
        <t c="&quot;">&quot;</t>
        <t c=",">,</t>
        <t c="o.">o.</t>
        <t c="s.">s.</t>
        <t c="frv.">frv.</t>
        <t c=",">,</t>
        <t c="og">og</t>
        <t c="biður">biður</t>
        <t c="svo">svo</t>
        <t c="Keilir">Keilir</t>
        <t c="vel">vel</t>
        <t c="kominn">kominn</t>
        <t c="að">að</t>
        <t c="njóta">njóta</t>
        <t c="matar">matar</t>
        <t c="með">með</t>
        <t c="sjer">sér</t>
        <t c=".">.</t>
    </s>
    <s>
        <t c="Keilir">Keilir</t>
        <t c=":">:</t>
        <t c="Það">Það</t>
        <t c="gengur">gengur</t>
        <t c="yfir">yfir</t>
        <t c="mig">mig</t>
        <t c=",">,</t>
        <t c="að">að</t>
        <t c="þú">þú</t>
        <t c="svo">svo</t>
        <t c="gömul">gömul</t>
        <t c="kona">kona</t>
        <t c="skulir">skulir</t>
        <t c="enn">enn</t>
        <t c="ekki">ekki</t>
        <t c="vera">vera</t>
        <t c="búin">búin</t>
        <t c="að">að</t>
        <t c="týna">týna</t>
        <t c="niður">niður</t>
        <t c="borðsálminum">borðsálminum</t>
        <t c="eða">eða</t>
        <t c="leggja">leggja</t>
        <t c="niður">niður</t>
        <t c="að">að</t>
        <t c="lesa">lesa</t>
        <t c="hann">hann</t>
        <t c=";">;</t>
        <t c="jeg">ég</t>
        <t c="lærði">lærði</t>
        <t c="hann">hann</t>
        <t c="að">að</t>
        <t c="sönnu">sönnu</t>
        <t c="í">í</t>
        <t c="ungdæmi">ungdæmi</t>
        <t c="mínu">mínu</t>
        <t c=",">,</t>
        <t c="því">því</t>
        <t c="foreldrar">foreldrar</t>
        <t c="mínir">mínir</t>
        <t c="gengu">gengu</t>
        <t c="mjög">mjög</t>
        <t c="svo">svo</t>
        <t c="strangt">strangt</t>
        <t c="eptir">eftir</t>
        <t c="að">að</t>
        <t c="við">við</t>
        <t c="börnin">börnin</t>
        <t c="læsum">læsum</t>
        <t c="hann">hann</t>
        <t c="hversdagslega">hversdagslega</t>
        <t c="fyrir">fyrir</t>
        <t c="og">og</t>
        <t c="eptir">eftir</t>
        <t c="máltíð">máltíð</t>
        <t c=",">,</t>
        <t c="en">en</t>
        <t c="síðan">síðan</t>
        <t c="jeg">ég</t>
        <t c="fór">fór</t>
        <t c="að">að</t>
        <t c="sitja">sitja</t>
        <t c="til">til</t>
        <t c="borðs">borðs</t>
        <t c="með">með</t>
        <t c="höfðingjum">höfðingjum</t>
        <t c="og">og</t>
        <t c="kaupstaðarbúum">kaupstaðarbúum</t>
        <t c="og">og</t>
        <t c="árferðið">árferðið</t>
        <t c="batnaði">batnaði</t>
        <t c=",">,</t>
        <t c="hefur">hefur</t>
        <t c="það">það</t>
        <t c="gleymst">gleymst</t>
        <t c="bæði">bæði</t>
        <t c="mjer">mér</t>
        <t c="og">og</t>
        <t c="öðrum">öðrum</t>
        <t c=",">,</t>
        <t c="enda">enda</t>
        <t c="hefi">hefi</t>
        <t c="jeg">ég</t>
        <t c="aldrei">aldrei</t>
        <t c="heyrt">heyrt</t>
        <t c=",">,</t>
        <t c="nú">nú</t>
        <t c="í">í</t>
        <t c="mörg">mörg</t>
        <t c="ár">ár</t>
        <t c=",">,</t>
        <t c="prestinn">prestinn</t>
        <t c="áminna">áminna</t>
        <t c="hvorki">hvorki</t>
        <t c="yngri">yngri</t>
        <t c="nje">né</t>
        <t c="eldri">eldri</t>
        <t c="um">um</t>
        <t c="þenna">þennan</t>
        <t c="gamla">gamla</t>
        <t c="vana">vana</t>
        <t c=".">.</t>
    </s>
    <s>
        <t c="Jeg">Ég</t>
        <t c="hefi">hefi</t>
        <t c="líka">líka</t>
        <t c="heyrt">heyrt</t>
        <t c=",">,</t>
        <t c="að">að</t>
        <t c="í">í</t>
        <t c="næstliðin">næstliðin</t>
        <t c="26">26</t>
        <t c="ár">ár</t>
        <t c="hafi">hafi</t>
        <t c="einn">einn</t>
        <t c="presturinn">presturinn</t>
        <t c="eða">eða</t>
        <t c="prófasturinn">prófasturinn</t>
        <t c="aldrei">aldrei</t>
        <t c="húsvitjað">húsvitjað</t>
        <t c=",">,</t>
        <t c="eða">eða</t>
        <t c="látið">látið</t>
        <t c="kapiláninn">kapeláninn</t>
        <t c="gjöra">gjöra</t>
        <t c="það">það</t>
        <t c="svo">svo</t>
        <t c="telja">telja</t>
        <t c="megi">megi</t>
        <t c=";">;</t>
        <t c="jeg">ég</t>
        <t c="veit">veit</t>
        <t c="hann">hann</t>
        <t c="hefði">hefði</t>
        <t c="þó">þó</t>
        <t c="gjört">gjört</t>
        <t c="það">það</t>
        <t c=",">,</t>
        <t c="hefði">hefði</t>
        <t c="hann">hann</t>
        <t c="fundið">fundið</t>
        <t c="það">það</t>
        <t c="skyldu">skyldu</t>
        <t c="sína">sína</t>
        <t c=".">.</t>
    </s>
    <s>
        <t c="Krafla">Krafla</t>
        <t c=":">:</t>
        <t c="Því">Því</t>
        <t c="er">er</t>
        <t c="ver">ver</t>
        <t c=",">,</t>
        <t c="að">að</t>
        <t c="þú">þú</t>
        <t c="munt">munt</t>
        <t c="segja">segja</t>
        <t c="þetta">þetta</t>
        <t c="satt">satt</t>
        <t c=",">,</t>
        <t c="Keilir">Keilir</t>
        <t c="minn">minn</t>
        <t c="!">!</t>
    </s>
    <s>
        <t c="enda">enda</t>
        <t c="bera">bera</t>
        <t c="margir">margir</t>
        <t c=",">,</t>
        <t c="því">því</t>
        <t c="miður">miður</t>
        <t c=",">,</t>
        <t c="ljósan">ljósan</t>
        <t c="vott">vott</t>
        <t c="þess">þess</t>
        <t c=",">,</t>
        <t c="að">að</t>
        <t c="margir">margir</t>
        <t c="prestar">prestar</t>
        <t c="hafa">hafa</t>
        <t c="verið">verið</t>
        <t c="skeytingarlitlir">skeytingarlitlir</t>
        <t c="um">um</t>
        <t c="embættisverk">embættisverk</t>
        <t c="sín">sín</t>
        <t c=",">,</t>
        <t c="einkum">einkum</t>
        <t c="um">um</t>
        <t c="húsvitjanir">húsvitjanir</t>
        <t c=",">,</t>
        <t c="barna-uppfræðingu">barna-uppfræðingu</t>
        <t c="o.">o.</t>
        <t c="fl.">fl.</t>
        <t c=",">,</t>
        <t c="þó">þó</t>
        <t c="að">að</t>
        <t c="sumir">sumir</t>
        <t c="aptur">aftur</t>
        <t c=",">,</t>
        <t c="lof">lof</t>
        <t c="sje">sé</t>
        <t c="drottni">drottni</t>
        <t c=",">,</t>
        <t c="hafi">hafi</t>
        <t c="vandað">vandað</t>
        <t c="þau">þau</t>
        <t c="vel">vel</t>
        <t c=".">.</t>
    </s>
    <s>
        <t c="En">En</t>
        <t c="hjer">hér</t>
        <t c="hefi">hefi</t>
        <t c="jeg">ég</t>
        <t c="nú">nú</t>
        <t c="í">í</t>
        <t c="för">för</t>
        <t c="minni">minni</t>
        <t c="bæði">bæði</t>
        <t c="Vídalíns">Hvítalíns</t>
        <t c="og">og</t>
        <t c="prófessors">prófessors</t>
        <t c="Pjeturs">Pjeturs</t>
        <t c="postillur">postillur</t>
        <t c=",">,</t>
        <t c="sem">sem</t>
        <t c="báðar">báðar</t>
        <t c="eru">eru</t>
        <t c="ágætar">ágætar</t>
        <t c="til">til</t>
        <t c="helgidagalestra">helgidagalaga</t>
        <t c=",">,</t>
        <t c="enda">enda</t>
        <t c="munu">munu</t>
        <t c="þær">þær</t>
        <t c="verða">verða</t>
        <t c="í">í</t>
        <t c="afhaldi">afhaldi</t>
        <t c=",">,</t>
        <t c="eins">eins</t>
        <t c="og">og</t>
        <t c="verðugt">verðugt</t>
        <t c="er">er</t>
        <t c=",">,</t>
        <t c="í">í</t>
        <t c="allra">allra</t>
        <t c="guðhræddra">guðhræddra</t>
        <t c="hjörtum">hjörtum</t>
        <t c="til">til</t>
        <t c="heims">heims</t>
        <t c="enda">enda</t>
        <t c=";">;</t>
        <t c="en">en</t>
        <t c="illa">illa</t>
        <t c="kann">kann</t>
        <t c="jeg">ég</t>
        <t c="við">við</t>
        <t c=",">,</t>
        <t c="að">að</t>
        <t c="kalla">kalla</t>
        <t c="Vídalíns">Hvítalíns</t>
        <t c="postillu">postillu</t>
        <t c="ljettmeti">léttmeti</t>
        <t c="hjá">hjá</t>
        <t c="Pjeturs">Pjeturs</t>
        <t c=",">,</t>
        <t c="því">því</t>
        <t c="enginn">enginn</t>
        <t c="sannkristinn">sannkristinn</t>
        <t c="getur">getur</t>
        <t c="fundið">fundið</t>
        <t c="svo">svo</t>
        <t c="mikinn">mikinn</t>
        <t c="mun">mun</t>
        <t c="þeirra">þeirra</t>
        <t c=".">.</t>
    </s>
    <s>
        <t c="Nú">Nú</t>
        <t c="að">að</t>
        <t c="lokinni">lokinni</t>
        <t c="máltíð">máltíð</t>
        <t c="vil">vil</t>
        <t c="jeg">ég</t>
        <t c="lesa">lesa</t>
        <t c="ræðurnar">ræðurnar</t>
        <t c="í">í</t>
        <t c="Pjeturs">Pjeturs</t>
        <t c="postillu">postillu</t>
        <t c="á">á</t>
        <t c="miðföstusunnudag">miðföstusunnudag</t>
        <t c="og">og</t>
        <t c="7.">7.</t>
        <t c="sunnudag">sunnudag</t>
        <t c="eptir">eftir</t>
        <t c="Trínitatis">Trínitatis</t>
        <t c=",">,</t>
        <t c="og">og</t>
        <t c="þá">þá</t>
        <t c="vona">vona</t>
        <t c="jeg">ég</t>
        <t c=",">,</t>
        <t c="Keilir">Keilir</t>
        <t c="minn">minn</t>
        <t c="!">!</t>
    </s>
    <s>
        <t c="að">að</t>
        <t c="þú">þú</t>
        <t c="sannfærist">sannfærist</t>
        <t c="enn">enn</t>
        <t c="betur">betur</t>
        <t c="um">um</t>
        <t c="það">það</t>
        <t c="hvað">hvað</t>
        <t c="fagur">fagur</t>
        <t c="siður">siður</t>
        <t c="það">það</t>
        <t c="er">er</t>
        <t c=",">,</t>
        <t c="að">að</t>
        <t c="lesa">lesa</t>
        <t c="og">og</t>
        <t c="syngja">syngja</t>
        <t c="borðsálmana">borðsálmana</t>
        <t c="og">og</t>
        <t c="biðja">biðja</t>
        <t c="guð">guð</t>
        <t c="að">að</t>
        <t c="blessa">blessa</t>
        <t c="fæðuna">fæðuna</t>
        <t c="og">og</t>
        <t c="þakka">þakka</t>
        <t c="drottni">drottni</t>
        <t c="fyrir">fyrir</t>
        <t c="hana">hana</t>
        <t c=".">.</t>
    </s>
    <s>
        <t c="Og">Og</t>
        <t c="óskandi">óskandi</t>
        <t c="væri">væri</t>
        <t c="að">að</t>
        <t c="foreldrar">foreldrar</t>
        <t c="ekki">ekki</t>
        <t c="einungis">einungis</t>
        <t c="kenndu">kenndu</t>
        <t c="börnum">börnum</t>
        <t c="sínum">sínum</t>
        <t c="borðsálmana">borðsálmana</t>
        <t c="og">og</t>
        <t c="ljetu">létu</t>
        <t c="þau">þau</t>
        <t c="lesa">lesa</t>
        <t c="þá">þá</t>
        <t c="hversdagslega">hversdagslega</t>
        <t c=",">,</t>
        <t c="heldur">heldur</t>
        <t c="einnig">einnig</t>
        <t c="að">að</t>
        <t c="prestarnir">prestarnir</t>
        <t c="húsvitjuðu">húsvitjuðu</t>
        <t c="á">á</t>
        <t c="hverjum">hverjum</t>
        <t c="vetri">vetri</t>
        <t c="og">og</t>
        <t c="brýndu">brýndu</t>
        <t c="þá">þá</t>
        <t c="og">og</t>
        <t c="endranær">endranær</t>
        <t c="þessa">þessa</t>
        <t c="fögru">fögru</t>
        <t c="reglu">reglu</t>
        <t c="og">og</t>
        <t c="aðrar">aðrar</t>
        <t c="kristilegar">kristilegar</t>
        <t c="dyggðir">dyggðir</t>
        <t c="fyrir">fyrir</t>
        <t c="yngri">yngri</t>
        <t c="sem">sem</t>
        <t c="eldri">eldri</t>
        <t c=".">.</t>
    </s>
    <s>
        <t c="Síðan">Síðan</t>
        <t c="hættu">hættu</t>
        <t c="þau">þau</t>
        <t c="Keilir">Keilir</t>
        <t c="og">og</t>
        <t c="Krafla">Krafla</t>
        <t c="snæðing">snæðing</t>
        <t c="og">og</t>
        <t c="lofuðu">lofuðu</t>
        <t c="drottinn">drottinn</t>
        <t c="fyrir">fyrir</t>
        <t c="saðning">saðning</t>
        <t c="sinn">sinn</t>
        <t c=".">.</t>
    </s>
    <s>
        <t c="Að">Að</t>
        <t c="því">því</t>
        <t c="loknu">loknu</t>
        <t c="las">las</t>
        <t c="Krafla">Krafla</t>
        <t c="hátt">hátt</t>
        <t c="fyrnefndar">fyrrnefndar</t>
        <t c="ræður">ræður</t>
        <t c=",">,</t>
        <t c="og">og</t>
        <t c="fannst">fannst</t>
        <t c="Keilir">Keilir</t>
        <t c="mikið">mikið</t>
        <t c="til">til</t>
        <t c="þeirra">þeirra</t>
        <t c="koma">koma</t>
        <t c=".">.</t>
    </s>
    <s>
        <t c="Keilir">Keilir</t>
        <t c=":">:</t>
        <t c="Jeg">Ég</t>
        <t c="held">held</t>
        <t c="jeg">ég</t>
        <t c="verði">verði</t>
        <t c="nú">nú</t>
        <t c="að">að</t>
        <t c="fara">fara</t>
        <t c="að">að</t>
        <t c="taka">taka</t>
        <t c="upp">upp</t>
        <t c="og">og</t>
        <t c="halda">halda</t>
        <t c="áfram">áfram</t>
        <t c="gamla">gamla</t>
        <t c="vananum">vananum</t>
        <t c="og">og</t>
        <t c="lesa">lesa</t>
        <t c="í">í</t>
        <t c="þessari">þessari</t>
        <t c="bók">bók</t>
        <t c="á">á</t>
        <t c="hverjum">hverjum</t>
        <t c="helgum">helgum</t>
        <t c="degi">degi</t>
        <t c="og">og</t>
        <t c="láta">láta</t>
        <t c="allt">allt</t>
        <t c="mitt">mitt</t>
        <t c="heimilisfólk">heimilisfólk</t>
        <t c="vera">vera</t>
        <t c="viðstatt">viðstatt</t>
        <t c=".">.</t>
    </s>
    <s>
        <t c="Krafla">Krafla</t>
        <t c=":">:</t>
        <t c="Já">Já</t>
        <t c=",">,</t>
        <t c="drottinn">drottinn</t>
        <t c="gæfi">gæfi</t>
        <t c="að">að</t>
        <t c="allir">allir</t>
        <t c="húsbændur">húsbændur</t>
        <t c="ekki">ekki</t>
        <t c="einungis">einungis</t>
        <t c="læsu">læsu</t>
        <t c="húslestur">húslestur</t>
        <t c="á">á</t>
        <t c="hverjum">hverjum</t>
        <t c="helgum">helgum</t>
        <t c="degi">degi</t>
        <t c=",">,</t>
        <t c="heldur">heldur</t>
        <t c="einnig">einnig</t>
        <t c="á">á</t>
        <t c="vetrarkvöldum">vetrarkvöldum</t>
        <t c=",">,</t>
        <t c="bæði">bæði</t>
        <t c="í">í</t>
        <t c="kaupstöðum">kaupstöðum</t>
        <t c="og">og</t>
        <t c="til">til</t>
        <t c="sveita">sveita</t>
        <t c=",">,</t>
        <t c="og">og</t>
        <t c="áminntu">áminntu</t>
        <t c="bæði">bæði</t>
        <t c="börn">börn</t>
        <t c="og">og</t>
        <t c="hjú">hjú</t>
        <t c="um">um</t>
        <t c="að">að</t>
        <t c="sitja">sitja</t>
        <t c="og">og</t>
        <t c="hlýða">hlýða</t>
        <t c="með">með</t>
        <t c="siðsemi">siðsemi</t>
        <t c="og">og</t>
        <t c="virðingarfullri">virðingarfullri</t>
        <t c="eptirtekt">eftirtekt</t>
        <t c="guðs">guðs</t>
        <t c="orði">orði</t>
        <t c="og">og</t>
        <t c="lestri">lestri</t>
        <t c="þess">þess</t>
        <t c=".">.</t>
    </s>
    <s>
        <t c="—">—</t>
        <t c="Síðan">Síðan</t>
        <t c="hætti">hætti</t>
        <t c="Krafla">Krafla</t>
        <t c="ræðunni">ræðunni</t>
        <t c="og">og</t>
        <t c="las">las</t>
        <t c="kvöldbæn">kvöldbæn</t>
        <t c="sína">sína</t>
        <t c=",">,</t>
        <t c="og">og</t>
        <t c="fóru">fóru</t>
        <t c="svo">svo</t>
        <t c="bæði">bæði</t>
        <t c="að">að</t>
        <t c="sofa">sofa</t>
        <t c=".">.</t>
    </s>
    <s>
        <t c="Um">Um</t>
        <t c="morguninn">morguninn</t>
        <t c="vaknaði">vaknaði</t>
        <t c="Keilir">Keilir</t>
        <t c="snemma">snemma</t>
        <t c="og">og</t>
        <t c="vekur">vekur</t>
        <t c="Kröflu">Kröflu</t>
        <t c=",">,</t>
        <t c="og">og</t>
        <t c="segir">segir</t>
        <t c=",">,</t>
        <t c="það">það</t>
        <t c="mun">mun</t>
        <t c="satt">satt</t>
        <t c="sem">sem</t>
        <t c="mælt">mælt</t>
        <t c="er">er</t>
        <t c=",">,</t>
        <t c="að">að</t>
        <t c="þið">þið</t>
        <t c="Norðlendingar">Norðlendingar</t>
        <t c="sjeuð">séuð</t>
        <t c="morgunsvæfir">morgunsvæfir</t>
        <t c=".">.</t>
    </s>
    <s>
        <t c="—">—</t>
        <t c="Jeg">Ég</t>
        <t c="vil">vil</t>
        <t c="nú">nú</t>
        <t c="strax">strax</t>
        <t c="halda">halda</t>
        <t c="af">af</t>
        <t c="stað">stað</t>
        <t c=",">,</t>
        <t c="þó">þó</t>
        <t c="það">það</t>
        <t c="sje">sé</t>
        <t c="sunnudagur">sunnudagur</t>
        <t c=",">,</t>
        <t c="því">því</t>
        <t c="skemmtiferð">skemmtiferð</t>
        <t c="má">má</t>
        <t c="maður">maður</t>
        <t c="líklega">líklega</t>
        <t c="fara">fara</t>
        <t c="á">á</t>
        <t c="helgum">helgum</t>
        <t c="dögum">dögum</t>
        <t c=".">.</t>
    </s>
    <s>
        <t c="Krafla">Krafla</t>
        <t c=":">:</t>
        <t c="Það">Það</t>
        <t c="held">held</t>
        <t c="jeg">ég</t>
        <t c="að">að</t>
        <t c="vísu">vísu</t>
        <t c="saklítið">skrítið</t>
        <t c=",">,</t>
        <t c="því">því</t>
        <t c="með">með</t>
        <t c="fleiru">fleiru</t>
        <t c="verður">verður</t>
        <t c="drottinn">drottinn</t>
        <t c="að">að</t>
        <t c="sönnu">sönnu</t>
        <t c="dýrkaður">dýrkaður</t>
        <t c="en">en</t>
        <t c="með">með</t>
        <t c="kirkjuferðum">kirkjuferðum</t>
        <t c=",">,</t>
        <t c="þó">þó</t>
        <t c="þær">þær</t>
        <t c="sjeu">séu</t>
        <t c="í">í</t>
        <t c="alla">alla</t>
        <t c="staði">staði</t>
        <t c="nauðsynlegar">nauðsynlegar</t>
        <t c="eg">ég</t>
        <t c="loflegar">loflegar</t>
        <t c=",">,</t>
        <t c="þegar">þegar</t>
        <t c="maður">maður</t>
        <t c="birtist">birtist</t>
        <t c="þar">þar</t>
        <t c="eins">eins</t>
        <t c="og">og</t>
        <t c="kristileg">kristileg</t>
        <t c="lög">lög</t>
        <t c="og">og</t>
        <t c="skylda">skylda</t>
        <t c="býður">býður</t>
        <t c=",">,</t>
        <t c="og">og</t>
        <t c="í">í</t>
        <t c="fyrirrúmi">fyrirrúmi</t>
        <t c="ættu">ættu</t>
        <t c="þær">þær</t>
        <t c="að">að</t>
        <t c="sitja">sitja</t>
        <t c=";">;</t>
        <t c="en">en</t>
        <t c="jeg">ég</t>
        <t c="vil">vil</t>
        <t c="nú">nú</t>
        <t c="halda">halda</t>
        <t c="mínum">mínum</t>
        <t c="gamla">gamla</t>
        <t c="vana">vana</t>
        <t c=",">,</t>
        <t c="að">að</t>
        <t c="hvíla">hvíla</t>
        <t c="hjer">hér</t>
        <t c="til">til</t>
        <t c="kvölds">kvölds</t>
        <t c="og">og</t>
        <t c="líka">líka</t>
        <t c="veit">veit</t>
        <t c="jeg">ég</t>
        <t c="það">það</t>
        <t c=",">,</t>
        <t c="að">að</t>
        <t c="ef">ef</t>
        <t c="sjera">séra</t>
        <t c="Sveinbjörn">Sveinbjörn</t>
        <t c="á">á</t>
        <t c="Akureyri">Akureyri</t>
        <t c="frjetti">frétti</t>
        <t c="það">það</t>
        <t c="um">um</t>
        <t c="okkur">okkur</t>
        <t c=",">,</t>
        <t c="að">að</t>
        <t c="við">við</t>
        <t c="byrjuðum">byrjuðum</t>
        <t c=",">,</t>
        <t c="þó">þó</t>
        <t c="það">það</t>
        <t c="aldrei">aldrei</t>
        <t c="væri">væri</t>
        <t c="nema">nema</t>
        <t c="skemmtiferð">skemmtiferð</t>
        <t c="á">á</t>
        <t c="helgum">helgum</t>
        <t c="degi">degi</t>
        <t c=",">,</t>
        <t c="þá">þá</t>
        <t c="fengjum">fengjum</t>
        <t c="við">við</t>
        <t c="skensglósu">skensinu</t>
        <t c="frá">frá</t>
        <t c="honum">honum</t>
        <t c="í">í</t>
        <t c="Norðra">Norðra</t>
        <t c="eins">eins</t>
        <t c="og">og</t>
        <t c="hann">hann</t>
        <t c="gjörði">gjörði</t>
        <t c="þeim">þeim</t>
        <t c="sem">sem</t>
        <t c="ætluðu">ætluðu</t>
        <t c="skemmtiferðina">skemmtiferðina</t>
        <t c="núna">núna</t>
        <t c="9.">9.</t>
        <t c="sunnudag">sunnudag</t>
        <t c="eptir">eftir</t>
        <t c="Trínitatis">Trínitatis</t>
        <t c=",">,</t>
        <t c="og">og</t>
        <t c="hefi">hefi</t>
        <t c="jeg">ég</t>
        <t c="hjer">hér</t>
        <t c="meðferðir">meðferðir</t>
        <t c="bæði">bæði</t>
        <t c="Norðra">Norðra</t>
        <t c="þann">þann</t>
        <t c="og">og</t>
        <t c="svar">svar</t>
        <t c="upp">upp</t>
        <t c="á">á</t>
        <t c="glósuna">glósuna</t>
        <t c=",">,</t>
        <t c="sem">sem</t>
        <t c="svo">svo</t>
        <t c="er">er</t>
        <t c="hljóðandi">hljóðandi</t>
        <t c=":">:</t>
    </s>
    <s>
        <t c="Sjerhver">Sérhver</t>
        <t c="sem">sem</t>
        <t c="með">með</t>
        <t c="nokkurri">nokkurri</t>
        <t c="eptirtekt">eftirtekt</t>
        <t c="les">les</t>
        <t c="greinina">greinina</t>
        <t c="í">í</t>
        <t c="5.">5.</t>
        <t c="ári">ári</t>
        <t c="Norðra">Norðra</t>
        <t c=",">,</t>
        <t c="21.">21.</t>
        <t c="—">—</t>
        <t c="22.">22.</t>
        <t c="bl.">bl.</t>
        <t c=",">,</t>
        <t c="bls.">bls.</t>
        <t c="84">84</t>
        <t c="—">—</t>
        <t c="85">85</t>
        <t c=",">,</t>
        <t c="hlýtur">hlýtur</t>
        <t c="að">að</t>
        <t c="játa">játa</t>
        <t c=",">,</t>
        <t c="að">að</t>
        <t c="hugur">hugur</t>
        <t c="prestsins">prestsins</t>
        <t c="hafi">hafi</t>
        <t c=",">,</t>
        <t c="þá">þá</t>
        <t c="hann">hann</t>
        <t c="ritaði">ritaði</t>
        <t c="hana">hana</t>
        <t c=",">,</t>
        <t c="hlaupið">hlaupið</t>
        <t c="á">á</t>
        <t c="öfugum">öfugum</t>
        <t c="hjólum">hjólum</t>
        <t c="og">og</t>
        <t c="farið">farið</t>
        <t c="því">því</t>
        <t c="nokkuð">nokkuð</t>
        <t c="skrikkjótt">skrykkjótt</t>
        <t c=".">.</t>
    </s>
    <s>
        <t c="—">—</t>
        <t c="Hann">Hann</t>
        <t c="þykist">þykist</t>
        <t c="fyrst">fyrst</t>
        <t c="hafa">hafa</t>
        <t c="sjeð">séð</t>
        <t c="skopast">skopast</t>
        <t c="að">að</t>
        <t c="áhuga">áhuga</t>
        <t c="Akureyrarbúa">Akureyrarbúa</t>
        <t c="að">að</t>
        <t c="koma">koma</t>
        <t c="upp">upp</t>
        <t c="kirkju">kirkju</t>
        <t c="hjá">hjá</t>
        <t c="sjer">sér</t>
        <t c=",">,</t>
        <t c="en">en</t>
        <t c="játar">játar</t>
        <t c="strax">strax</t>
        <t c="á">á</t>
        <t c="eptir">eftir</t>
        <t c=",">,</t>
        <t c="að">að</t>
        <t c="þetta">þetta</t>
        <t c="muni">muni</t>
        <t c="vera">vera</t>
        <t c="rangminni">rangminni</t>
        <t c="sitt">sitt</t>
        <t c="—">—</t>
        <t c="sem">sem</t>
        <t c="líklega">líklega</t>
        <t c="mun">mun</t>
        <t c="vera">vera</t>
        <t c="—">—</t>
        <t c="og">og</t>
        <t c="sjer">sér</t>
        <t c="sje">sé</t>
        <t c="ætíð">ætíð</t>
        <t c="hætt">hætt</t>
        <t c="við">við</t>
        <t c=",">,</t>
        <t c="að">að</t>
        <t c="ætla">ætla</t>
        <t c="heiminum">heiminum</t>
        <t c="heldur">heldur</t>
        <t c="íllt">illt</t>
        <t c="en">en</t>
        <t c="gott">gott</t>
        <t c=",">,</t>
        <t c="þegar">þegar</t>
        <t c="um">um</t>
        <t c="kirkju">kirkju</t>
        <t c="sje">sé</t>
        <t c="að">að</t>
        <t c="gjöra">gjöra</t>
        <t c="(">(</t>
        <t c="—">—</t>
        <t c="ræða">ræða</t>
        <t c="—">—</t>
        <t c="?">?</t>
        <t c=")">)</t>
        <t c=",">,</t>
        <t c="og">og</t>
        <t c="kallar">kallar</t>
        <t c="þetta">þetta</t>
        <t c=",">,</t>
        <t c="eins">eins</t>
        <t c="og">og</t>
        <t c="það">það</t>
        <t c="í">í</t>
        <t c="raun">raun</t>
        <t c="rjettri">réttri</t>
        <t c="er">er</t>
        <t c=",">,</t>
        <t c="engan">engan</t>
        <t c="kost">kost</t>
        <t c="við">við</t>
        <t c="sig">sig</t>
        <t c=".">.</t>
    </s>
    <s>
        <t c="En">En</t>
        <t c="mig">mig</t>
        <t c="minnir">minnir</t>
        <t c=",">,</t>
        <t c="að">að</t>
        <t c="Jokob">Jakob</t>
        <t c="postuli">postuli</t>
        <t c="segi">segi</t>
        <t c="mönnum">mönnum</t>
        <t c=",">,</t>
        <t c="að">að</t>
        <t c="hafa">hafa</t>
        <t c="góða">góða</t>
        <t c="von">von</t>
        <t c="um">um</t>
        <t c="alla">alla</t>
        <t c=",">,</t>
        <t c="en">en</t>
        <t c="einkum">einkum</t>
        <t c="um">um</t>
        <t c="þá">þá</t>
        <t c=",">,</t>
        <t c="sem">sem</t>
        <t c="sjeu">séu</t>
        <t c="af">af</t>
        <t c="trúarinnar">trúarinnar</t>
        <t c="heimkynni">heimkynni</t>
        <t c=";">;</t>
        <t c="það">það</t>
        <t c="lítur">lítur</t>
        <t c="svo">svo</t>
        <t c="út">út</t>
        <t c=",">,</t>
        <t c="sem">sem</t>
        <t c="presturinn">presturinn</t>
        <t c="hafi">hafi</t>
        <t c="gleymt">gleymt</t>
        <t c="þessu">þessu</t>
        <t c=",">,</t>
        <t c="er">er</t>
        <t c="hann">hann</t>
        <t c="segir">segir</t>
        <t c="strax">strax</t>
        <t c="á">á</t>
        <t c="eptir">eftir</t>
        <t c=",">,</t>
        <t c="að">að</t>
        <t c="af">af</t>
        <t c="ávöxtunum">ávöxtunum</t>
        <t c="skuli">skuli</t>
        <t c="menn">menn</t>
        <t c="þekkja">þekkja</t>
        <t c="þá">þá</t>
        <t c=",">,</t>
        <t c="en">en</t>
        <t c="segir">segir</t>
        <t c="þó">þó</t>
        <t c="um">um</t>
        <t c="leið">leið</t>
        <t c=",">,</t>
        <t c="að">að</t>
        <t c="hann">hann</t>
        <t c="viti">viti</t>
        <t c="ei">ei</t>
        <t c="hvern">hvern</t>
        <t c="áhuga">áhuga</t>
        <t c="Akureyrarbúar">Akureyrarnar</t>
        <t c="hafi">hafi</t>
        <t c="í">í</t>
        <t c="kirkjulegu">kirkjulegu</t>
        <t c="tilliti">tilliti</t>
        <t c=".">.</t>
    </s>
    <s>
        <t c="Þetta">Þetta</t>
        <t c="ósamhljóða">ósamhljóða</t>
        <t c="hjal">hjal</t>
        <t c="held">held</t>
        <t c="jeg">ég</t>
        <t c="sje">sé</t>
        <t c="næsta">næsta</t>
        <t c="óverðugt">óverðugt</t>
        <t c="fyrir">fyrir</t>
        <t c="siðaðan">siðaðan</t>
        <t c="prest">prest</t>
        <t c=",">,</t>
        <t c="því">því</t>
        <t c="jeg">ég</t>
        <t c="álít">álít</t>
        <t c="að">að</t>
        <t c="hann">hann</t>
        <t c="miklu">miklu</t>
        <t c="heldur">heldur</t>
        <t c="mætti">mætti</t>
        <t c="fyrirverða">fyrirverða</t>
        <t c="sig">sig</t>
        <t c=",">,</t>
        <t c="þar">þar</t>
        <t c="sem">sem</t>
        <t c="hann">hann</t>
        <t c="hefur">hefur</t>
        <t c="verið">verið</t>
        <t c="prestur">prestur</t>
        <t c="okkar">okkar</t>
        <t c="í">í</t>
        <t c="full">full</t>
        <t c="2">2</t>
        <t c="ár">ár</t>
        <t c="og">og</t>
        <t c="hafa">hafa</t>
        <t c="aldrei">aldrei</t>
        <t c="grenslast">grennslast</t>
        <t c="eptir">eftir</t>
        <t c="hugsum">hugsum</t>
        <t c="manna">manna</t>
        <t c="í">í</t>
        <t c="þessu">þessu</t>
        <t c="efni">efni</t>
        <t c=",">,</t>
        <t c="og">og</t>
        <t c="hefði">hefði</t>
        <t c="hann">hann</t>
        <t c="nokkurn">nokkurn</t>
        <t c="fundið">fundið</t>
        <t c=",">,</t>
        <t c="sem">sem</t>
        <t c="fáir">fáir</t>
        <t c="mundu">mundu</t>
        <t c="verið">verið</t>
        <t c="hafa">hafa</t>
        <t c=",">,</t>
        <t c="sem">sem</t>
        <t c="hefði">hefði</t>
        <t c="haft">haft</t>
        <t c="litla">litla</t>
        <t c="eða">eða</t>
        <t c="enga">enga</t>
        <t c="tilfinningu">tilfinningu</t>
        <t c="fyrir">fyrir</t>
        <t c=",">,</t>
        <t c="að">að</t>
        <t c="hjer">hér</t>
        <t c="kæmist">kæmist</t>
        <t c="upp">upp</t>
        <t c="kirkja">kirkja</t>
        <t c=",">,</t>
        <t c="þá">þá</t>
        <t c="að">að</t>
        <t c="leiðrjetta">leiðrétta</t>
        <t c="þá">þá</t>
        <t c="með">með</t>
        <t c="hógværum">hógværum</t>
        <t c="anda">anda</t>
        <t c="og">og</t>
        <t c="sannfæra">sannfæra</t>
        <t c="þá">þá</t>
        <t c="um">um</t>
        <t c="nauðsynina">nauðsynina</t>
        <t c=",">,</t>
        <t c="en">en</t>
        <t c="það">það</t>
        <t c="er">er</t>
        <t c="öðru">öðru</t>
        <t c="nær">nær</t>
        <t c=",">,</t>
        <t c="en">en</t>
        <t c="kapiláninn">kapeláninn</t>
        <t c="hafi">hafi</t>
        <t c="gjört">gjört</t>
        <t c="þetta">þetta</t>
        <t c=",">,</t>
        <t c="hann">hann</t>
        <t c="hefur">hefur</t>
        <t c="í">í</t>
        <t c="mín">mín</t>
        <t c="eyru">eyru</t>
        <t c=",">,</t>
        <t c="víst">víst</t>
        <t c="tvisvar">tvisvar</t>
        <t c="talað">talað</t>
        <t c="þau">þau</t>
        <t c="orð">orð</t>
        <t c=",">,</t>
        <t c="að">að</t>
        <t c="Akureyrarbúar">Akureyrarnar</t>
        <t c="þeir">þeir</t>
        <t c=",">,</t>
        <t c="er">er</t>
        <t c="hjer">hér</t>
        <t c="væri">væri</t>
        <t c="nú">nú</t>
        <t c=",">,</t>
        <t c="væri">væri</t>
        <t c="ei">ei</t>
        <t c="verðugir">verðugir</t>
        <t c="fyrir">fyrir</t>
        <t c="að">að</t>
        <t c="fá">fá</t>
        <t c="kirkju">kirkju</t>
        <t c=",">,</t>
        <t c="heldur">heldur</t>
        <t c="þyrftu">þyrftu</t>
        <t c="þeir">þeir</t>
        <t c="að">að</t>
        <t c="deyja">deyja</t>
        <t c="út">út</t>
        <t c="af">af</t>
        <t c="áður">áður</t>
        <t c=",">,</t>
        <t c="eins">eins</t>
        <t c="og">og</t>
        <t c="Ísraels">Ísraels</t>
        <t c="líður">líður</t>
        <t c="fjekk">fékk</t>
        <t c="ei">ei</t>
        <t c="að">að</t>
        <t c="komast">komast</t>
        <t c="inn">inn</t>
        <t c="í">í</t>
        <t c="fyrirheitna">fyrirheitna</t>
        <t c="landið">landið</t>
        <t c=",">,</t>
        <t c="heldur">heldur</t>
        <t c="deyja">deyja</t>
        <t c="út">út</t>
        <t c="af">af</t>
        <t c="í">í</t>
        <t c="eyðimörkinni">eyðimörkinni</t>
        <t c=";">;</t>
        <t c="og">og</t>
        <t c="ætíð">ætíð</t>
        <t c="þegar">þegar</t>
        <t c="jeg">ég</t>
        <t c="hef">hef</t>
        <t c="átt">átt</t>
        <t c="tal">tal</t>
        <t c="við">við</t>
        <t c="hann">hann</t>
        <t c="um">um</t>
        <t c="það">það</t>
        <t c=",">,</t>
        <t c="hvaða">hvaða</t>
        <t c="nauðsyn">nauðsyn</t>
        <t c="væri">væri</t>
        <t c="á">á</t>
        <t c="að">að</t>
        <t c="koma">koma</t>
        <t c="hjer">hér</t>
        <t c="upp">upp</t>
        <t c="kirkju">kirkju</t>
        <t c=",">,</t>
        <t c="hefur">hefur</t>
        <t c="hann">hann</t>
        <t c="snúið">snúið</t>
        <t c="því">því</t>
        <t c="tali">tali</t>
        <t c="frá">frá</t>
        <t c="sjer">sér</t>
        <t c="með">með</t>
        <t c="glettu">glettu</t>
        <t c="orðum">orðum</t>
        <t c="um">um</t>
        <t c="siðferði">siðferði</t>
        <t c="Akureyrarbúa">Akureyrarbúa</t>
        <t c=",">,</t>
        <t c="án">án</t>
        <t c="nokkurra">nokkurra</t>
        <t c="ástæða">ástæða</t>
        <t c=".">.</t>
    </s>
    <s>
        <t c="En">En</t>
        <t c="aldrei">aldrei</t>
        <t c="að">að</t>
        <t c="þessum">þessum</t>
        <t c="degi">degi</t>
        <t c=",">,</t>
        <t c="það">það</t>
        <t c="jeg">ég</t>
        <t c="til">til</t>
        <t c="veit">veit</t>
        <t c=",">,</t>
        <t c="hefur">hefur</t>
        <t c="hann">hann</t>
        <t c="opinberlega">opinberlega</t>
        <t c="látið">látið</t>
        <t c="til">til</t>
        <t c="sín">sín</t>
        <t c="heyra">heyra</t>
        <t c="eitt">eitt</t>
        <t c="aðvörunarorð">aðvörunarorð</t>
        <t c=",">,</t>
        <t c="hvorki">hvorki</t>
        <t c="um">um</t>
        <t c="sunnudaga">sunnudaga</t>
        <t c="róðra">róðra</t>
        <t c=",">,</t>
        <t c="drykkjuslark">drykkjuslark</t>
        <t c="eða">eða</t>
        <t c="lestaferðir">lestaferðir</t>
        <t c="á">á</t>
        <t c="helgum">helgum</t>
        <t c="dögum">dögum</t>
        <t c=",">,</t>
        <t c="fyr">fyrr</t>
        <t c="en">en</t>
        <t c="nú">nú</t>
        <t c=",">,</t>
        <t c="er">er</t>
        <t c="hann">hann</t>
        <t c="þvær">þvær</t>
        <t c="hendur">hendur</t>
        <t c="sínar">sínar</t>
        <t c="—">—</t>
        <t c="líkt">líkt</t>
        <t c="og">og</t>
        <t c="Pílatus">Plats</t>
        <t c="—">—</t>
        <t c="með">með</t>
        <t c="sinni">sinni</t>
        <t c="meðfæddu">meðfæddu</t>
        <t c="einlægni">einlægni</t>
        <t c=",">,</t>
        <t c="og">og</t>
        <t c="vitnar">vitnar</t>
        <t c=",">,</t>
        <t c="að">að</t>
        <t c="flestir">flestir</t>
        <t c="málsmetandi">málsmetandi</t>
        <t c="menn">menn</t>
        <t c="á">á</t>
        <t c="Akureyri">Akureyri</t>
        <t c="hafi">hafi</t>
        <t c="gefið">gefið</t>
        <t c="16">16</t>
        <t c="rd.">rd.</t>
    </s>
    <s>
        <t c="og">og</t>
        <t c="nokkur">nokkur</t>
        <t c="borð">borð</t>
        <t c="til">til</t>
        <t c="að">að</t>
        <t c="koma">koma</t>
        <t c="upp">upp</t>
        <t c="lopti">lofti</t>
        <t c="í">í</t>
        <t c="Kaupangskirkju">Kaupangskirkju</t>
        <t c=".">.</t>
    </s>
    <s>
        <t c="Þetta">Þetta</t>
        <t c="á">á</t>
        <t c="—">—</t>
        <t c="ef">ef</t>
        <t c="jeg">ég</t>
        <t c="skil">skil</t>
        <t c="rjett">rétt</t>
        <t c="—">—</t>
        <t c="að">að</t>
        <t c="vera">vera</t>
        <t c="þeim">þeim</t>
        <t c="til">til</t>
        <t c="minnkunar">minnkunar</t>
        <t c="hvað">hvað</t>
        <t c="lítið">lítið</t>
        <t c="það">það</t>
        <t c="er">er</t>
        <t c=".">.</t>
    </s>
    <s>
        <t c="En">En</t>
        <t c="þess">þess</t>
        <t c="má">má</t>
        <t c="þó">þó</t>
        <t c="geta">geta</t>
        <t c="hjer">hér</t>
        <t c=",">,</t>
        <t c="að">að</t>
        <t c="sjera">séra</t>
        <t c="Sveinbjörn">Sveinbjörn</t>
        <t c="safnaði">safnaði</t>
        <t c="gjöfunum">gjöfunum</t>
        <t c="um">um</t>
        <t c="næstlið">næstliðnu</t>
        <t c="nýár">nýár</t>
        <t c=",">,</t>
        <t c="en">en</t>
        <t c="hefur">hefur</t>
        <t c="ei">ei</t>
        <t c="enn">enn</t>
        <t c="haft">haft</t>
        <t c="framkvæmd">framkvæmd</t>
        <t c="til">til</t>
        <t c="að">að</t>
        <t c="láta">láta</t>
        <t c="taka">taka</t>
        <t c="út">út</t>
        <t c="trjáviðinn">trjáviðinn</t>
        <t c="eða">eða</t>
        <t c="byrja">byrja</t>
        <t c="á">á</t>
        <t c="smíði">smíði</t>
        <t c="loptsins">loftsins</t>
        <t c=".">.</t>
    </s>
    <s>
        <t c="Nú">Nú</t>
        <t c="fer">fer</t>
        <t c="hann">hann</t>
        <t c="að">að</t>
        <t c="skensa">skensa</t>
        <t c="alla">alla</t>
        <t c="Akureyrarbúa">Akureyrarbúa</t>
        <t c="fyrir">fyrir</t>
        <t c="það">það</t>
        <t c=",">,</t>
        <t c="að">að</t>
        <t c="fáeinir">fáeinir</t>
        <t c="menn">menn</t>
        <t c="þaðan">þaðan</t>
        <t c="ætluðu">ætluðu</t>
        <t c="á">á</t>
        <t c="sunnudag">sunnudag</t>
        <t c="að">að</t>
        <t c="ríða">ríða</t>
        <t c="sjer">sér</t>
        <t c="til">til</t>
        <t c="saklausrar">saklausrar</t>
        <t c="skemmtunar">skemmtunar</t>
        <t c="norður">norður</t>
        <t c="í">í</t>
        <t c="Háls-">Háls-</t>
        <t c="og">og</t>
        <t c="Vaglaskóg">Vaglaskóg</t>
        <t c=",">,</t>
        <t c="til">til</t>
        <t c="að">að</t>
        <t c="dázt">dást</t>
        <t c="þar">þar</t>
        <t c="að">að</t>
        <t c="dásemdarverkum">dásemdarverkum</t>
        <t c="drottins">drottins</t>
        <t c="og">og</t>
        <t c="gleðja">gleðja</t>
        <t c="sig">sig</t>
        <t c="í">í</t>
        <t c="skoðun">skoðun</t>
        <t c="þeirra">þeirra</t>
        <t c=";">;</t>
        <t c="og">og</t>
        <t c="í">í</t>
        <t c="niðurlagi">niðurlagi</t>
        <t c="þessarar">þessarar</t>
        <t c="greinar">greinar</t>
        <t c=",">,</t>
        <t c="segir">segir</t>
        <t c="hann">hann</t>
        <t c=",">,</t>
        <t c="að">að</t>
        <t c="vjer">vér</t>
        <t c="innbúar">innbúar</t>
        <t c="Akureyrar">Akureyrar</t>
        <t c=",">,</t>
        <t c="munum">munum</t>
        <t c="sæta">sæta</t>
        <t c="straffi">straffi</t>
        <t c="synda">synda</t>
        <t c="vorra">vorra</t>
        <t c="í">í</t>
        <t c="flóði">flóði</t>
        <t c="og">og</t>
        <t c="vaðli">vaðli</t>
        <t c="á">á</t>
        <t c="Vöðluheiði">Völuleiði</t>
        <t c=",">,</t>
        <t c="þegar">þegar</t>
        <t c="vjer">vér</t>
        <t c="tugum">tugum</t>
        <t c="saman">saman</t>
        <t c="ætlum">ætlum</t>
        <t c="í">í</t>
        <t c="musteri">musteri</t>
        <t c="drottins">drottins</t>
        <t c=".">.</t>
    </s>
    <s>
        <t c="Þetta">Þetta</t>
        <t c="getur">getur</t>
        <t c="mjer">mér</t>
        <t c="ekki">ekki</t>
        <t c="skilist">skilist</t>
        <t c="betur">betur</t>
        <t c="en">en</t>
        <t c="sje">sé</t>
        <t c="aðvörun">aðvörun</t>
        <t c="frá">frá</t>
        <t c="kapiláninum">kapeláninum</t>
        <t c="til">til</t>
        <t c="okkar">okkar</t>
        <t c=",">,</t>
        <t c="að">að</t>
        <t c="við">við</t>
        <t c="skulum">skulum</t>
        <t c="ei">ei</t>
        <t c="vogast">vogast</t>
        <t c="fleiri">fleiri</t>
        <t c="en">en</t>
        <t c="9">9</t>
        <t c="í">í</t>
        <t c="senn">senn</t>
        <t c="til">til</t>
        <t c="musteris">musteris</t>
        <t c="drottins">drottins</t>
        <t c=",">,</t>
        <t c="því">því</t>
        <t c="ef">ef</t>
        <t c="við">við</t>
        <t c="færum">færum</t>
        <t c="þangað">þangað</t>
        <t c="svo">svo</t>
        <t c="tugum">tugum</t>
        <t c="skipti">skipti</t>
        <t c=",">,</t>
        <t c="mundum">mundum</t>
        <t c="vjer">vér</t>
        <t c="sæta">sæta</t>
        <t c="refsidómi">refsidómi</t>
        <t c="drottins">drottins</t>
        <t c=";">;</t>
        <t c="og">og</t>
        <t c="dregur">dregur</t>
        <t c="hann">hann</t>
        <t c="líklega">líklega</t>
        <t c="þessa">þessa</t>
        <t c="fögru">fögru</t>
        <t c="hugmynd">hugmynd</t>
        <t c="sína">sína</t>
        <t c="af">af</t>
        <t c="því">því</t>
        <t c=",">,</t>
        <t c="að">að</t>
        <t c="í">í</t>
        <t c="fyrsta">fyrsta</t>
        <t c="sinni">sinni</t>
        <t c=",">,</t>
        <t c="er">er</t>
        <t c="hann">hann</t>
        <t c="tók">tók</t>
        <t c="hempu">hempu</t>
        <t c="sína">sína</t>
        <t c="ofan">ofan</t>
        <t c="af">af</t>
        <t c="katólsku">katólsku</t>
        <t c="uglunni">uglunni</t>
        <t c="og">og</t>
        <t c="framflutti">framflutti</t>
        <t c="messugjörð">messugjörð</t>
        <t c="að">að</t>
        <t c="Kaupangi">Kaupangi</t>
        <t c="(">(</t>
        <t c="1.">1.</t>
        <t c="júlí">júlí</t>
        <t c="1855">1855</t>
        <t c=")">)</t>
        <t c="flykktist">flykktist</t>
        <t c="múgur">múgur</t>
        <t c="manna">manna</t>
        <t c="að">að</t>
        <t c="kirkjunni">kirkjunni</t>
        <t c="að">að</t>
        <t c="hlýða">hlýða</t>
        <t c="kenningu">kenningu</t>
        <t c="hans">hans</t>
        <t c=";">;</t>
        <t c="en">en</t>
        <t c="rjett">rétt</t>
        <t c="að">að</t>
        <t c="liðinni">liðinni</t>
        <t c="messugjörð">messugjörð</t>
        <t c=",">,</t>
        <t c="var">var</t>
        <t c="eins">eins</t>
        <t c="og">og</t>
        <t c="himininn">himininn</t>
        <t c="mundi">mundi</t>
        <t c="umhverfast">umhverfast</t>
        <t c="með">með</t>
        <t c="húðar">húðar</t>
        <t c="rigning">rigning</t>
        <t c=",">,</t>
        <t c="reiðarþrumum">reiðarþrumum</t>
        <t c="og">og</t>
        <t c="eldingum">eldingum</t>
        <t c=",">,</t>
        <t c="eins">eins</t>
        <t c="og">og</t>
        <t c="drottinn">drottinn</t>
        <t c="hefði">hefði</t>
        <t c="reiðst">reiðst</t>
        <t c="því">því</t>
        <t c=",">,</t>
        <t c="að">að</t>
        <t c="hempan">hempan</t>
        <t c="hefði">hefði</t>
        <t c="ei">ei</t>
        <t c="hangið">hangið</t>
        <t c="lengur">lengur</t>
        <t c="á">á</t>
        <t c="nefndri">nefndri</t>
        <t c="uglu">uglu</t>
        <t c="eða">eða</t>
        <t c="að">að</t>
        <t c="hann">hann</t>
        <t c="fjekk">fékk</t>
        <t c="að">að</t>
        <t c="fara">fara</t>
        <t c="í">í</t>
        <t c="hana">hana</t>
        <t c="aptur">aftur</t>
        <t c=".">.</t>
    </s>
    <s>
        <t c="Að">Að</t>
        <t c="endingu">endingu</t>
        <t c="vil">vil</t>
        <t c="jeg">ég</t>
        <t c="geta">geta</t>
        <t c="þess">þess</t>
        <t c="að">að</t>
        <t c="kirkjuræktarleysi">kirkjuræktarleysi</t>
        <t c="Akureyrarbúa">Akureyrarbúa</t>
        <t c="komi">komi</t>
        <t c="mest">mest</t>
        <t c="af">af</t>
        <t c="því">því</t>
        <t c=",">,</t>
        <t c="að">að</t>
        <t c="þeim">þeim</t>
        <t c="þyki">þyki</t>
        <t c="orðræður">orðræður</t>
        <t c="prestsins">prestsins</t>
        <t c="stundum">stundum</t>
        <t c="utan">utan</t>
        <t c="kirkju">kirkju</t>
        <t c="ei">ei</t>
        <t c="samsvara">samsvara</t>
        <t c="kenningu">kenningu</t>
        <t c="hans">hans</t>
        <t c="í">í</t>
        <t c="kirkiunni">kirkjunni</t>
        <t c=",">,</t>
        <t c="og">og</t>
        <t c="eins">eins</t>
        <t c="hitt">hitt</t>
        <t c=",">,</t>
        <t c="að">að</t>
        <t c="þeim">þeim</t>
        <t c="þyki">þyki</t>
        <t c="presturinn">presturinn</t>
        <t c="heldur">heldur</t>
        <t c="þaulsætinn">þaulsætinn</t>
        <t c="á">á</t>
        <t c="helgum">helgum</t>
        <t c="vetrardögum">vetrardögum</t>
        <t c=",">,</t>
        <t c="og">og</t>
        <t c="í">í</t>
        <t c="þriðja">þriðja</t>
        <t c="lagi">lagi</t>
        <t c="mun">mun</t>
        <t c="þeim">þeim</t>
        <t c="ekki">ekki</t>
        <t c="þykja">þykja</t>
        <t c="neitt">neitt</t>
        <t c="fýsilegt">fýsilegt</t>
        <t c="að">að</t>
        <t c="heyra">heyra</t>
        <t c="gamlar">gamlar</t>
        <t c=",">,</t>
        <t c="mörgum">mörgum</t>
        <t c="vel">vel</t>
        <t c="ljósar">ljósar</t>
        <t c="ræður">ræður</t>
        <t c=",">,</t>
        <t c="eins">eins</t>
        <t c="og">og</t>
        <t c="t.">t.</t>
        <t c="a.">a.</t>
        <t c="m.">m.</t>
        <t c="í">í</t>
        <t c="fyrra">fyrra</t>
        <t c="á">á</t>
        <t c="nyársdagskvöld">nyársdagskvöld</t>
        <t c="ræðuna">ræðuna</t>
        <t c="úr">úr</t>
        <t c="Karls">Karls</t>
        <t c="Ebelings">Erlings</t>
        <t c="prjedikunum">prédikunum</t>
        <t c=",">,</t>
        <t c="og">og</t>
        <t c="í">í</t>
        <t c="vetur">vetur</t>
        <t c="ræðuna">ræðuna</t>
        <t c="á">á</t>
        <t c="annan">annan</t>
        <t c="sunnudag">sunnudag</t>
        <t c="eptir">eftir</t>
        <t c="þrettánda">þrettánda</t>
        <t c="úr">úr</t>
        <t c="fyrsta">fyrsta</t>
        <t c="ári">ári</t>
        <t c="presta">presta</t>
        <t c="og">og</t>
        <t c="aðstoðarpresta">aðstoðarpresta</t>
        <t c="í">í</t>
        <t c="Þórnessþingi">Þórnessþingi</t>
        <t c="um">um</t>
        <t c="ofdrykkju">ofdrykkju</t>
        <t c="og">og</t>
        <t c="stofnun">stofnun</t>
        <t c="bindindisfjelaga">bindindisfélaga</t>
        <t c="í">í</t>
        <t c="Vesturheimi">Vesturheimi</t>
        <t c=",">,</t>
        <t c="þó">þó</t>
        <t c="þeir">þeir</t>
        <t c="megi">megi</t>
        <t c="játa">játa</t>
        <t c=",">,</t>
        <t c="að">að</t>
        <t c="báðar">báðar</t>
        <t c="ræðurnar">ræðurnar</t>
        <t c="sjeu">séu</t>
        <t c="upprunalega">upprunalega</t>
        <t c="góðar">góðar</t>
        <t c=";">;</t>
        <t c="og">og</t>
        <t c="ekki">ekki</t>
        <t c="verður">verður</t>
        <t c="því">því</t>
        <t c="neitað">neitað</t>
        <t c=",">,</t>
        <t c="að">að</t>
        <t c="ekki">ekki</t>
        <t c="lítur">lítur</t>
        <t c="það">það</t>
        <t c="vel">vel</t>
        <t c="út">út</t>
        <t c=",">,</t>
        <t c="að">að</t>
        <t c="framflytja">framflytja</t>
        <t c="slíkar">slíkar</t>
        <t c="ræður">ræður</t>
        <t c="í">í</t>
        <t c="tvöföldu">tvöföldu</t>
        <t c="ábataskyni">ábataskyni</t>
        <t c=",">,</t>
        <t c="fyrst">fyrst</t>
        <t c="að">að</t>
        <t c="fá">fá</t>
        <t c="fyrir">fyrir</t>
        <t c="þær">þær</t>
        <t c="sín">sín</t>
        <t c="venjuleg">venjuleg</t>
        <t c="prestgjöld">prestsgjöld</t>
        <t c="og">og</t>
        <t c="síðan">síðan</t>
        <t c="selja">selja</t>
        <t c="þær">þær</t>
        <t c="prentaðar">prentaðar</t>
        <t c="með">með</t>
        <t c="ærnu">ærnu</t>
        <t c="verði">verði</t>
        <t c=",">,</t>
        <t c="þó">þó</t>
        <t c="að">að</t>
        <t c="vísu">vísu</t>
        <t c="hinar">hinar</t>
        <t c="fyrri">fyrri</t>
        <t c="væru">væru</t>
        <t c="ei">ei</t>
        <t c="allar">allar</t>
        <t c="seldar">seldar</t>
        <t c=".">.</t>
    </s>
    <s>
        <t c="Keilir">Keilir</t>
        <t c=":">:</t>
        <t c="Því">Því</t>
        <t c="fór">fór</t>
        <t c="maðurinn">maðurinn</t>
        <t c="að">að</t>
        <t c="finna">finna</t>
        <t c="að">að</t>
        <t c="þessu">þessu</t>
        <t c="við">við</t>
        <t c="fólkið">fólkið</t>
        <t c=",">,</t>
        <t c="þó">þó</t>
        <t c="það">það</t>
        <t c="vildi">vildi</t>
        <t c="skemmta">skemmta</t>
        <t c="sjer">sér</t>
        <t c=";">;</t>
        <t c="það">það</t>
        <t c="var">var</t>
        <t c="heldur">heldur</t>
        <t c="ekki">ekki</t>
        <t c="þess">þess</t>
        <t c="sóknarkirkja">sóknarkirkja</t>
        <t c="sem">sem</t>
        <t c="það">það</t>
        <t c="reið">reið</t>
        <t c="fram">fram</t>
        <t c="hjá">hjá</t>
        <t c=".">.</t>
    </s>
    <s>
        <t c="Krafla">Krafla</t>
        <t c=":">:</t>
        <t c="Sama">Sama</t>
        <t c="rjett">rétt</t>
        <t c="hafði">hafði</t>
        <t c="hann">hann</t>
        <t c="á">á</t>
        <t c="því">því</t>
        <t c=",">,</t>
        <t c="hvaða">hvaða</t>
        <t c="kirkja">kirkja</t>
        <t c="sem">sem</t>
        <t c="það">það</t>
        <t c="var">var</t>
        <t c=",">,</t>
        <t c="hefði">hefði</t>
        <t c="hann">hann</t>
        <t c="gjört">gjört</t>
        <t c="það">það</t>
        <t c="með">með</t>
        <t c="hreinskilni">hreinskilni</t>
        <t c=",">,</t>
        <t c="því">því</t>
        <t c="hreinskilnin">hreinskilnin</t>
        <t c="skartar">skartar</t>
        <t c="vel">vel</t>
        <t c=",">,</t>
        <t c="og">og</t>
        <t c="ekki">ekki</t>
        <t c="síst">síst</t>
        <t c="á">á</t>
        <t c="prestum">prestum</t>
        <t c=",">,</t>
        <t c="og">og</t>
        <t c="þá">þá</t>
        <t c="mundi">mundi</t>
        <t c="enginn">enginn</t>
        <t c="hafa">hafa</t>
        <t c="reiðst">reiðst</t>
        <t c="eða">eða</t>
        <t c="skrifað">skrifað</t>
        <t c="á">á</t>
        <t c="móti">móti</t>
        <t c="því">því</t>
        <t c=";">;</t>
        <t c="og">og</t>
        <t c="svo">svo</t>
        <t c="þekki">þekki</t>
        <t c="jeg">ég</t>
        <t c="Akureyrarbúa">Akureyrarbúa</t>
        <t c=",">,</t>
        <t c="að">að</t>
        <t c="margir">margir</t>
        <t c="þeirra">þeirra</t>
        <t c="tæku">tæku</t>
        <t c="vel">vel</t>
        <t c="rjettum">réttum</t>
        <t c="áminningum">áminningum</t>
        <t c="prests">prests</t>
        <t c="síns">síns</t>
        <t c=",">,</t>
        <t c="og">og</t>
        <t c="gjörðu">gjörðu</t>
        <t c="við">við</t>
        <t c="því">því</t>
        <t c="sein">sein</t>
        <t c="misjafnt">misjafnt</t>
        <t c="er">er</t>
        <t c="í">í</t>
        <t c="fari">fari</t>
        <t c="þeirra">þeirra</t>
        <t c=",">,</t>
        <t c="því">því</t>
        <t c="þar">þar</t>
        <t c="er">er</t>
        <t c="margur">margur</t>
        <t c="maður">maður</t>
        <t c="hreinlyndur">hreinlyndur</t>
        <t c=",">,</t>
        <t c="þó">þó</t>
        <t c="sumir">sumir</t>
        <t c="sjeu">séu</t>
        <t c="þar">þar</t>
        <t c="nokkuð">nokkuð</t>
        <t c="opinskárir">opinskáir</t>
        <t c=".">.</t>
    </s>
    <s>
        <t c="—">—</t>
        <t c="Önnur">Önnur</t>
        <t c="eins">eins</t>
        <t c="grein">grein</t>
        <t c="og">og</t>
        <t c="sú">sú</t>
        <t c="í">í</t>
        <t c="Norðra">Norðra</t>
        <t c="held">held</t>
        <t c="jeg">ég</t>
        <t c="sje">sé</t>
        <t c="ei">ei</t>
        <t c="til">til</t>
        <t c="annars">annars</t>
        <t c="en">en</t>
        <t c="að">að</t>
        <t c="gjöra">gjöra</t>
        <t c="prestinn">prestinn</t>
        <t c="miður">miður</t>
        <t c="þokkaðann">þokkaðan</t>
        <t c=",">,</t>
        <t c="en">en</t>
        <t c="ávinni">ávinni</t>
        <t c="ekkert">ekkert</t>
        <t c="til">til</t>
        <t c="betrunar">betrunar</t>
        <t c=",">,</t>
        <t c="og">og</t>
        <t c="ef">ef</t>
        <t c="jeg">ég</t>
        <t c="finn">finn</t>
        <t c="sjera">séra</t>
        <t c="Sveinbjörn">Sveinbjörn</t>
        <t c=",">,</t>
        <t c="ráðlegg">ráðlegg</t>
        <t c="jeg">ég</t>
        <t c="honum">honum</t>
        <t c="að">að</t>
        <t c="láta">láta</t>
        <t c="aldrei">aldrei</t>
        <t c="sjást">sjást</t>
        <t c="eptir">eftir</t>
        <t c="sig">sig</t>
        <t c="aðra">aðra</t>
        <t c="eins">eins</t>
        <t c="grein">grein</t>
        <t c=",">,</t>
        <t c="heldur">heldur</t>
        <t c="að">að</t>
        <t c="áminna">áminna</t>
        <t c="söfnuð">söfnuð</t>
        <t c="sinn">sinn</t>
        <t c="með">með</t>
        <t c="hreinskilni">hreinskilni</t>
        <t c="án">án</t>
        <t c="manngreinarálits">manngreinarálits</t>
        <t c=",">,</t>
        <t c="og">og</t>
        <t c="þá">þá</t>
        <t c="er">er</t>
        <t c="jeg">ég</t>
        <t c="viss">viss</t>
        <t c="um">um</t>
        <t c="að">að</t>
        <t c="allir">allir</t>
        <t c="elskuðu">elskuðu</t>
        <t c="hann">hann</t>
        <t c="og">og</t>
        <t c="virtu">virtu</t>
        <t c=".">.</t>
    </s>
    <s>
        <t c="Keilir">Keilir</t>
        <t c=":">:</t>
        <t c="Þetta">Þetta</t>
        <t c="er">er</t>
        <t c="í">í</t>
        <t c="alla">alla</t>
        <t c="staði">staði</t>
        <t c="satt">satt</t>
        <t c=";">;</t>
        <t c="en">en</t>
        <t c="nú">nú</t>
        <t c="verðum">verðum</t>
        <t c="um">um</t>
        <t c="við">við</t>
        <t c="að">að</t>
        <t c="snæða">snæða</t>
        <t c="árbita">árbita</t>
        <t c="og">og</t>
        <t c="leggja">leggja</t>
        <t c="svo">svo</t>
        <t c="upp">upp</t>
        <t c=",">,</t>
        <t c="og">og</t>
        <t c="halda">halda</t>
        <t c="svona">svona</t>
        <t c="fyrst">fyrst</t>
        <t c="hjer">hér</t>
        <t c="suður">suður</t>
        <t c="eptir">eftir</t>
        <t c="fletinum">fletinum</t>
        <t c=".">.</t>
    </s>
    <s>
        <t c="Krafla">Krafla</t>
        <t c=":">:</t>
        <t c="Jeg">Ég</t>
        <t c="er">er</t>
        <t c="fús">fús</t>
        <t c="að">að</t>
        <t c="ríða">ríða</t>
        <t c="til">til</t>
        <t c="Þingvallakirkju">Þingvallakirkju</t>
        <t c="og">og</t>
        <t c="vera">vera</t>
        <t c="þar">þar</t>
        <t c="við">við</t>
        <t c="messu">messu</t>
        <t c=",">,</t>
        <t c="en">en</t>
        <t c="gleymum">gleymum</t>
        <t c="þó">þó</t>
        <t c="ekki">ekki</t>
        <t c="hinu">hinu</t>
        <t c="hjartnæma">hjartnæma</t>
        <t c="versi">versi</t>
        <t c=":">:</t>
        <t c="„">„</t>
        <t c="Bænarlaus">Bænarlegs</t>
        <t c="aldrei">aldrei</t>
        <t c="byrjuð">byrjuð</t>
        <t c="sje">sé</t>
        <t c="burtför">burtför</t>
        <t c="frá">frá</t>
        <t c="þínu">þínu</t>
        <t c="heimili">heimili</t>
        <t c="&quot;">&quot;</t>
        <t c=",">,</t>
        <t c="því">því</t>
        <t c="tjaldið">tjaldið</t>
        <t c="er">er</t>
        <t c="nú">nú</t>
        <t c="vort">vort</t>
        <t c="heimkynni">heimkynni</t>
        <t c=".">.</t>
    </s>
    <s>
        <t c="Akureyri">Akureyri</t>
        <t c="26.">26.</t>
        <t c="ágúst">ágúst</t>
        <t c="1857">1857</t>
        <t c=".">.</t>
    </s>
    <s>
        <t c="Grímur">Grímur</t>
        <t c="Laxdal">Laxdal</t>
        <t c=".">.</t>
    </s>
    <s>
        <t c="Í">Í</t>
        <t c="prentsmiðjunni">prentsmiðjunni</t>
        <t c="á">á</t>
        <t c="Akureyri">Akureyri</t>
        <t c=",">,</t>
        <t c="hjá">hjá</t>
        <t c="H.">H.</t>
        <t c="Helgasyni">Helgasyni</t>
        <t c=",">,</t>
        <t c="1857">1857</t>
        <t c=".">.</t>
    </s>
</document>
