<?xml version="1.0" ?>
<document>
    <s>
        <t c="Klaustur-Pósturinn">Klaustur-Pósturinn</t>
        <t c="kostadur">kostaður</t>
        <t c="og">og</t>
        <t c="útsendur">útsendur</t>
        <t c="af">af</t>
        <t c="Magnúsi">Magnúsi</t>
        <t c="Stephensen">Stephensen</t>
        <t c=",">,</t>
        <t c="Conferencerádi">Konferensráði</t>
        <t c="og">og</t>
        <t c="Jústitiario">Jústitiario</t>
        <t c="í">í</t>
        <t c="Islands">Íslands</t>
        <t c="konúnglega">konunglega</t>
        <t c="Landsyfirretti">Landsyfirrétti</t>
        <t c=".">.</t>
    </s>
    <s>
        <t c="No.">No.</t>
        <t c="3">3</t>
        <t c=".">.</t>
    </s>
    <s>
        <t c="Martius">Martins</t>
        <t c="1818">1818</t>
        <t c=".">.</t>
    </s>
    <s>
        <t c="Prentadur">Prentaður</t>
        <t c="ad">ad</t>
        <t c="Beitistødum">Beitistöðum</t>
        <t c=",">,</t>
        <t c="af">af</t>
        <t c="Faktóri">Faktor</t>
        <t c="og">og</t>
        <t c="Bókþryckjara">Bókþrykkjara</t>
        <t c="G.">G.</t>
        <t c="J.">J.</t>
        <t c="Schagfjord">Schagfjord</t>
        <t c=".">.</t>
    </s>
    <s>
        <t c="Um">Um</t>
        <t c="Capituls">Capituls</t>
        <t c="Taxta">Taxta</t>
        <t c=".">.</t>
    </s>
    <s>
        <t c="Þetta">Þetta</t>
        <t c="Nafn">Nafn</t>
        <t c="Taxta">Taxta</t>
        <t c=",">,</t>
        <t c="veit">veit</t>
        <t c="eg">ég</t>
        <t c="ad">ad</t>
        <t c="velfleirstum">velflestum</t>
        <t c="Landa">Landa</t>
        <t c="minna">minna</t>
        <t c="muni">muni</t>
        <t c="undarlega">undarlega</t>
        <t c="koma">koma</t>
        <t c="fyrir">fyrir</t>
        <t c="í">í</t>
        <t c="fyrstu">fyrstu</t>
        <t c=",">,</t>
        <t c="svo">svo</t>
        <t c="sem">sem</t>
        <t c="lítt">lítt</t>
        <t c="kunnugt">kunnugt</t>
        <t c="hjer">hér</t>
        <t c="í">í</t>
        <t c="landi">landi</t>
        <t c=",">,</t>
        <t c="og">og</t>
        <t c="jafnvel">jafnvel</t>
        <t c="meiri">meiri</t>
        <t c="hluti">hluti</t>
        <t c="bóklærdra">bóklærðra</t>
        <t c="manna">manna</t>
        <t c=",">,</t>
        <t c="gjet">get</t>
        <t c="eg">ég</t>
        <t c="til">til</t>
        <t c=",">,</t>
        <t c="ad">ad</t>
        <t c="vart">vart</t>
        <t c="sje">sé</t>
        <t c="fullfródur">fullgóður</t>
        <t c="um">um</t>
        <t c="nafnsins">nafnsins</t>
        <t c="og">og</t>
        <t c="Taxtans">Taxtans</t>
        <t c="uppruna">uppruna</t>
        <t c=".">.</t>
    </s>
    <s>
        <t c="Hálærdir">Hálærðir</t>
        <t c="menn">menn</t>
        <t c="hafa">hafa</t>
        <t c="álitid">álitið</t>
        <t c="ordid">orðið</t>
        <t c=":">:</t>
        <t c="Capitul">Capitul</t>
        <t c="(">(</t>
        <t c="eda">eða</t>
        <t c="Capitulum">Kapitulum</t>
        <t c=")">)</t>
        <t c=",">,</t>
        <t c="sem">sem</t>
        <t c="þegar">þegar</t>
        <t c="myrki">myrki</t>
        <t c="fornyrdi">fornyrði</t>
        <t c="ordid">orðið</t>
        <t c=",">,</t>
        <t c="og">og</t>
        <t c="á">á</t>
        <t c="ólíka">ólíka</t>
        <t c="háttu">hætti</t>
        <t c="reynt">reynt</t>
        <t c="ad">ad</t>
        <t c="útskíra">útskýra</t>
        <t c="þad">það</t>
        <t c=".">.</t>
    </s>
    <s>
        <t c="Sumir">Sumir</t>
        <t c="fáfródari">fáfróðari</t>
        <t c=",">,</t>
    </s>
    <s>
        <t c="draga">draga</t>
        <t c="nafn">nafn</t>
        <t c="Capituls">Capituls</t>
        <t c="Taxta">Taxta</t>
        <t c="af">af</t>
        <t c="því">því</t>
        <t c=":">:</t>
        <t c="ad">ad</t>
        <t c="hann">hann</t>
        <t c="se">sé</t>
        <t c="fyriskipadur">fyrirskipaður</t>
        <t c="í">í</t>
        <t c="Norskulaga">Norskulega</t>
        <t c="vissum">vissum</t>
        <t c="Kapítulum">Kapítulum</t>
        <t c=",">,</t>
        <t c="nl.">nl.</t>
    </s>
    <s>
        <t c="2-21-17">2-21-17</t>
        <t c=",">,</t>
        <t c="og">og</t>
        <t c="3-14-15">3-14-15</t>
        <t c=";">;</t>
        <t c="en">en</t>
        <t c="auk">auk</t>
        <t c="þess">þess</t>
        <t c=",">,</t>
        <t c="ad">ad</t>
        <t c="þetta">þetta</t>
        <t c="nafn">nafn</t>
        <t c=":">:</t>
        <t c="Capituls">Capituls</t>
        <t c="Taxti">Taxti</t>
        <t c=",">,</t>
        <t c="yrdi">yrði</t>
        <t c="þá">þá</t>
        <t c="hjer">hér</t>
        <t c="á">á</t>
        <t c="Islandi">Íslandi</t>
        <t c="enn">enn</t>
        <t c="óeginlegra">óeiginlegra</t>
        <t c=",">,</t>
        <t c="vegna">vegna</t>
        <t c="þess">þess</t>
        <t c=",">,</t>
        <t c="ad">ad</t>
        <t c="greindir">greindir</t>
        <t c="Kapítular">Kapítular</t>
        <t c="Norskulaga">Norskulega</t>
        <t c=",">,</t>
        <t c="eru">eru</t>
        <t c="hjer">hér</t>
        <t c="enn">enn</t>
        <t c="þá">þá</t>
        <t c="ecki">ekki</t>
        <t c="løgleiddir">lögleiddir</t>
        <t c=",">,</t>
        <t c="eru">eru</t>
        <t c="Capituls-Taxtar">Capituls-Taxtar</t>
        <t c="miklu">miklu</t>
        <t c="elldri">eldri</t>
        <t c="ad">ad</t>
        <t c="uppruna">uppruna</t>
        <t c="enn">enn</t>
        <t c="þau">þau</t>
        <t c="løg">lög</t>
        <t c=".">.</t>
    </s>
    <s>
        <t c="Kristján">Kristján</t>
        <t c="Konúngur">Konungur</t>
        <t c="hinn">hinn</t>
        <t c="IV">V</t>
        <t c=",">,</t>
        <t c="fyriskipadi">fyrirskipaði</t>
        <t c="í">í</t>
        <t c="Recessi">Þessi</t>
        <t c="hans">hans</t>
        <t c=",">,</t>
        <t c="útgefnum">útgefnum</t>
        <t c="1643">1643</t>
        <t c=",">,</t>
        <t c="nefnil.">nefnil.</t>
        <t c="í">í</t>
        <t c="1-4-11">1-4-11</t>
        <t c=",">,</t>
        <t c="12">12</t>
        <t c=",">,</t>
        <t c="13">13</t>
        <t c=",">,</t>
        <t c="36">36</t>
        <t c=",">,</t>
        <t c="ad">ad</t>
        <t c="Stipts-Ljensmadurinn">Stipts-Ljensmadurinn</t>
        <t c="med">með</t>
        <t c="Biskupum">Biskupum</t>
        <t c="og">og</t>
        <t c="Capituli">Kapituli</t>
        <t c=",">,</t>
        <t c="hvar">hvar</t>
        <t c="Capitul">Capitul</t>
        <t c="væri">væri</t>
        <t c=",">,</t>
        <t c="og">og</t>
        <t c="nockrum">nokkrum</t>
        <t c="af">af</t>
        <t c="þeim">þeim</t>
        <t c="(">(</t>
        <t c="vildeste">vildasta</t>
        <t c=",">,</t>
        <t c="segir">segir</t>
        <t c="Recessinn">Rassinn</t>
        <t c=")">)</t>
        <t c="vildustu">vildustu</t>
        <t c="Próføstum">Próföstum</t>
        <t c=",">,</t>
        <t c="skyldu">skyldu</t>
        <t c="árlega">árlega</t>
        <t c="setja">setja</t>
        <t c="Capituls">Capituls</t>
        <t c="Taxta">Taxta</t>
        <t c="á">á</t>
        <t c="kirkna">kirkna</t>
        <t c="inngjøld">inngjöld</t>
        <t c="og">og</t>
        <t c="annad">annað</t>
        <t c=",">,</t>
        <t c="einkum">einkum</t>
        <t c="korn">korn</t>
        <t c=",">,</t>
        <t c="smjør">smjör</t>
        <t c=",">,</t>
        <t c="landskuldir">landskuldir</t>
        <t c=",">,</t>
        <t c="eptir">eftir</t>
        <t c="Landkaupi">Landkaup</t>
        <t c=",">,</t>
        <t c="þ.e.">þ.e.</t>
        <t c=":">:</t>
        <t c="gángverdi">gangverði</t>
        <t c="serhvørs">sérhvers</t>
        <t c=",">,</t>
        <t c="og">og</t>
        <t c="átti">átti</t>
        <t c="eptir">eftir</t>
        <t c="þeim">þeim</t>
        <t c="Taxta">Taxta</t>
        <t c="gjøld">gjöld</t>
        <t c="þessi">þessi</t>
        <t c="í">í</t>
        <t c="peningum">peningum</t>
        <t c="ad">ad</t>
        <t c="ljúka">ljúka</t>
        <t c=",">,</t>
        <t c="hvørr">hver</t>
        <t c="sem">sem</t>
        <t c="ecki">ekki</t>
        <t c="galdt">galt</t>
        <t c="í">í</t>
        <t c="skileyrir">skileyrir</t>
        <t c=".">.</t>
    </s>
    <s>
        <t c="En">En</t>
        <t c=",">,</t>
        <t c="þessi">þessi</t>
        <t c="Reces">Reis</t>
        <t c="hefir">hefir</t>
        <t c="ecki">ekki</t>
        <t c="hingad">hingað</t>
        <t c="sendur">sendur</t>
        <t c="verid">verið</t>
        <t c=",">,</t>
        <t c="sem">sem</t>
        <t c="gyldandi">gildandi</t>
        <t c="løgbók">lögbók</t>
        <t c="medal">meðal</t>
        <t c="vor">vor</t>
        <t c=",">,</t>
        <t c="þó">þó</t>
        <t c="opt">oft</t>
        <t c="se">sé</t>
        <t c="í">í</t>
        <t c="elldre">eldri</t>
        <t c="dómum">dómum</t>
        <t c="til">til</t>
        <t c="hans">hans</t>
        <t c="vitnad">vitnað</t>
        <t c="heimildarlítid">heimildarlög</t>
        <t c=".">.</t>
    </s>
    <s>
        <t c="Og">Og</t>
        <t c="þó">þó</t>
        <t c="hjer">hér</t>
        <t c="seu">séu</t>
        <t c="einna">einna</t>
        <t c="fyrst">fyrst</t>
        <t c="í">í</t>
        <t c="løgum">lögum</t>
        <t c="tilnefndir">tilnefndir</t>
        <t c="Capituls">Capituls</t>
        <t c="Taxtar">Taxtar</t>
        <t c=",">,</t>
        <t c="er">er</t>
        <t c="samt">samt</t>
        <t c="óljóst">óljóst</t>
        <t c=",">,</t>
        <t c="hvørsvegna">hvers vegna</t>
        <t c="þeim">þeim</t>
        <t c="Tøxtum">Textum</t>
        <t c="var">var</t>
        <t c="gefid">gefið</t>
        <t c="þetta">þetta</t>
        <t c="nafn">nafn</t>
        <t c=".">.</t>
    </s>
    <s>
        <t c="Nýnefndur">Nýnefndur</t>
        <t c="lagastadur">lagastaður</t>
        <t c="þessa">þessa</t>
        <t c="Recess">Rness</t>
        <t c=",">,</t>
        <t c="1-4-11">1-4-11</t>
        <t c="og">og</t>
        <t c="12">12</t>
        <t c=",">,</t>
        <t c="sýnir">sýnir</t>
        <t c=":">:</t>
        <t c="ad">ad</t>
        <t c="Capitøl">Capitøl</t>
        <t c="vóru">voru</t>
        <t c="ad">ad</t>
        <t c="eins">eins</t>
        <t c="hjer">hér</t>
        <t c="og">og</t>
        <t c="hvar">hvar</t>
        <t c=",">,</t>
        <t c="og">og</t>
        <t c="í">í</t>
        <t c="Norvegi">Noregi</t>
        <t c="alls">alls</t>
        <t c="4">4</t>
        <t c=",">,</t>
        <t c="nefnilega">nefnilega</t>
        <t c=":">:</t>
        <t c="í">í</t>
        <t c="Þrándheimi">Þrándheimi</t>
        <t c=",">,</t>
        <t c="Bjørgvin">Björgvin</t>
        <t c=",">,</t>
        <t c="Stafángri">Strangri</t>
        <t c="og">og</t>
        <t c="Akurhúsi">Akurhús</t>
        <t c=",">,</t>
        <t c="hvar">hvar</t>
        <t c="Biskupa">Biskupa</t>
        <t c="setur">setur</t>
        <t c="þá">þá</t>
        <t c="vóru">voru</t>
        <t c="I">Í</t>
        <t c="Ripar">Rifar</t>
        <t c="Artikulum">Stiklum</t>
        <t c="Kristjáns">Kristjáns</t>
        <t c="Konúngs">Konungs</t>
    </s>
    <s>
        <t c="III">SI</t>
        <t c=",">,</t>
        <t c="hjer">hér</t>
        <t c="løgleiddum">lögleiddum</t>
        <t c="1543">1543</t>
        <t c=",">,</t>
        <t c="segir">segir</t>
        <t c=":">:</t>
        <t c="„">„</t>
        <t c="ad">ad</t>
        <t c="í">í</t>
        <t c="Danaveldi">Danaveldi</t>
        <t c="sem">sem</t>
        <t c="margir">margir</t>
        <t c="Biskupsdómar">Biskupsdómur</t>
        <t c=",">,</t>
        <t c="sem">sem</t>
        <t c="ecki">ekki</t>
        <t c="hafi">hafi</t>
        <t c="Capituls">Capituls</t>
        <t c="rád">ráð</t>
        <t c="“">“</t>
        <t c=";">;</t>
        <t c="líka">líka</t>
        <t c="getur">getur</t>
        <t c="þessara">þessara</t>
        <t c="Capitula">Kapitula</t>
        <t c="bædi">bæði</t>
        <t c="í">í</t>
        <t c="upphafi">upphafi</t>
        <t c="og">og</t>
        <t c="nidurlagi">niðurlagi</t>
        <t c="Hjónabands">Hjónabands</t>
        <t c="Artikula">Stikla</t>
        <t c="Fridriks">Friðriks</t>
        <t c="Konúngs">Konungs</t>
        <t c="II">Í</t>
        <t c=",">,</t>
        <t c="af">af</t>
        <t c="19da">19da</t>
        <t c="Júnii">Júní</t>
        <t c="1582">1582</t>
        <t c=",">,</t>
        <t c="sem">sem</t>
        <t c="híngad">hingað</t>
        <t c="vóru">voru</t>
        <t c="og">og</t>
        <t c="sendir">sendir</t>
        <t c=",">,</t>
        <t c="sem">sem</t>
        <t c="løg">lög</t>
        <t c=";">;</t>
        <t c="sømuleidis">sömuleiðis</t>
        <t c="í">í</t>
        <t c="hjer">hér</t>
        <t c="gyldandi">gildandi</t>
        <t c="Ordinantziu">Ordinantziu</t>
        <t c="Kristjáns">Kristjáns</t>
        <t c="Konúngs">Konungs</t>
        <t c="IV">V</t>
        <t c=",">,</t>
        <t c="fyrir">fyrir</t>
        <t c="Norveg">Noreg</t>
        <t c=",">,</t>
        <t c="útgefinni">útgefinni</t>
        <t c="2ann">2ann</t>
        <t c="Júlii">Júlí</t>
        <t c="1607">1607</t>
        <t c=",">,</t>
        <t c="og">og</t>
        <t c="ad">ad</t>
        <t c="þau">þau</t>
        <t c="Capitøl">Capitøl</t>
        <t c="vóru">voru</t>
        <t c="alls">alls</t>
        <t c="4">4</t>
        <t c="í">í</t>
        <t c="því">því</t>
        <t c="Ríki">Ríki</t>
        <t c=",">,</t>
        <t c="sem">sem</t>
        <t c="ráda">ráða</t>
        <t c="má">má</t>
        <t c="af">af</t>
        <t c="greinum">greinum</t>
        <t c="hennar">hennar</t>
        <t c=":">:</t>
        <t c="um">um</t>
        <t c="Skóla">Skóla</t>
        <t c="og">og</t>
        <t c="Kanúka">Kanúka</t>
        <t c=",">,</t>
        <t c="og">og</t>
        <t c="ad">ad</t>
        <t c="þau">þau</t>
        <t c="verid">verið</t>
        <t c="hafi">hafi</t>
        <t c="vid">við</t>
        <t c="Dómkirkjurnar">Dómkirkjurnar</t>
        <t c=",">,</t>
        <t c="hvar">hvar</t>
        <t c="Biskupar">Biskupar</t>
        <t c="sátu">sátu</t>
        <t c=".">.</t>
    </s>
    <s>
        <t c="Optast">Oftast</t>
        <t c="í">í</t>
        <t c="løgum">lögum</t>
        <t c="er">er</t>
        <t c="þeirra">þeirra</t>
        <t c="samt">samt</t>
        <t c="getid">getið</t>
        <t c="í">í</t>
        <t c="fyrstnefndum">fyrstnefndum</t>
        <t c="Kristjáns">Kristjáns</t>
        <t c="Konúngs">Konungs</t>
        <t c="IV">V</t>
        <t c="Recessi">Þessi</t>
        <t c=",">,</t>
        <t c="útgefnum">útgefnum</t>
        <t c="27da">27da</t>
        <t c="Febr.">Febr.</t>
        <t c="1643">1643</t>
        <t c=".">.</t>
    </s>
    <s>
        <t c="En">En</t>
        <t c="–">–</t>
        <t c="hvad">hvað</t>
        <t c="vóru">voru</t>
        <t c="þá">þá</t>
        <t c="þessi">þessi</t>
        <t c="Capitøl">Capitøl</t>
        <t c="?">?</t>
    </s>
    <s>
        <t c="Rád">Ráð</t>
        <t c="eda">eða</t>
        <t c="samqvæmi">samkvæmi</t>
        <t c="lærdra">lærðra</t>
        <t c=",">,</t>
        <t c="geistlegra">geistlegra</t>
        <t c="manna">manna</t>
        <t c="(">(</t>
        <t c="því">því</t>
        <t c="adrir">aðrir</t>
        <t c="kølludust">kölluðust</t>
        <t c="ecki">ekki</t>
        <t c="lærdir">lærðir</t>
        <t c="í">í</t>
        <t c="fornøld">fornöld</t>
        <t c=",">,</t>
        <t c="heldur">heldur</t>
        <t c="Leikmenn">Leikmenn</t>
        <t c=")">)</t>
        <t c=",">,</t>
        <t c="einkum">einkum</t>
        <t c="Kanúka">Kanúka</t>
        <t c=",">,</t>
        <t c="sem">sem</t>
        <t c="sátu">sátu</t>
        <t c="í">í</t>
        <t c="ýmsum">ýmsum</t>
        <t c="høfudstødum">høfudstødum</t>
        <t c="Ríkjanna">Ríkjanna</t>
        <t c="hjá">hjá</t>
        <t c="Biskupum">Biskupum</t>
        <t c="og">og</t>
        <t c="Dómkirkjunum">Dómkirkjunum</t>
        <t c=",">,</t>
        <t c="til">til</t>
        <t c="þess">þess</t>
        <t c="ad">ad</t>
        <t c="ebla">efla</t>
        <t c="páfalega">páfalega</t>
        <t c="yfirdrottnun">yfirdrottnun</t>
        <t c="þeirra">þeirra</t>
        <t c=",">,</t>
        <t c="vernda">vernda</t>
        <t c="kirknanna">kirknanna</t>
        <t c="rett">rétt</t>
        <t c=",">,</t>
        <t c="menta">menta</t>
        <t c="úngdóminn">ungdóminn</t>
        <t c=",">,</t>
        <t c="einna">einna</t>
        <t c="hellst">hellst</t>
        <t c="í">í</t>
        <t c="gudfrædi">guðfræði</t>
        <t c=",">,</t>
        <t c="vera">vera</t>
        <t c="sem">sem</t>
        <t c="rádgjafar">ráðgjafar</t>
        <t c="og">og</t>
        <t c="fulltrúar">fulltrúar</t>
        <t c="Biskupanna">Biskupanna</t>
        <t c=",">,</t>
        <t c="og">og</t>
        <t c="jafnvel">jafnvel</t>
        <t c="standa">standa</t>
        <t c="fyrir">fyrir</t>
        <t c="embættum">embættum</t>
        <t c="þeirra">þeirra</t>
        <t c=",">,</t>
        <t c="þá">þá</t>
        <t c="aud">auð</t>
        <t c="urdu">urðu</t>
        <t c=",">,</t>
        <t c="hjálpast">hjálpast</t>
        <t c="ad">ad</t>
        <t c="til">til</t>
        <t c="ad">ad</t>
        <t c="kjósa">kjósa</t>
        <t c="annann">annan</t>
        <t c=",">,</t>
        <t c="en">en</t>
        <t c="á">á</t>
        <t c="stundum">stundum</t>
        <t c="urdu">urðu</t>
        <t c="þeir">þeir</t>
        <t c="og">og</t>
        <t c="sjálfir">sjálfir</t>
        <t c="Biskupar">Biskupar</t>
        <t c=",">,</t>
        <t c="og">og</t>
        <t c="einkum">einkum</t>
        <t c="sátu">sátu</t>
        <t c="þeir">þeir</t>
        <t c="Retti">Rétti</t>
        <t c="í">í</t>
        <t c="kirkju">kirkju</t>
        <t c="málefnum">málefnum</t>
        <t c=",">,</t>
        <t c="til">til</t>
        <t c="hvørra">hverra</t>
        <t c="Kristinnrettir">Kristinnrettir</t>
        <t c="drógu">drógu</t>
        <t c="allmørg">allmörg</t>
        <t c="veraldleg">veraldleg</t>
        <t c=",">,</t>
        <t c="svo">svo</t>
        <t c="sem">sem</t>
        <t c=":">:</t>
        <t c="um">um</t>
        <t c="legord">legorð</t>
        <t c=",">,</t>
        <t c="gudsifja">guðsifja</t>
        <t c="og">og</t>
        <t c="frændsemis-spell">frændsemisspell</t>
        <t c="og">og</t>
        <t c="blódskammir">blóðskammir</t>
        <t c=",">,</t>
        <t c="hjónabønd">hjónabönd</t>
        <t c=",">,</t>
        <t c="galdra">galdra</t>
        <t c="bannfæringar">bannfæringar</t>
        <t c="og">og</t>
        <t c="annad">annað</t>
        <t c=";">;</t>
        <t c="vóru">voru</t>
        <t c="í">í</t>
        <t c="þau">þau</t>
        <t c="Rád">Ráð</t>
        <t c="opt">oft</t>
        <t c="valdir">valdir</t>
        <t c="med">með</t>
        <t c="Kanúkum">Kanúkum</t>
        <t c=",">,</t>
        <t c="ýmsir">ýmsir</t>
        <t c="nálægir">nálægir</t>
        <t c="Prælátar">Prelátar</t>
        <t c=",">,</t>
        <t c="Abótar">Ábótar</t>
        <t c="og">og</t>
        <t c="adrir">aðrir</t>
        <t c="lærdir">lærðir</t>
        <t c="geistlegir">geistlegir</t>
        <t c="menn">menn</t>
        <t c=",">,</t>
        <t c="og">og</t>
        <t c="hvørt">hvort</t>
        <t c="þvílíkt">þvílíkt</t>
        <t c="Rád">Ráð</t>
        <t c="kalladist">kallaðist</t>
    </s>
    <s>
        <t c="Capitul">Capitul</t>
        <t c=".">.</t>
    </s>
    <s>
        <t c="Mørg">Mörg</t>
        <t c="þeirra">þeirra</t>
        <t c="stiptadi">stiptari</t>
        <t c="Karl">Karl</t>
        <t c="Mikli">Mikli</t>
        <t c="í">í</t>
        <t c="Þýdskalandi">Þýskalandi</t>
        <t c=",">,</t>
        <t c="fyrir">fyrir</t>
        <t c="og">og</t>
        <t c="um">um</t>
        <t c="árid">árið</t>
        <t c="800">800</t>
        <t c=",">,</t>
        <t c="hvar">hvar</t>
        <t c="þau">þau</t>
        <t c="eru">eru</t>
        <t c="enn">enn</t>
        <t c="I">Í</t>
        <t c="Dana-">Dana-</t>
        <t c="og">og</t>
        <t c="Norvegs-veldi">Norvegs-veldi</t>
        <t c="løfdu">ladu</t>
        <t c="þau">þau</t>
        <t c="vid">við</t>
        <t c="lángt">langt</t>
        <t c="framyfir">fram yfir</t>
        <t c="Endurbót">Endurbót</t>
        <t c="Trúarbragdanna">Trúarbragðanna</t>
        <t c=",">,</t>
        <t c="svosem">svo sem</t>
        <t c="augljóst">augljóst</t>
        <t c="er">er</t>
        <t c="af">af</t>
        <t c="fyrrgreindum">fyrrgreindum</t>
        <t c="lagastødum">lagastöðum</t>
        <t c=",">,</t>
        <t c="og">og</t>
        <t c="Kristjáns">Kristjáns</t>
        <t c="III.">III.</t>
    </s>
    <s>
        <t c="Fyrirskipun">Fyrirskipun</t>
        <t c="um">um</t>
        <t c="Kaupmannahafnar">Kaupmannahafnar</t>
        <t c="Háskóla">Háskóla</t>
        <t c=",">,</t>
        <t c="þann">þann</t>
        <t c="10da">10da</t>
        <t c="Júnii">Júní</t>
        <t c="1539">1539</t>
        <t c=".">.</t>
    </s>
    <s>
        <t c="Smámsaman">Smám Saman</t>
        <t c="hvurfu">hurfu</t>
        <t c="úr">úr</t>
        <t c="Danaveldi">Danaveldi</t>
        <t c="Abótar">Ábótar</t>
        <t c=",">,</t>
        <t c="Prælátar">Prelátar</t>
        <t c=",">,</t>
        <t c="Kanúkar">Kanúkar</t>
        <t c=",">,</t>
        <t c="Múnkar">Munkar</t>
        <t c="og">og</t>
        <t c="allar">allar</t>
        <t c="páfalegar">páfalegar</t>
        <t c="stjettir">stéttir</t>
        <t c="geistlegra">geistlegra</t>
        <t c=",">,</t>
        <t c="og">og</t>
        <t c="med">með</t>
        <t c="þeim">þeim</t>
        <t c="fyrrtjed">fyrrum</t>
        <t c="Capitøl">Capitøl</t>
        <t c=".">.</t>
    </s>
    <s>
        <t c="Líkaminn">Líkaminn</t>
        <t c="hvarf">hvarf</t>
        <t c=",">,</t>
        <t c="skugginn">skugginn</t>
        <t c="einn">einn</t>
        <t c="vard">varð</t>
        <t c="eptir">eftir</t>
        <t c=",">,</t>
        <t c="og">og</t>
        <t c="Capituls">Capituls</t>
        <t c="nøfnin">nöfnin</t>
        <t c="ein">ein</t>
        <t c="hjeldust">héldust</t>
        <t c="vid">við</t>
        <t c=",">,</t>
        <t c="þó">þó</t>
        <t c="føst">föst</t>
        <t c="Rád">Ráð</t>
        <t c="þeirra">þeirra</t>
        <t c="ecki">ekki</t>
        <t c="finndust">finnast</t>
        <t c="framar">framar</t>
        <t c=",">,</t>
        <t c="og">og</t>
        <t c="vóru">voru</t>
        <t c="opt">oft</t>
        <t c="køllud">kölluð</t>
        <t c="Dóma-Capitøl">Dóma-Capitøl</t>
        <t c=",">,</t>
        <t c="vegna">vegna</t>
        <t c="þess">þess</t>
        <t c=",">,</t>
        <t c="ad">ad</t>
        <t c="Ordinantziur">Ordinantziur</t>
        <t c="og">og</t>
        <t c="Recessar">Þessar</t>
        <t c="fyrirskipudu">fyrirskipuðu</t>
        <t c="þeirra">þeirra</t>
        <t c="dóms">dóms</t>
        <t c="adgjørdir">aðgjörðir</t>
        <t c="eda">eða</t>
        <t c="álit">álit</t>
        <t c=",">,</t>
        <t c="um">um</t>
        <t c="fyrrtøld">fyrrum</t>
        <t c="málefni">málefni</t>
        <t c=",">,</t>
        <t c="eins">eins</t>
        <t c="og">og</t>
        <t c="Hjónabands">Hjónabands</t>
        <t c="Artikular">Stiklar</t>
        <t c="Fridriks">Friðriks</t>
        <t c="II.">II.</t>
    </s>
    <s>
        <t c="frá">frá</t>
        <t c="1582">1582</t>
        <t c=",">,</t>
        <t c="og">og</t>
        <t c="Rípar">Rípar</t>
        <t c="Artikular">Stiklar</t>
        <t c="Kristjáns">Kristjáns</t>
        <t c="III.">III.</t>
    </s>
    <s>
        <t c="frá">frá</t>
        <t c="1542">1542</t>
        <t c=",">,</t>
        <t c="høfdu">höfðu</t>
        <t c="fyrilagt">fyrirlag</t>
        <t c=",">,</t>
        <t c="í">í</t>
        <t c="hvørjum">hverjum</t>
        <t c="sídari">síðari</t>
        <t c=",">,</t>
        <t c="Art">Art</t>
        <t c=".">.</t>
    </s>
    <s>
        <t c="3ji">ei</t>
        <t c="býdur">býður</t>
        <t c="Stiptamtmønnum">Stiftamtmönnum</t>
        <t c=",">,</t>
        <t c="sem">sem</t>
        <t c="samkomu">samkomu</t>
        <t c="þeirra">þeirra</t>
        <t c="lærdustu">lærðustu</t>
        <t c=",">,</t>
        <t c="ad">ad</t>
        <t c="stefna">stefna</t>
        <t c="fyri">fyri</t>
        <t c="sig">sig</t>
        <t c="Hjónabands">Hjónabands</t>
        <t c="málum">málum</t>
        <t c=",">,</t>
        <t c="þó">þó</t>
        <t c="ecki">ekki</t>
        <t c="ad">ad</t>
        <t c="ómaka">ómaka</t>
        <t c="Biskupa">Biskupa</t>
        <t c="þar">þar</t>
        <t c="med">með</t>
        <t c=",">,</t>
        <t c="nema">nema</t>
        <t c="í">í</t>
        <t c="vandrædum">vandræðum</t>
        <t c=".">.</t>
    </s>
    <s>
        <t c="Af">Af</t>
        <t c="þessum">þessum</t>
        <t c="anda">anda</t>
        <t c=",">,</t>
        <t c="sem">sem</t>
        <t c="á">á</t>
        <t c="fornøldum">foreldrum</t>
        <t c="áleit">áleit</t>
        <t c="hjónaband">hjónaband</t>
        <t c="sem">sem</t>
        <t c="sakramenti">sakramenti</t>
        <t c=",">,</t>
        <t c="um">um</t>
        <t c="hvør">hver</t>
        <t c="geistlegum">geistlegum</t>
        <t c="einkum">einkum</t>
        <t c="bæri">bæri</t>
        <t c="ad">ad</t>
        <t c="fjatla">fjatla</t>
        <t c=",">,</t>
        <t c="eymdi">eymdi</t>
        <t c="enn">enn</t>
        <t c="eptir">eftir</t>
        <t c=",">,</t>
        <t c="þá">þá</t>
        <t c="Kristjáns">Kristjáns</t>
        <t c="V.">V.</t>
        <t c="Norskuløg">Norskuleg</t>
        <t c="útkomu">útkomu</t>
        <t c="1687">1687</t>
        <t c=",">,</t>
        <t c="og">og</t>
        <t c="budu">buðu</t>
        <t c=",">,</t>
        <t c="í">í</t>
        <t c="1-2-14">1-2-14</t>
        <t c=",">,</t>
        <t c="Stiptanna">Stiftanna</t>
        <t c="yfirmønnum">yfirmönnum</t>
        <t c=",">,</t>
        <t c="med">með</t>
        <t c="lærdum">lærðum</t>
        <t c="mønnum">mönnum</t>
        <t c="eda">eða</t>
        <t c="nálægum">nálægum</t>
        <t c="Prestum">Prestum</t>
        <t c=",">,</t>
        <t c="ad">ad</t>
        <t c="dæma">dæma</t>
        <t c="Hjónabands">Hjónabands</t>
        <t c="mál">mál</t>
        <t c=",">,</t>
        <t c="þegar">þegar</t>
        <t c="Capitøl">Capitøl</t>
        <t c="annars">annars</t>
        <t c="vóru">voru</t>
        <t c="þegar">þegar</t>
        <t c="undir">undir</t>
        <t c="lok">lok</t>
        <t c="lidin">liðin</t>
        <t c=".">.</t>
    </s>
    <s>
        <t c="Sama">Sama</t>
        <t c="gyldti">gyldi</t>
        <t c="og">og</t>
        <t c="hjer">hér</t>
        <t c="á">á</t>
        <t c="landi">landi</t>
        <t c=",">,</t>
        <t c="uns">uns</t>
    </s>
    <s>
        <t c="Kóngsbref">Kóngsbréf</t>
        <t c="af">af</t>
        <t c="15da">15da</t>
        <t c="Febr.">Febr.</t>
        <t c="1788">1788</t>
        <t c=",">,</t>
        <t c="fyrst">fyrst</t>
        <t c="ad">ad</t>
        <t c="nockru">nokkru</t>
        <t c=",">,</t>
        <t c="en">en</t>
        <t c="sídan">síðan</t>
        <t c="Tilskip">Þilskip</t>
        <t c="af">af</t>
        <t c="1ta">1ta</t>
        <t c="Dec.">Dec.</t>
    </s>
    <s>
        <t c="1797">1797</t>
        <t c=",">,</t>
        <t c="og">og</t>
        <t c="Kóngsbr">Kóngur</t>
        <t c=".">.</t>
    </s>
    <s>
        <t c="af">af</t>
        <t c="15da">15da</t>
        <t c="Jún.">Jún.</t>
    </s>
    <s>
        <t c="1799">1799</t>
        <t c=",">,</t>
        <t c="ad">ad</t>
        <t c="øllu">öllu</t>
        <t c="leiti">leiti</t>
        <t c=",">,</t>
        <t c="gjørdu">gjörðu</t>
        <t c="þau">þau</t>
        <t c="málefni">málefni</t>
        <t c="verdsleg">verðsleg</t>
        <t c=".">.</t>
    </s>
    <s>
        <t c="Capituls">Capituls</t>
        <t c="nøfn">nöfn</t>
        <t c="gjetur">getur</t>
        <t c="Løgmadur">Lögmaður</t>
        <t c="P.">P.</t>
        <t c="Vídalín">Vídalín</t>
        <t c="til">til</t>
        <t c=",">,</t>
        <t c="ad">ad</t>
        <t c="dregin">dregin</t>
        <t c="seu">séu</t>
        <t c="þar">þar</t>
        <t c="af">af</t>
        <t c=",">,</t>
        <t c="ad">ad</t>
        <t c="Kanúkum">Kanúkum</t>
        <t c="var">var</t>
        <t c="bodid">boðið</t>
        <t c="vid">við</t>
        <t c="saungva">söngva</t>
        <t c="í">í</t>
        <t c="kirkjum">kirkjum</t>
        <t c=",">,</t>
        <t c="daglega">daglega</t>
        <t c="ad">ad</t>
        <t c="lesa">lesa</t>
        <t c="Kapitula">Kapitula</t>
        <t c="úr">úr</t>
        <t c="Biblíunni">Biblíunni</t>
        <t c=".">.</t>
    </s>
    <s>
        <t c="Lángtum">Langtum</t>
        <t c="ólíklegri">ólíklegri</t>
        <t c="vyrdist">virðist</t>
        <t c="samt">samt</t>
        <t c="sá">sá</t>
        <t c="uppruni">uppruni</t>
        <t c="nafnsins">nafnsins</t>
        <t c=",">,</t>
        <t c="enn">enn</t>
        <t c="ad">ad</t>
        <t c="þetta">þetta</t>
        <t c="se">sé</t>
        <t c="dregid">dregið</t>
        <t c="af">af</t>
        <t c="høfudstødum">høfudstødum</t>
        <t c="eda">eða</t>
        <t c="borgum">borgum</t>
        <t c="Ríkjanna">Ríkjanna</t>
        <t c=",">,</t>
        <t c="hvar">hvar</t>
        <t c="Dómkirkjur">Dómkirkjur</t>
        <t c="vóru">voru</t>
        <t c="eda">eða</t>
        <t c="Biskupa">Biskupa</t>
        <t c="setur">setur</t>
        <t c=",">,</t>
        <t c="og">og</t>
        <t c="þó">þó</t>
        <t c="helzt">helst</t>
        <t c="af">af</t>
        <t c="páfalegum">páfalegum</t>
        <t c="løgbókum">lögbókum</t>
        <t c="og">og</t>
        <t c="samþycktum">samþykktum</t>
        <t c="Konúngs">Konungs</t>
        <t c="um">um</t>
        <t c="geistleg">geistleg</t>
        <t c="málefni">málefni</t>
        <t c=",">,</t>
        <t c="sem">sem</t>
        <t c="á">á</t>
        <t c="midøldunum">miðöldunum</t>
        <t c="nefndust">nefndust</t>
        <t c="Capitul">Capitul</t>
        <t c=",">,</t>
        <t c="og">og</t>
        <t c="þar">þar</t>
        <t c="af">af</t>
        <t c="Rádin">Ráðin</t>
        <t c="allteins">allteins</t>
        <t c=",">,</t>
        <t c="sem">sem</t>
        <t c="samankomu">samankomnu</t>
        <t c="á">á</t>
        <t c="vissum">vissum</t>
        <t c="stødum">stöðum</t>
        <t c="til">til</t>
        <t c="Dóma">Dóma</t>
        <t c=",">,</t>
        <t c="eptir">eftir</t>
        <t c="þeim">þeim</t>
        <t c=";">;</t>
        <t c="til">til</t>
        <t c="hvørra">hverra</t>
        <t c="Ráda">Ráða</t>
        <t c="enn">enn</t>
        <t c="í">í</t>
        <t c="dag">dag</t>
        <t c="reiknast">reiknast</t>
        <t c="verdslegir">verðslegir</t>
        <t c="Stórherrar">Stórherrar</t>
        <t c=",">,</t>
        <t c="Greifar">Greifar</t>
        <t c=",">,</t>
        <t c="Barónar">Barónar</t>
        <t c="og">og</t>
        <t c="adrir">aðrir</t>
        <t c="í">í</t>
        <t c="kathólskum">kaþólskum</t>
        <t c="løndum">löndum</t>
        <t c=".">.</t>
    </s>
    <s>
        <t c="Þó">Þó</t>
        <t c="nú">nú</t>
        <t c="Capituls">Capituls</t>
        <t c="Rádin">Ráðin</t>
        <t c=",">,</t>
        <t c="sem">sem</t>
        <t c="mælt">mælt</t>
        <t c=",">,</t>
        <t c="hvyrfu">hyrfu</t>
        <t c="í">í</t>
        <t c="Danaveldi">Danaveldi</t>
        <t c="med">með</t>
        <t c="páfalegum">páfalegum</t>
        <t c="stjettum">stéttum</t>
        <t c=",">,</t>
        <t c="ecki">ekki</t>
        <t c="þó">þó</t>
        <t c="strax">strax</t>
        <t c="vid">við</t>
        <t c=",">,</t>
    </s>
    <s>
        <t c="heldur">heldur</t>
        <t c="smámsaman">smám saman</t>
        <t c="eptir">eftir</t>
        <t c="Endurbót">Endurbót</t>
        <t c="Trúarbragdanna">Trúarbragðanna</t>
        <t c=",">,</t>
        <t c="hjeldst">héldust</t>
        <t c="samt">samt</t>
        <t c="nafnid">nafnið</t>
        <t c="erlendis">erlendis</t>
        <t c="vída">víða</t>
        <t c="vid">við</t>
        <t c=",">,</t>
        <t c="álíkt">álíkt</t>
        <t c="og">og</t>
        <t c="enn">enn</t>
        <t c="í">í</t>
        <t c="dag">dag</t>
        <t c="þar">þar</t>
        <t c="og">og</t>
        <t c="hjer">hér</t>
        <t c=",">,</t>
        <t c="Klaustra">Klaustra</t>
        <t c="nøfnin">nöfnin</t>
        <t c="á">á</t>
        <t c="þeim">þeim</t>
        <t c="fyrrverandi">fyrrverandi</t>
        <t c="Klaustragørdum">Klaustragørdum</t>
        <t c=",">,</t>
        <t c="þó">þó</t>
        <t c="Múnka">Munka</t>
        <t c="stjettir">stéttir</t>
        <t c="seu">séu</t>
        <t c="afmádar">afmáðar</t>
        <t c=";">;</t>
        <t c="og">og</t>
        <t c="sama">sama</t>
        <t c="er">er</t>
        <t c="med">með</t>
        <t c="Capituls">Capituls</t>
        <t c="Taxta">Taxta</t>
        <t c="nøfnin">nöfnin</t>
        <t c=".">.</t>
    </s>
    <s>
        <t c="Frá">Frá</t>
        <t c="1643">1643</t>
        <t c="hafa">hafa</t>
        <t c="þeir">þeir</t>
        <t c="árlega">árlega</t>
        <t c="settir">settir</t>
        <t c="verid">verið</t>
        <t c="í">í</t>
        <t c="Danmørk">Danmörk</t>
        <t c="og">og</t>
        <t c="Norvegi">Noregi</t>
        <t c=",">,</t>
        <t c="fyrst">fyrst</t>
        <t c="af">af</t>
        <t c="Stiptamtmønnum">Stiftamtmönnum</t>
        <t c=",">,</t>
        <t c="Biskupum">Biskupum</t>
        <t c="og">og</t>
        <t c="Capitulum">Kapitulum</t>
        <t c=",">,</t>
        <t c="og">og</t>
        <t c="eptir">eftir</t>
        <t c="þad">það</t>
        <t c="þessi">þessi</t>
        <t c="lidu">liðu</t>
        <t c="undir">undir</t>
        <t c="lok">lok</t>
        <t c=",">,</t>
        <t c="af">af</t>
        <t c="þeim">þeim</t>
        <t c="tveimur">tveimur</t>
        <t c="fyrsttøldu">fyrsttøldu</t>
        <t c=",">,</t>
        <t c="bædi">bæði</t>
        <t c="fyrir">fyrir</t>
        <t c="Konúngs">Konungs</t>
        <t c="og">og</t>
        <t c="geistlegra">geistlegra</t>
        <t c=",">,</t>
        <t c="kirkna">kirkna</t>
        <t c="og">og</t>
        <t c="opinberra">opinberra</t>
        <t c="stiptana">stiftana</t>
        <t c="gjøld">gjöld</t>
        <t c="og">og</t>
        <t c="þeirra">þeirra</t>
        <t c="jardaskuldir">þröskuldir</t>
        <t c=",">,</t>
        <t c="sem">sem</t>
        <t c="áskildar">áskildar</t>
        <t c="eru">eru</t>
        <t c="í">í</t>
        <t c="skileyrir">skileyrir</t>
        <t c="vissum">vissum</t>
        <t c="eda">eða</t>
        <t c="landaurum">landaurum</t>
        <t c=";">;</t>
        <t c="en">en</t>
        <t c="um">um</t>
        <t c="þvílíka">þvílíka</t>
        <t c="Taxtasetníngu">Taxtasetníngu</t>
        <t c="medal">meðal</t>
        <t c="vor">vor</t>
        <t c=",">,</t>
        <t c="hefir">hefir</t>
        <t c=",">,</t>
        <t c="ad">ad</t>
        <t c="undanførnu">undanförnu</t>
        <t c=",">,</t>
        <t c="eckert">ekkert</t>
        <t c="løgmál">lögmál</t>
        <t c="oss">oss</t>
        <t c="gefid">gefið</t>
        <t c="verid">verið</t>
        <t c=";">;</t>
        <t c="enda">enda</t>
        <t c="hefir">hefir</t>
        <t c="og">og</t>
        <t c="lángvinnt">langvinnt</t>
        <t c="þras">þras</t>
        <t c="og">og</t>
        <t c="misklíd">misklíð</t>
        <t c="margra">margra</t>
        <t c="á">á</t>
        <t c="milli">milli</t>
        <t c="um">um</t>
        <t c="rettann">rettan</t>
        <t c="gjaldmáta">gjaldmáta</t>
        <t c="á">á</t>
        <t c="skøttum">sköttum</t>
        <t c=",">,</t>
        <t c="tíundum">tíundum</t>
        <t c=",">,</t>
        <t c="tollum">tollum</t>
        <t c=",">,</t>
        <t c="landskuldum">landskuldum</t>
        <t c=",">,</t>
        <t c="Presta">Presta</t>
        <t c="og">og</t>
        <t c="kirkna">kirkna</t>
        <t c="tekjum">tekjum</t>
        <t c=",">,</t>
        <t c="þar">þar</t>
        <t c="útaf">út af</t>
        <t c="rifid">rifið</t>
        <t c="á">á</t>
        <t c="víxl">víxl</t>
        <t c=",">,</t>
        <t c="ýmist">ýmist</t>
        <t c="um">um</t>
        <t c="of">of</t>
        <t c="rír">ír</t>
        <t c="gjøld">gjöld</t>
        <t c=",">,</t>
        <t c="eda">eða</t>
        <t c="of">of</t>
        <t c="frekar">frekar</t>
        <t c="tekjur">tekjur</t>
        <t c=".">.</t>
    </s>
    <s>
        <t c="Af">Af</t>
        <t c="mørgum">mörgum</t>
        <t c="umqvørtunum">umkvörtunum</t>
        <t c="af">af</t>
        <t c="beggja">beggja</t>
        <t c="hálfu">hálfu</t>
        <t c="í">í</t>
        <t c="þessi">þessi</t>
        <t c="tilliti">tilliti</t>
        <t c=",">,</t>
        <t c="leiddi">leiddi</t>
        <t c="loksins">loksins</t>
        <t c="bodord">boðorð</t>
        <t c="Konúngs">Konungs</t>
        <t c=",">,</t>
        <t c="þann">þann</t>
        <t c="23ja">23ja</t>
        <t c="Maji">Maí</t>
        <t c="1806">1806</t>
        <t c=":">:</t>
        <t c="„">„</t>
        <t c="ad">ad</t>
        <t c="eptirleidis">eftirleiðis</t>
        <t c="skyldi">skyldi</t>
        <t c="árlega">árlega</t>
        <t c="setja">setja</t>
        <t c="Capituls">Capituls</t>
        <t c="Taxta">Taxta</t>
        <t c="á">á</t>
        <t c="Islandi">Íslandi</t>
        <t c="af">af</t>
        <t c="Amtmønnunum">Amtmönnunum</t>
        <t c=",">,</t>
        <t c="hvørjum">hverjum</t>
        <t c="fyrir">fyrir</t>
        <t c="þeirra">þeirra</t>
        <t c="Amt">Amt</t>
        <t c=",">,</t>
        <t c="og">og</t>
        <t c="ad">ad</t>
        <t c="þeir">þeir</t>
        <t c="skyldu">skyldu</t>
        <t c="krefja">krefja</t>
        <t c="til">til</t>
        <t c="þessa">þessa</t>
        <t c="skilríki">skilríki</t>
        <t c="af">af</t>
        <t c="Próføstum">Próföstum</t>
        <t c="og">og</t>
        <t c="Sýslumønnum">Sýslumönnum</t>
        <t c=",">,</t>
        <t c="um">um</t>
        <t c="árlegt">árlegt</t>
        <t c="gángverd">gangverð</t>
        <t c="á">á</t>
        <t c="helztu">helstu</t>
        <t c="vørum">vörum</t>
        <t c=",">,</t>
        <t c="bædi">bæði</t>
        <t c="í">í</t>
        <t c="kaupstødum">kaupstöðum</t>
        <t c="og">og</t>
        <t c="inní">inn í</t>
        <t c="landinu">landinu</t>
        <t c=",">,</t>
        <t c="í">í</t>
        <t c="serhvørju">sérhverju</t>
        <t c="bygdarlagi">byggðarlagi</t>
        <t c=";">;</t>
        <t c="átti">átti</t>
        <t c="sá">sá</t>
        <t c="Taxti">Taxti</t>
        <t c="ad">ad</t>
        <t c="gylda">gilda</t>
        <t c="fyrir">fyrir</t>
        <t c="nærstfylgjandi">nærstfylgjandi</t>
        <t c="ár.">árg.</t>
        <t c="“">“</t>
    </s>
    <s>
        <t c="En">En</t>
        <t c="þar">þar</t>
        <t c="þessu">þessu</t>
        <t c="Konúngs">Konungs</t>
        <t c="bodi">boði</t>
        <t c="fylgdi">fylgdi</t>
        <t c="Rentukammer">Rentukammer</t>
        <t c="bref">bréf</t>
        <t c=",">,</t>
        <t c="dagsett">dagsett</t>
        <t c="10da">10da</t>
        <t c="Júnii">Júní</t>
        <t c="s.">s.</t>
        <t c="á.">á.</t>
        <t c=",">,</t>
        <t c="sem">sem</t>
        <t c="baud">bauð</t>
        <t c="Amtmønnum">Amtmönnum</t>
        <t c="þá">þá</t>
        <t c=":">:</t>
        <t c="ad">ad</t>
        <t c="senda">senda</t>
        <t c="ser">sér</t>
        <t c="ad">ad</t>
        <t c="eins">eins</t>
        <t c="Framvørp">Framvarp</t>
        <t c="þeirra">þeirra</t>
        <t c="til">til</t>
        <t c="Capituls">Capituls</t>
        <t c="Taxta">Taxta</t>
        <t c=",">,</t>
        <t c="mun">mun</t>
        <t c="Amtmønnum">Amtmönnum</t>
        <t c="þaraf">þar af</t>
        <t c="skilist">skilist</t>
        <t c="hafa">hafa</t>
        <t c=",">,</t>
        <t c="ad">ad</t>
        <t c="uppfylling">uppfylling</t>
        <t c="tímans">tímans</t>
        <t c=",">,</t>
        <t c="til">til</t>
        <t c="byrjunar">byrjunar</t>
        <t c="þvílíkra">þvílíkra</t>
        <t c="Taxtasetnínga">Taxtasetnínga</t>
        <t c=",">,</t>
        <t c="væri">væri</t>
        <t c="enn">enn</t>
        <t c="þá">þá</t>
        <t c="ókomin">ókomin</t>
        <t c=".">.</t>
    </s>
    <s>
        <t c="Strax">Strax</t>
        <t c="eptir">eftir</t>
        <t c="fjell">féll</t>
        <t c="uppá">upp á</t>
        <t c="7">7</t>
        <t c="ára">ára</t>
        <t c="stríd">stríð</t>
        <t c=";">;</t>
        <t c="milliferdir">milliferðir</t>
        <t c="og">og</t>
        <t c="annad">annað</t>
        <t c="rugludust">rugluðust</t>
        <t c=",">,</t>
        <t c="og">og</t>
        <t c="á">á</t>
        <t c="fleirst">fleiri</t>
        <t c="kom">kom</t>
        <t c="stans">stans</t>
        <t c=",">,</t>
        <t c="svo">svo</t>
        <t c="nú">nú</t>
        <t c="fyrst">fyrst</t>
        <t c="útgeck">útgef</t>
        <t c="konúngleg">konungleg</t>
        <t c="Tilskipan">Tilskipan</t>
        <t c=",">,</t>
        <t c="þann">þann</t>
        <t c="16da">16da</t>
        <t c="Júlii">Júlí</t>
        <t c="1817">1817</t>
        <t c=",">,</t>
        <t c="áhrærandi">áhrærandi</t>
        <t c="árlega">árlega</t>
        <t c="Capituls">Capituls</t>
        <t c="Taxta">Taxta</t>
        <t c="á">á</t>
        <t c="Islandi">Íslandi</t>
        <t c=".">.</t>
    </s>
    <s>
        <t c="Hún">Hún</t>
        <t c="býdur">býður</t>
        <t c=":">:</t>
        <t c="„">„</t>
        <t c="ad">ad</t>
        <t c="hjer">hér</t>
        <t c="eptir">eftir</t>
        <t c="skuli">skuli</t>
        <t c="árlega">árlega</t>
        <t c="stetja">setja</t>
        <t c="hjer">hér</t>
        <t c="þessa">þessa</t>
        <t c="Taxta">Taxta</t>
        <t c=",">,</t>
        <t c="eptir">eftir</t>
        <t c="frekari">frekari</t>
        <t c="Fyriskipunum">Fyrirskipunum</t>
        <t c=",">,</t>
        <t c="sem">sem</t>
        <t c="hlutadegandi">hlutaðeigandi</t>
        <t c="Yfirvøld">Yfirvöld</t>
        <t c="þar">þar</t>
        <t c="um">um</t>
        <t c="fái">fái</t>
        <t c="frá">frá</t>
        <t c="því">því</t>
        <t c="konúnglega">konunglega</t>
        <t c="Rentukammeri">Rentukammeri</t>
        <t c=".">.</t>
    </s>
    <s>
        <t c="Og">Og</t>
        <t c="er">er</t>
        <t c="þad">það</t>
        <t c="bodord">boðorð</t>
        <t c="Konúngs">Konungs</t>
        <t c=":">:</t>
        <t c="ad">ad</t>
        <t c="allir">allir</t>
        <t c="skattar">skattar</t>
        <t c="og">og</t>
        <t c="afgjøld">afgjöld</t>
        <t c="til">til</t>
        <t c="Hans">Hans</t>
        <t c=",">,</t>
        <t c="ásamt">ásamt</t>
        <t c="allri">allri</t>
        <t c="landskuld">landskuld</t>
        <t c="(">(</t>
        <t c="eda">eða</t>
        <t c="jarda">jarða</t>
        <t c="afgjaldi">afgjaldi</t>
        <t c=")">)</t>
        <t c=",">,</t>
        <t c="tíundum">tíundum</t>
        <t c=",">,</t>
        <t c="og">og</t>
        <t c=",">,</t>
        <t c="yfir">yfir</t>
        <t c="høfud">höfuð</t>
        <t c="ad">ad</t>
        <t c="segja">segja</t>
        <t c=",">,</t>
        <t c="øll">öll</t>
        <t c="gjøld">gjöld</t>
        <t c="til">til</t>
        <t c="Embættismanna">Embættismanna</t>
        <t c="og">og</t>
        <t c="opinberra">opinberra</t>
        <t c="Stiptana">Stiftana</t>
        <t c="hjer">hér</t>
        <t c="á">á</t>
        <t c="landi">landi</t>
        <t c=",">,</t>
        <t c="skuli">skuli</t>
        <t c=",">,</t>
        <t c="þegar">þegar</t>
        <t c="þau">þau</t>
        <t c="áskilin">áskilin</t>
        <t c="eru">eru</t>
        <t c="í">í</t>
        <t c="landaurum">landaurum</t>
        <t c=",">,</t>
        <t c="en">en</t>
        <t c="verda">verða</t>
        <t c="ecki">ekki</t>
        <t c="af">af</t>
        <t c="hlutadegendum">hlutaðeigendum</t>
        <t c="afgreidd">afgreidd</t>
        <t c="í">í</t>
        <t c="tilteknum">tilteknum</t>
        <t c="skileyri">skileyri</t>
        <t c=",">,</t>
        <t c="gjaldast">gjaldast</t>
        <t c="eptir">eftir</t>
        <t c="fyrrtjedum">fyrrtjedum</t>
        <t c="Capituls">Capituls</t>
        <t c="Tøxtum">Textum</t>
        <t c=",">,</t>
        <t c="þó">þó</t>
        <t c="svo">svo</t>
        <t c=",">,</t>
        <t c="ad">ad</t>
        <t c="hafi">hafi</t>
        <t c="sá">sá</t>
        <t c=",">,</t>
        <t c="sem">sem</t>
        <t c="gialda">gjalda</t>
        <t c="á">á</t>
        <t c=",">,</t>
        <t c="ødlast">öðlast</t>
        <t c="rett">rétt</t>
        <t c="til">til</t>
        <t c="ad">ad</t>
        <t c="kjósa">kjósa</t>
        <t c="ser">sér</t>
        <t c=",">,</t>
        <t c="annadhvørt">annað hvort</t>
        <t c="ad">ad</t>
        <t c="mega">mega</t>
        <t c="í">í</t>
        <t c="landaurum">landaurum</t>
        <t c="gjalda">gjalda</t>
        <t c=",">,</t>
        <t c="eda">eða</t>
        <t c="med">með</t>
        <t c="áqvednu">ákveðnu</t>
        <t c="penínga">peninga</t>
        <t c="útsvari">útsvari</t>
        <t c=",">,</t>
        <t c="egi">eigi</t>
        <t c="hann">hann</t>
        <t c="framvegis">framvegis</t>
        <t c="vølina">völina</t>
        <t c="þanninn">þannig</t>
        <t c=",">,</t>
        <t c="sem">sem</t>
        <t c="Tilskipan">Tilskipan</t>
        <t c="af">af</t>
        <t c="20ta">20ta</t>
        <t c="Martz">Mars</t>
        <t c="1815">1815</t>
        <t c=",">,</t>
        <t c="í">í</t>
        <t c="§">§</t>
        <t c=".">.</t>
    </s>
    <s>
        <t c="21">21</t>
        <t c="áqvardad">svardal</t>
        <t c="hefir.">hefir</t>
        <t c="“">“</t>
    </s>
    <s>
        <t c="Sama">Sama</t>
        <t c="dag">dag</t>
        <t c="gaf">gaf</t>
        <t c="konúngur">konungur</t>
        <t c="serlegt">sérlegt</t>
        <t c="bod">boð</t>
        <t c="út">út</t>
        <t c=",">,</t>
        <t c="um">um</t>
        <t c="setningar">setningar</t>
        <t c="adferd">aðferð</t>
        <t c="og">og</t>
        <t c="gyldi">gyldi</t>
        <t c="þessa">þessa</t>
        <t c="Capituls">Capituls</t>
        <t c="Taxta">Taxta</t>
        <t c=",">,</t>
        <t c="þess">þess</t>
        <t c="innihalds">innihalds</t>
        <t c=":">:</t>
        <t c="1.">1.</t>
        <t c=")">)</t>
        <t c="Ad">Ad</t>
        <t c="Býfógetinn">Býfógetinn</t>
        <t c="í">í</t>
        <t c="Reykjavík">Reykjavík</t>
        <t c="og">og</t>
        <t c="Sýslumenn">Sýslumenn</t>
        <t c="sendi">sendi</t>
        <t c="í">í</t>
        <t c="kauptídarlok">kauptídarlok</t>
        <t c=",">,</t>
        <t c="hvørr">hver</t>
        <t c="sínum">sínum</t>
        <t c="vidkomandi">viðkomandi</t>
        <t c="Amtmanni">Amtmanni</t>
        <t c=",">,</t>
        <t c="lista">lista</t>
        <t c="yfir">yfir</t>
        <t c="gángverd">gangverð</t>
        <t c="á">á</t>
        <t c="kaupstadargengum">kaupstaðargengum</t>
        <t c="vørum">vörum</t>
        <t c="í">í</t>
        <t c="kauphøndlun">kauphöndlun</t>
        <t c=",">,</t>
        <t c="og">og</t>
        <t c="eins">eins</t>
        <t c="sveita">sveita</t>
        <t c="verdlag">verðlag</t>
        <t c="á">á</t>
        <t c="ødrum">öðrum</t>
        <t c="vørum">vörum</t>
        <t c=",">,</t>
        <t c="sama">sama</t>
        <t c="ár">ár</t>
        <t c=",">,</t>
        <t c="eptir">eftir</t>
        <t c="medalverdi">meðalverði</t>
        <t c="í">í</t>
        <t c="hvørju">hverju</t>
        <t c="bygdarlagi">byggðarlagi</t>
        <t c=".">.</t>
    </s>
    <s>
        <t c="Allteins">Allteins</t>
        <t c="ega">eiga</t>
        <t c="Prófastar">Prófastar</t>
        <t c="í">í</t>
        <t c="Sudur">Suður</t>
        <t c="Amtinu">Amtinu</t>
        <t c="ad">ad</t>
    </s>
    <s>
        <t c="senda">senda</t>
        <t c="Biskupinum">Biskupinum</t>
        <t c="samkynja">samkynja</t>
        <t c="skírslur">skírslur</t>
        <t c=",">,</t>
        <t c="frá">frá</t>
        <t c="øllum">öllum</t>
        <t c="Sóknaprestum">Sóknarprestum</t>
        <t c=",">,</t>
        <t c="um">um</t>
        <t c="sama">sama</t>
        <t c="leitid">leitið</t>
        <t c=",">,</t>
        <t c="en">en</t>
        <t c="í">í</t>
        <t c="hinum">hinum</t>
        <t c="Ømtunum">Ömtunum</t>
        <t c=",">,</t>
        <t c="þeim">þeim</t>
        <t c="Prófasti">Prófasti</t>
        <t c="í">í</t>
        <t c="hvørju">hverju</t>
        <t c="þeirra">þeirra</t>
        <t c=",">,</t>
        <t c="sem">sem</t>
        <t c="Biskupinn">Biskupinn</t>
        <t c="felur">felur</t>
        <t c="Taxtasetningu">Talsetningu</t>
        <t c=",">,</t>
        <t c="í">í</t>
        <t c="sinn">sinn</t>
        <t c="stad">stað</t>
        <t c=",">,</t>
        <t c="á">á</t>
        <t c="hendur">hendur</t>
        <t c=",">,</t>
        <t c="og">og</t>
        <t c="ber">ber</t>
        <t c="náqvæmlega">nákvæmlega</t>
        <t c="ad">ad</t>
        <t c="gæta">gæta</t>
        <t c="þess">þess</t>
        <t c=",">,</t>
        <t c="ad">ad</t>
        <t c="bædi">bæði</t>
        <t c="þessara">þessara</t>
        <t c="verdslegu">verðslegu</t>
        <t c="og">og</t>
        <t c="eins">eins</t>
        <t c="geistlegu">geistlegu</t>
        <t c="Embættismanna">Embættismanna</t>
        <t c="skírslur">skírslur</t>
        <t c="seu">séu</t>
        <t c="grundvalladar">grundvallaðar</t>
        <t c="einmidt">einmitt</t>
        <t c="á">á</t>
        <t c="verulegu">verulegu</t>
        <t c="gángverdi">gangverði</t>
        <t c="hlutanna">hlutanna</t>
        <t c=".">.</t>
    </s>
    <s>
        <t c="2.">2.</t>
        <t c=")">)</t>
        <t c="Ad">Ad</t>
        <t c="Stiptamtmadur">Stiftamtmaður</t>
        <t c="med">með</t>
        <t c="Biskupi">Biskupi</t>
        <t c=",">,</t>
        <t c="í">í</t>
        <t c="Sudur">Suður</t>
        <t c="Amtinu">Amtinu</t>
        <t c=",">,</t>
        <t c="en">en</t>
        <t c="Amtmadur">Amtmaður</t>
        <t c="hvørr">hver</t>
        <t c="med">með</t>
        <t c="þeim">þeim</t>
        <t c="tiltekna">tiltekna</t>
        <t c="Prófasti">Prófasti</t>
        <t c=",">,</t>
        <t c="í">í</t>
        <t c="serhvørs">sérhvers</t>
        <t c="Amti">Amti</t>
        <t c=",">,</t>
        <t c="safni">safni</t>
        <t c="serílagi">setlagi</t>
        <t c="verdslegum">verslegum</t>
        <t c="og">og</t>
        <t c="geistlegum">geistlegum</t>
        <t c="gángverds">gangverðs</t>
        <t c="skírslum">skírslum</t>
        <t c="um">um</t>
        <t c="serhvørja">sérhverja</t>
        <t c="vørutegund">vörutegund</t>
        <t c=",">,</t>
        <t c="útreikni">útreikni</t>
        <t c="þar">þar</t>
        <t c="af">af</t>
        <t c="medalverd">meðalverð</t>
        <t c=",">,</t>
        <t c="med">með</t>
        <t c="því">því</t>
        <t c="ad">ad</t>
        <t c="samanleggja">samanlagða</t>
        <t c="verd">verð</t>
        <t c="serhvørrar">sérhverrar</t>
        <t c=",">,</t>
        <t c="eptir">eftir</t>
        <t c="skírslunum">skírslunum</t>
        <t c=",">,</t>
        <t c="og">og</t>
        <t c="skipta">skipta</t>
        <t c="summunni">summunni</t>
        <t c="aptur">aftur</t>
        <t c="med">með</t>
        <t c="skírslatølunni">skírslatølunni</t>
        <t c=",">,</t>
        <t c="hvad">hvað</t>
        <t c="eins">eins</t>
        <t c="se">sé</t>
        <t c="gjørt">gjört</t>
        <t c="med">með</t>
        <t c="beggja">beggja</t>
        <t c="stetta">stétta</t>
        <t c="skírslur">skírslur</t>
        <t c=";">;</t>
        <t c="en">en</t>
        <t c="af">af</t>
        <t c="samlagdri">samlaðri</t>
        <t c="verdlagt">verðlagt</t>
        <t c="summu">summu</t>
        <t c="beggja">beggja</t>
        <t c="á">á</t>
        <t c="serhvørri">sérhverri</t>
        <t c="tegund">tegund</t>
        <t c=",">,</t>
        <t c="se">sé</t>
        <t c="helftin">helftin</t>
        <t c="útreiknud">útreiknuð</t>
        <t c=",">,</t>
        <t c="og">og</t>
        <t c="af">af</t>
        <t c="fyrrtjedum">fyrrtjedum</t>
        <t c="Embættismønnum">Embættismönnum</t>
        <t c="í">í</t>
        <t c="ádur">áður</t>
        <t c="tilgreindum">tilgreindum</t>
        <t c="Ømtum">Ömtum</t>
        <t c=",">,</t>
        <t c="fastsett">fastsett</t>
        <t c="ad">ad</t>
        <t c="vera">vera</t>
        <t c="gyldandi">gildandi</t>
        <t c="Capituls">Capituls</t>
        <t c="Taxti">Taxti</t>
        <t c="fyrir">fyrir</t>
        <t c="þad">það</t>
        <t c="ár">ár</t>
        <t c=",">,</t>
        <t c="sem">sem</t>
        <t c="nærst">nærst</t>
        <t c="fylgir">fylgir</t>
        <t c="því">því</t>
        <t c=",">,</t>
        <t c="hvørs">hvers</t>
        <t c="vøru-gángverd">vøru-gángverd</t>
        <t c="valid">valið</t>
        <t c="er">er</t>
        <t c="til">til</t>
        <t c="grundvallar">grundvallar</t>
        <t c=",">,</t>
        <t c="fyrir">fyrir</t>
        <t c="útreikníngi">útreikningi</t>
        <t c="Capituls">Capituls</t>
        <t c="Taxtans">Taxtans</t>
        <t c=",">,</t>
        <t c="án">án</t>
        <t c="frekari">frekari</t>
        <t c="stadfestíngar">staðfestingar</t>
        <t c=".">.</t>
    </s>
    <s>
        <t c="3.">3.</t>
        <t c=")">)</t>
        <t c="Eins">Eins</t>
        <t c="og">og</t>
        <t c="þanninn">þannig</t>
        <t c="skal">skal</t>
        <t c="setja">setja</t>
        <t c="serlegann">sérlegan</t>
        <t c="Capituls">Capituls</t>
        <t c="Taxta">Taxta</t>
        <t c="fyrir">fyrir</t>
        <t c="serhvørn">sérhvern</t>
        <t c="Landsfjórdúng">Landsfjórðung</t>
        <t c=",">,</t>
        <t c="leyfist">leyfist</t>
        <t c="fyrrtjedum">fyrrtjedum</t>
        <t c="Embættismønnum">Embættismönnum</t>
        <t c=",">,</t>
        <t c="serhvørjum">sérhverjum</t>
        <t c="fyri">fyri</t>
        <t c="þeirra">þeirra</t>
        <t c="tiltekin">tiltekin</t>
        <t c="Umdæmi">Umdæmi</t>
        <t c=",">,</t>
        <t c="enn">enn</t>
        <t c="framar">framar</t>
        <t c="ad">ad</t>
        <t c="fastsetja">fastsetja</t>
        <t c="serlega">sérlega</t>
        <t c="Capituls">Capituls</t>
        <t c="Taxta">Taxta</t>
        <t c="fyrir">fyrir</t>
        <t c="einstaka">einstaka</t>
        <t c="Sýslu">Sýslu</t>
        <t c=",">,</t>
        <t c="þyki">þyki</t>
        <t c="þetta">þetta</t>
        <t c="naudsynlegt">nauðsynlegt</t>
        <t c=",">,</t>
        <t c="vegna">vegna</t>
        <t c="mjøg">mjög</t>
        <t c="svo">svo</t>
        <t c="fráleits">fráleits</t>
        <t c="gángverds">gangverðs</t>
        <t c="vøru">vøru</t>
        <t c="í">í</t>
        <t c="sømu">sömu</t>
        <t c=",">,</t>
        <t c="frá">frá</t>
        <t c="annara">annara</t>
        <t c="Sýslna">Sýslna</t>
        <t c="í">í</t>
        <t c="þeim">þeim</t>
        <t c="landsfjórdúngi">landsfjórðungi</t>
        <t c=".">.</t>
    </s>
    <s>
        <t c="4.">4.</t>
        <t c=")">)</t>
        <t c="Capituls">Capituls</t>
        <t c="Taxta">Taxta</t>
        <t c="skal">skal</t>
        <t c="setja">setja</t>
        <t c="í">í</t>
        <t c="Ríkisbánka">Ríkisbanka</t>
        <t c="penínga">peninga</t>
        <t c="gjaldi">gjaldi</t>
        <t c=",">,</t>
        <t c="eptir">eftir</t>
        <t c="Nafnverdi">Nafnverði</t>
        <t c=",">,</t>
        <t c="og">og</t>
        <t c="þad">það</t>
        <t c="svo">svo</t>
        <t c="tímanlega">tímanlega</t>
        <t c=",">,</t>
        <t c="ad">ad</t>
        <t c="allstadar">alls staðar</t>
        <t c="verdi">verði</t>
        <t c=",">,</t>
        <t c="í">í</t>
        <t c="sérhvørju">sérhverju</t>
        <t c="Amti">Amti</t>
        <t c=",">,</t>
        <t c="búid">búið</t>
        <t c="ad">ad</t>
        <t c="auglýsa">auglýsa</t>
        <t c="þá">þá</t>
        <t c=",">,</t>
        <t c="í">í</t>
        <t c="seinasta">seinasta</t>
        <t c="lagi">lagi</t>
        <t c=",">,</t>
        <t c="fyri">fyri</t>
        <t c="midjann">miðann</t>
        <t c="Maji">Maí</t>
        <t c="mánud">mánuð</t>
        <t c="þad">það</t>
        <t c="ár">ár</t>
        <t c=",">,</t>
        <t c="á">á</t>
        <t c="hvørju">hverju</t>
        <t c="þeir">þeir</t>
        <t c="skulu">skulu</t>
        <t c="gylda">gilda</t>
        <t c=",">,</t>
        <t c="og">og</t>
        <t c="ásamt">ásamt</t>
        <t c="á">á</t>
        <t c="Manntals">Manntals</t>
        <t c="þíngum">þingum</t>
        <t c=",">,</t>
        <t c="sem">sem</t>
        <t c="þá">þá</t>
        <t c="haldast">haldast</t>
        <t c=",">,</t>
        <t c="og">og</t>
        <t c="5.">5.</t>
        <t c=")">)</t>
        <t c="Ad">Ad</t>
        <t c="fyrrgreindir">fyrrgreindir</t>
        <t c="Embættismenn">Embættismenn</t>
        <t c=",">,</t>
        <t c="med">með</t>
        <t c="Póstskipinu">Póstskipinu</t>
        <t c="á">á</t>
        <t c="sérhvørju">sérhverju</t>
        <t c="Vori">Vori</t>
        <t c=",">,</t>
        <t c="sendi">sendi</t>
        <t c="Rentukammerinu">Rentukammerinu</t>
        <t c="skírslu">skírslu</t>
        <t c="um">um</t>
        <t c="þá">þá</t>
        <t c="settu">settu</t>
        <t c="Capituls">Capituls</t>
        <t c="Taxta">Taxta</t>
        <t c=",">,</t>
        <t c="og">og</t>
        <t c="undireins">undireins</t>
        <t c="þær">þær</t>
        <t c="skírslur">skírslur</t>
        <t c=",">,</t>
        <t c="um">um</t>
        <t c="vøru-gángverd">vøru-gángverd</t>
        <t c="á">á</t>
        <t c="serhvørjum">sérhverjum</t>
        <t c="stad">stað</t>
        <t c=",">,</t>
        <t c="frá">frá</t>
        <t c="øllum">öllum</t>
        <t c="hlutadegandi">hlutaðeigandi</t>
        <t c=",">,</t>
        <t c="verdslegum">verslegum</t>
        <t c="og">og</t>
        <t c="geistlegum">geistlegum</t>
        <t c=",">,</t>
        <t c="Embættismønnum">Embættismönnum</t>
        <t c=",">,</t>
        <t c="á">á</t>
        <t c="hvørjum">hverjum</t>
        <t c="Capituls">Capituls</t>
        <t c="Taxta">Taxta</t>
        <t c="setníngin">setningin</t>
        <t c="er">er</t>
        <t c="grundvøllud">grundvölluð</t>
        <t c=",">,</t>
        <t c="til">til</t>
        <t c="frekari">frekari</t>
        <t c="yfirskodunar">yfirskoðunar</t>
        <t c=".">.</t>
    </s>
    <s>
        <t c="Ad">Ad</t>
        <t c="ødru">öðru</t>
        <t c="leiti">leiti</t>
        <t c="er">er</t>
        <t c="Rentukammerinu">Rentukammerinu</t>
        <t c="á">á</t>
        <t c="hendur">hendur</t>
        <t c="falid">falið</t>
        <t c=",">,</t>
        <t c="ad">ad</t>
        <t c="tiltaka">tiltaka</t>
        <t c="þær">þær</t>
        <t c="vøru-tegundir">vörutegundir</t>
        <t c=",">,</t>
        <t c="sem">sem</t>
        <t c="verdleggjast">afleggjast</t>
        <t c="ega">eiga</t>
        <t c="til">til</t>
        <t c="Capituls">Capituls</t>
        <t c="Taxta">Taxta</t>
        <t c=",">,</t>
        <t c="og">og</t>
        <t c="ad">ad</t>
        <t c="fyriskipa">fyrirskipa</t>
        <t c="skírslanna">skírslanna</t>
        <t c="form">form</t>
        <t c="til">til</t>
        <t c="þeirra">þeirra</t>
        <t c=",">,</t>
        <t c="ásamt">ásamt</t>
        <t c="fleiru">fleiru</t>
        <t c=".">.</t>
    </s>
    <s>
        <t c="Eptir">Eftir</t>
        <t c="framanskrifudu">framanskrifuðu</t>
        <t c="undirlagi">undirlagi</t>
        <t c=",">,</t>
        <t c="fól">fól</t>
        <t c="Hra.">Hra.</t>
        <t c="Biskup">Biskup</t>
        <t c="Geir">Geir</t>
        <t c="Vídalín">Vídalín</t>
        <t c=",">,</t>
        <t c="ásamt">ásamt</t>
        <t c="Hra.">Hra.</t>
        <t c="Conferencerádi">Konferensráði</t>
        <t c=",">,</t>
        <t c="Amtmanni">Amtmanni</t>
        <t c="og">og</t>
        <t c="Riddara">Riddara</t>
        <t c="Stepháni">Stefáni</t>
        <t c="Thorarensen">Thorarensen</t>
        <t c=",">,</t>
        <t c="Prófastinum">Prófastinum</t>
        <t c="í">í</t>
        <t c="Vadla">Vala</t>
        <t c="Sýslu">Sýslu</t>
        <t c=",">,</t>
        <t c="Hra.">Hra.</t>
        <t c="Magnúsi">Magnúsi</t>
        <t c="Erlendssyni">Erlendssyni</t>
        <t c=",">,</t>
        <t c="sín">sín</t>
        <t c="vegna">vegna</t>
        <t c="á">á</t>
        <t c="hendur">hendur</t>
        <t c=",">,</t>
        <t c="ad">ad</t>
        <t c="fastsetja">fastsetja</t>
        <t c="Capítuls">Kapítuli</t>
        <t c="Taxta">Taxta</t>
        <t c="fyrir">fyrir</t>
        <t c="Nordur">Norður</t>
        <t c="og">og</t>
        <t c="Austur">Austur</t>
        <t c="Amtid">Amtið</t>
        <t c=",">,</t>
        <t c="eda">eða</t>
        <t c="báda">báða</t>
        <t c="þá">þá</t>
        <t c="fjórdúnga">fjórðunga</t>
        <t c="lands">lands</t>
        <t c=",">,</t>
        <t c="en">en</t>
        <t c=",">,</t>
        <t c="ásamt">ásamt</t>
        <t c="Hra.">Hra.</t>
        <t c="Amtmanni">Amtmanni</t>
        <t c="Stepháni">Stefáni</t>
        <t c="Stephensen">Stephensen</t>
        <t c=",">,</t>
        <t c="Prófastinum">Prófastinum</t>
        <t c="í">í</t>
        <t c="Mýra">Mýra</t>
        <t c="og">og</t>
        <t c="Hnappadals">Hnappadals</t>
        <t c="Sýslum">Sýslum</t>
        <t c=",">,</t>
        <t c="Hra.">Hra.</t>
        <t c="Petri">Pétri</t>
        <t c="Peturssyni">Peturssyni</t>
        <t c=",">,</t>
        <t c="ad">ad</t>
        <t c="fastsetja">fastsetja</t>
        <t c="Capituls">Capituls</t>
        <t c="Taxtana">Taxtana</t>
        <t c="fyrir">fyrir</t>
        <t c="Vestur">Vestur</t>
        <t c="Amtid">Amtið</t>
        <t c=".">.</t>
    </s>
    <s>
        <t c="Eptir">Eftir</t>
        <t c="ádursøgdum">ádursøgdum</t>
        <t c="Fyriskipunum">Fyrirskipunum</t>
        <t c=",">,</t>
        <t c="er">er</t>
        <t c="nú">nú</t>
        <t c="af">af</t>
        <t c="Stipts-yfirvøldunum">Stipts-yfirvøldunum</t>
        <t c="á">á</t>
        <t c="eptirfylgjandi">eftirfylgjandi</t>
        <t c="aura">aura</t>
        <t c="settur">settur</t>
        <t c="þessi">þessi</t>
        <t c=":">:</t>
    </s>
    <s>
        <t c="Þessa">Þessa</t>
        <t c="Tøblu">Tölu</t>
        <t c="hefir">hefir</t>
        <t c="eg">ég</t>
        <t c=",">,</t>
        <t c="sem">sem</t>
        <t c="einfaldast">einfaldast</t>
        <t c="og">og</t>
        <t c="skiljanlegast">skiljanlegast</t>
        <t c="eg">ég</t>
        <t c="gat">gat</t>
        <t c=",">,</t>
        <t c="Almenníngi">Almenningi</t>
        <t c="til">til</t>
        <t c="nota">nota</t>
        <t c=",">,</t>
        <t c="útdregid">útdregið</t>
        <t c="af">af</t>
        <t c="Stipts-yfirvaldanna">stiftsyfirvaldanna</t>
        <t c="mjer">mér</t>
        <t c="þar">þar</t>
        <t c="til">til</t>
        <t c="ljedu">medu</t>
        <t c="Capituls">Capituls</t>
        <t c="Taxta">Taxta</t>
        <t c="setníngum">setningum</t>
        <t c="fyrir">fyrir</t>
        <t c="Sudur">Suður</t>
        <t c="Amtid">Amtið</t>
        <t c=",">,</t>
        <t c="ad">ad</t>
        <t c="undantekinni">undantekinni</t>
        <t c="Austur">Austur</t>
        <t c="Skaptafells">Skaftafells</t>
        <t c="Sýslu">Sýslu</t>
        <t c=",">,</t>
        <t c="fyrir">fyrir</t>
        <t c="hvørja">hverja</t>
        <t c="sídar">síðar</t>
        <t c="má">má</t>
        <t c="vænta">vænta</t>
        <t c="sérlegs">sérlegs</t>
        <t c="Capituls">Capituls</t>
        <t c="Taxta">Taxta</t>
        <t c=",">,</t>
        <t c="og">og</t>
        <t c="eins">eins</t>
        <t c="fyrir">fyrir</t>
        <t c="hina">hina</t>
        <t c="fjórdúnga">fjórðunga</t>
        <t c="Landsins">Landsins</t>
        <t c=".">.</t>
    </s>
    <s>
        <t c="Hjer">Hér</t>
        <t c="tengjast">tengjast</t>
        <t c="samt">samt</t>
        <t c="vid">við</t>
        <t c=",">,</t>
        <t c="Lesaranum">Lesaranum</t>
        <t c="til">til</t>
        <t c="yfirvegunar">yfirvegunar</t>
        <t c=",">,</t>
        <t c="mínar">mínar</t>
        <t c="egin">eigin</t>
        <t c="eptirfylgjandi">eftirfylgjandi</t>
        <t c="Athugasemdir">Athugasemdir</t>
        <t c=":">:</t>
        <t c="I.">I.</t>
        <t c=")">)</t>
        <t c="Ad">Ad</t>
        <t c="hjer">hér</t>
        <t c="eru">eru</t>
        <t c="ecki">ekki</t>
        <t c="verdlagdar">verðlagðar</t>
        <t c="í">í</t>
        <t c="opinber">opinber</t>
        <t c="gjøld">gjöld</t>
        <t c="og">og</t>
        <t c="afgjøld">afgjöld</t>
        <t c=",">,</t>
        <t c="nema">nema</t>
        <t c="fyrrtaldar">fornaldar</t>
        <t c="einstakar">einstakar</t>
        <t c="vørutegundir">vörutegundir</t>
        <t c=",">,</t>
        <t c="ímynda">ímynda</t>
        <t c="eg">ég</t>
        <t c="mjer">mér</t>
        <t c=",">,</t>
        <t c="ad">ad</t>
        <t c="grundvallad">grundvallað</t>
        <t c="muni">muni</t>
        <t c="á">á</t>
        <t c="þar">þar</t>
        <t c="til">til</t>
        <t c="gefnum">gefnum</t>
        <t c="hærri">hærri</t>
        <t c="Fyrirskipunum">Fyrirskipunum</t>
        <t c="(">(</t>
        <t c="sjá">sjá</t>
        <t c="bls.">bls.</t>
        <t c="41">41</t>
        <t c=")">)</t>
        <t c=",">,</t>
        <t c="en">en</t>
        <t c="undir">undir</t>
        <t c="eins">eins</t>
        <t c=",">,</t>
        <t c="ad">ad</t>
        <t c="vart">vart</t>
        <t c="mundu">mundu</t>
        <t c="þó">þó</t>
        <t c="adrir">aðrir</t>
        <t c="Løgaurar">Lögaurar</t>
        <t c=",">,</t>
        <t c="ef">ef</t>
        <t c="þessa">þessa</t>
        <t c="Landaura">Landaura</t>
        <t c="eda">eða</t>
        <t c="penínga">peninga</t>
        <t c="bristi">bresti</t>
        <t c=",">,</t>
        <t c="rækir">rækir</t>
        <t c="verda">verða</t>
        <t c=",">,</t>
        <t c="eptir">eftir</t>
        <t c="Løgbók">Lögbók</t>
        <t c="vørri">verri</t>
        <t c=",">,</t>
        <t c="einkum">einkum</t>
        <t c="hennar">hennar</t>
        <t c="Rb.">Rb.</t>
    </s>
    <s>
        <t c="V.">V.</t>
        <t c=",">,</t>
        <t c="VI.">VI.</t>
    </s>
    <s>
        <t c="og">og</t>
        <t c="XVIII.">XVIII.</t>
    </s>
    <s>
        <t c="Kap.">Kap.</t>
        <t c=",">,</t>
        <t c="líka">líka</t>
        <t c="ad">ad</t>
        <t c="fleiri">fleiri</t>
        <t c="kýr">kýr</t>
        <t c="enn">enn</t>
        <t c="snemmbærar">snemmbærar</t>
        <t c="einar">einar</t>
        <t c="eptir">eftir</t>
        <t c="henni">henni</t>
        <t c=",">,</t>
        <t c="mundu">mundu</t>
        <t c="rétt">rétt</t>
        <t c="goldnar">goldnar</t>
        <t c="í">í</t>
        <t c="hundrad">hundrað</t>
        <t c=",">,</t>
        <t c="þó">þó</t>
        <t c="sídbærar">síðbærar</t>
        <t c="væru">væru</t>
        <t c=",">,</t>
        <t c="eins">eins</t>
        <t c="annar">annar</t>
        <t c="geldur">geldur</t>
        <t c="og">og</t>
        <t c="frídur">fríður</t>
        <t c="peníngur">peningur</t>
        <t c=",">,</t>
        <t c="ad">ad</t>
        <t c="fornu">fornu</t>
        <t c="verdlagi">verðlagi</t>
        <t c=".">.</t>
    </s>
    <s>
        <t c="Sama">Sama</t>
        <t c="mundi">mundi</t>
        <t c="og">og</t>
        <t c="ad">ad</t>
        <t c="segja">segja</t>
        <t c="um">um</t>
        <t c="adra">aðra</t>
        <t c="Løgaura">Lögaura</t>
        <t c=",">,</t>
        <t c="eins">eins</t>
        <t c="þá">þá</t>
        <t c=",">,</t>
        <t c="sem">sem</t>
        <t c="Rb.">Rb.</t>
    </s>
    <s>
        <t c="VI.">VI.</t>
    </s>
    <s>
        <t c="Kap.">Kap.</t>
        <t c="telur">telur</t>
        <t c="metsje">mets</t>
        <t c=",">,</t>
        <t c="og">og</t>
        <t c="þó">þó</t>
        <t c="rettgoldna">rettanna</t>
        <t c="Løgaura">Lögaura</t>
        <t c=".">.</t>
    </s>
    <s>
        <t c="2.">2.</t>
        <t c=")">)</t>
        <t c="Þó">Þó</t>
        <t c="hjer">hér</t>
        <t c="seu">séu</t>
        <t c="tilnefndar">tilnefndar</t>
        <t c="ær">ær</t>
        <t c=",">,</t>
        <t c="lodnar">loðnar</t>
        <t c="og">og</t>
        <t c="lembdar">lembdar</t>
        <t c=",">,</t>
        <t c="í">í</t>
        <t c="fardøgum">fardögum</t>
        <t c=";">;</t>
        <t c="saudir">sauðir</t>
        <t c=",">,</t>
        <t c="med">með</t>
        <t c="vissum">vissum</t>
        <t c="alldri">allri</t>
        <t c=",">,</t>
        <t c="á">á</t>
        <t c="haust">haust</t>
        <t c=";">;</t>
        <t c="hross">hross</t>
        <t c="í">í</t>
        <t c="fardøgum">fardögum</t>
        <t c="eins">eins</t>
        <t c=",">,</t>
        <t c="mun">mun</t>
        <t c="þó">þó</t>
        <t c="efalaust">efalaust</t>
        <t c="undir">undir</t>
        <t c="skiljast">skiljast</t>
        <t c=":">:</t>
        <t c="ad">ad</t>
        <t c="þessi">þessi</t>
        <t c="fjenadur">fjendur</t>
        <t c="sé">sé</t>
        <t c="ad">ad</t>
        <t c="løgum">lögum</t>
        <t c="gjaldgengur">gjaldgengur</t>
        <t c=",">,</t>
    </s>
    <s>
        <t c="alfær">alfær</t>
        <t c="og">og</t>
        <t c="í">í</t>
        <t c="gódu">góðu</t>
        <t c="lagi">lagi</t>
        <t c=",">,</t>
        <t c="til">til</t>
        <t c="þess">þess</t>
        <t c="ad">ad</t>
        <t c="heita">heita</t>
        <t c="medtækilegur">meðtækilegur</t>
        <t c=".">.</t>
    </s>
    <s>
        <t c="3.">3.</t>
        <t c=")">)</t>
        <t c="Ad">Ad</t>
        <t c="6">6</t>
        <t c="vættir">vættir</t>
        <t c="þorsks">þorsks</t>
        <t c="og">og</t>
        <t c="6">6</t>
        <t c="vættir">vættir</t>
        <t c="ísu">ýsu</t>
        <t c="eda">eða</t>
        <t c="matfisks">matfisks</t>
        <t c=",">,</t>
        <t c="leggjast">leggjast</t>
        <t c="ad">ad</t>
        <t c="jøfnu">jöfnu</t>
        <t c="til">til</t>
        <t c="hundrads">hundraðs</t>
        <t c=",">,</t>
        <t c="mundi">mundi</t>
        <t c=",">,</t>
        <t c="eptir">eftir</t>
        <t c="ólíkum">ólíkum</t>
        <t c="kaupstada">kaupstaða</t>
        <t c="prísum">prísum</t>
        <t c="á">á</t>
        <t c="hvørjutveggja">hvørjutveggja</t>
        <t c="tagi">tagi</t>
        <t c=",">,</t>
        <t c="eins">eins</t>
        <t c="í">í</t>
        <t c="vidskiptum">viðskiptum</t>
        <t c="landsmanna">landsmanna</t>
        <t c="á">á</t>
        <t c="milli">milli</t>
        <t c="og">og</t>
        <t c="venjulegu">venjulegu</t>
        <t c="sølulagi">sölulagi</t>
        <t c=",">,</t>
        <t c="þykja">þykja</t>
        <t c="ólíklegt">ólíklegt</t>
        <t c=",">,</t>
        <t c="ef">ef</t>
        <t c="ecki">ekki</t>
        <t c="eptir">eftir</t>
        <t c="þessu">þessu</t>
        <t c=",">,</t>
        <t c="sem">sem</t>
        <t c="þó">þó</t>
        <t c="algengt">algengt</t>
        <t c="er">er</t>
        <t c=",">,</t>
        <t c="reiknast">reiknast</t>
        <t c="9">9</t>
        <t c="eda">eða</t>
        <t c="10">10</t>
        <t c="fjórdúngar">fjórðungar</t>
        <t c="til">til</t>
        <t c="hvørrar">hverrar</t>
        <t c="matfisks">matfisks</t>
        <t c="eda">eða</t>
        <t c="ísu">ýsu</t>
        <t c="vættar">vættar</t>
        <t c=",">,</t>
        <t c="til">til</t>
        <t c="þess">þess</t>
        <t c="ad">ad</t>
        <t c="hún">hún</t>
        <t c="jafnast">jafnast</t>
        <t c="fái">fái</t>
        <t c="vid">við</t>
        <t c="þorska">þorska</t>
        <t c="vætt">vætt</t>
        <t c="ad">ad</t>
        <t c="verulegu">verulegu</t>
        <t c="verdi">verði</t>
        <t c=".">.</t>
    </s>
    <s>
        <t c="Líka">Líka</t>
        <t c="er">er</t>
        <t c="selaskinna">selskinna</t>
        <t c=",">,</t>
        <t c="einkum">einkum</t>
        <t c="kópaskinna">kópaskinna</t>
        <t c="vigt">vigt</t>
        <t c=",">,</t>
        <t c="med">með</t>
        <t c="hári">hári</t>
        <t c="og">og</t>
        <t c="feiti">feiti</t>
        <t c=",">,</t>
        <t c="og">og</t>
        <t c="því">því</t>
        <t c="seingjørdri">seingjörri</t>
        <t c="þurkun">þurrkun</t>
        <t c=",">,</t>
        <t c="í">í</t>
        <t c="vidskiptum">viðskiptum</t>
        <t c="manna">manna</t>
        <t c=",">,</t>
        <t c="vandgæf">vandgæf</t>
        <t c=",">,</t>
        <t c="og">og</t>
        <t c="því">því</t>
        <t c="óalmennari">almennari</t>
        <t c=",">,</t>
        <t c="enn">enn</t>
        <t c="sala">sala</t>
        <t c="eptir">eftir</t>
        <t c="þeirra">þeirra</t>
        <t c="skinna">skinna</t>
        <t c="gædum">gæðum</t>
        <t c=",">,</t>
        <t c="stærd">stærð</t>
        <t c=",">,</t>
        <t c="tølu">tölu</t>
        <t c="og">og</t>
        <t c="verkun">verkun</t>
        <t c=".">.</t>
    </s>
    <s>
        <t c="4.">4.</t>
        <t c=")">)</t>
        <t c="Þó">Þó</t>
        <t c="nú">nú</t>
        <t c="hjer">hér</t>
        <t c="settir">settir</t>
        <t c="Capituls">Capituls</t>
        <t c="Taxtar">Taxtar</t>
        <t c=",">,</t>
        <t c="eptir">eftir</t>
        <t c="hjer">hér</t>
        <t c="á">á</t>
        <t c="undan">undan</t>
        <t c=",">,</t>
        <t c="bls.">bls.</t>
        <t c="39">39</t>
        <t c=",">,</t>
        <t c="prentadri">prentaðri</t>
        <t c="Tilskipun">Tilskipun</t>
        <t c="af">af</t>
        <t c="16da">16da</t>
        <t c="Júlii">Júlí</t>
        <t c="1817">1817</t>
        <t c=",">,</t>
        <t c="séu">séu</t>
        <t c="øllum">öllum</t>
        <t c="gyldandi">gildandi</t>
        <t c="løg">lög</t>
        <t c=",">,</t>
        <t c="um">um</t>
        <t c="øll">öll</t>
        <t c="opinber">opinber</t>
        <t c="skatta">skatta</t>
        <t c=",">,</t>
        <t c="tolla">tolla</t>
        <t c=",">,</t>
        <t c="tíunda">tíunda</t>
        <t c="og">og</t>
        <t c="landskuldagjøld">landskuldargjöld</t>
        <t c=",">,</t>
        <t c="til">til</t>
        <t c="Konúngs">Konungs</t>
        <t c=",">,</t>
        <t c="Embættismanna">Embættismanna</t>
        <t c="og">og</t>
        <t c="opinberra">opinberra</t>
        <t c="Stiptana">Stiftana</t>
        <t c="hjer">hér</t>
        <t c="á">á</t>
        <t c="landi">landi</t>
        <t c=",">,</t>
        <t c="hvar">hvar</t>
        <t c="þau">þau</t>
        <t c="áskilin">áskilin</t>
        <t c="eru">eru</t>
        <t c="í">í</t>
        <t c="landaurum">landaurum</t>
        <t c=",">,</t>
        <t c="en">en</t>
        <t c="verda">verða</t>
        <t c="ecki">ekki</t>
        <t c="í">í</t>
        <t c="skileyri">skileyri</t>
        <t c="af">af</t>
        <t c="hendi">hendi</t>
        <t c="leyst">leyst</t>
        <t c=",">,</t>
        <t c="er">er</t>
        <t c="þó">þó</t>
        <t c="af">af</t>
        <t c="allra">allra</t>
        <t c="hærstnefndri">fyrstnefndri</t>
        <t c="Tilskipun">Tilskipun</t>
        <t c="enn">enn</t>
        <t c="þá">þá</t>
        <t c="eckert">ekkert</t>
        <t c="bodord">boðorð</t>
        <t c="ad">ad</t>
        <t c="leida">leiða</t>
        <t c=",">,</t>
        <t c="um">um</t>
        <t c="annara">annara</t>
        <t c="manna">manna</t>
        <t c="skuldaskipta">skuldaskipta</t>
        <t c="eda">eða</t>
        <t c="jarda">jarða</t>
        <t c="afgjalda">afgjalda</t>
        <t c="reiknínga">reikninga</t>
        <t c=",">,</t>
        <t c="eptir">eftir</t>
        <t c="Capituls">Capituls</t>
        <t c="Tøxtum">Textum</t>
        <t c=".">.</t>
    </s>
    <s>
        <t c="Þeir">Þeir</t>
        <t c=",">,</t>
        <t c="sem">sem</t>
        <t c="girnast">girnast</t>
        <t c="tilfallandi">tilfallandi</t>
        <t c="merkis">merkis</t>
        <t c="tilburda">tilburða</t>
        <t c=",">,</t>
        <t c="um">um</t>
        <t c="hvørja">hverja</t>
        <t c="eg">ég</t>
        <t c="annars">annars</t>
        <t c="seint">seint</t>
        <t c="fæ">fæ</t>
        <t c="ødlast">öðlast</t>
        <t c="áreidanlega">áreiðanlega</t>
        <t c="vissu">vissu</t>
        <t c=",">,</t>
        <t c="úr">úr</t>
        <t c="fjærlægum">fjarlægum</t>
        <t c="landsplázum">landsplássum</t>
        <t c=",">,</t>
        <t c="getid">getið</t>
        <t c="í">í</t>
        <t c="Klaustur-Póstinum">Klaustur-Póstinum</t>
        <t c=",">,</t>
        <t c="umbidjast">umbiðjast</t>
        <t c="ad">ad</t>
        <t c="senda">senda</t>
        <t c="híngad">hingað</t>
        <t c=",">,</t>
        <t c="mjer">mér</t>
        <t c="kostnadarlaust">kostnaðarlaust</t>
        <t c=",">,</t>
        <t c="stutta">stutta</t>
        <t c=",">,</t>
        <t c="en">en</t>
        <t c="fullvissa">fullvissa</t>
        <t c="ávísun">ávísun</t>
        <t c="þarum">þar um</t>
        <t c=".">.</t>
    </s>
    <s>
        <t c="M.">M.</t>
        <t c="Stephensen">Stephensen</t>
        <t c=".">.</t>
    </s>
    <s>
        <t c="(">(</t>
        <t c="Þared">Þar Eð</t>
        <t c="sú">sú</t>
        <t c="í">í</t>
        <t c="No.">No.</t>
        <t c="2">2</t>
        <t c="bls.">bls.</t>
        <t c="31">31</t>
        <t c=",">,</t>
        <t c="lofada">lofaða</t>
        <t c="ávísan">ávísan</t>
        <t c=",">,</t>
        <t c="um">um</t>
        <t c="nockrar">nokkrar</t>
        <t c="nýustu">nýjustu</t>
        <t c="opinberar">opinberar</t>
        <t c="jardasølur">jarðasölur</t>
        <t c=",">,</t>
        <t c="ecki">ekki</t>
        <t c="fjeck">fékk</t>
        <t c="hjer">hér</t>
        <t c="rúm">rúm</t>
        <t c=";">;</t>
        <t c="svo">svo</t>
        <t c="má">má</t>
        <t c="hennar">hennar</t>
        <t c="vænta">vænta</t>
        <t c="í">í</t>
        <t c="No.">No.</t>
        <t c="4">4</t>
        <t c=".">.</t>
    </s>
    <s>
        <t c=")">)</t>
    </s>
    <s>
        <t c="Svosem">Svo Sem</t>
        <t c=":">:</t>
        <t c="Ostersen">Ostran</t>
        <t c=",">,</t>
        <t c="í">í</t>
        <t c="hans">hans</t>
        <t c="júridisku">kúrdisku</t>
        <t c="Ordabók">Orðabók</t>
        <t c=";">;</t>
        <t c="Løgmadur">Lögmaður</t>
        <t c="P.">P.</t>
        <t c="Vídalín">Vídalín</t>
        <t c=",">,</t>
        <t c="í">í</t>
        <t c="látínsku">latínsku</t>
        <t c="ritkorni">ritkorni</t>
        <t c="hjer">hér</t>
        <t c="um">um</t>
        <t c=",">,</t>
        <t c="og">og</t>
        <t c="Biskup">Biskup</t>
        <t c="Dr.">Dr.</t>
        <t c="F.">F.</t>
        <t c="Jónsson">Jónsson</t>
        <t c=",">,</t>
        <t c="í">í</t>
        <t c="Íslands">Íslands</t>
        <t c="Kirkjusøgu">Kirkjusögu</t>
        <t c=",">,</t>
        <t c="Tom">Tom</t>
        <t c=".">.</t>
    </s>
    <s>
        <t c="II.">II.</t>
    </s>
    <s>
        <t c="bls.">bls.</t>
        <t c="142">142</t>
        <t c="og">og</t>
        <t c="374">374</t>
        <t c=".">.</t>
    </s>
    <s>
        <t c="I">Í</t>
        <t c="stad">stað</t>
        <t c="Stafángurs">Slangurs</t>
        <t c=",">,</t>
        <t c="nefna">nefna</t>
        <t c="Kristjáns">Kristjáns</t>
        <t c="V.">V.</t>
        <t c="NL.">NL.</t>
    </s>
    <s>
        <t c="3-14-15">3-14-15</t>
        <t c=",">,</t>
        <t c="Kristjánssand">Kristjánsson</t>
        <t c="til">til</t>
        <t c=",">,</t>
        <t c="hvar">hvar</t>
        <t c="þó">þó</t>
        <t c="ecki">ekki</t>
        <t c="muni">muni</t>
        <t c="verid">verið</t>
        <t c="hafa">hafa</t>
        <t c="Capitul">Capitul</t>
        <t c=".">.</t>
    </s>
    <s>
        <t c="Sjá">Sjá</t>
        <t c="Cragii">Kragi</t>
        <t c="annales">annars</t>
        <t c="1737">1737</t>
        <t c=",">,</t>
        <t c="L.">L.</t>
        <t c="I">Í</t>
        <t c="additars">litars</t>
        <t c="II.">II.</t>
    </s>
    <s>
        <t c="P.">P.</t>
        <t c="65-66">65-66</t>
        <t c=",">,</t>
        <t c="og">og</t>
        <t c="III.">III.</t>
    </s>
    <s>
        <t c="P.">P.</t>
        <t c="124-25">124-25</t>
        <t c=".">.</t>
    </s>
    <s>
        <t c="Hjer">Hér</t>
        <t c="á">á</t>
        <t c="Islandi">Íslandi</t>
        <t c="vitum">vitum</t>
        <t c="vjer">vér</t>
        <t c="lítid">lítið</t>
        <t c="af">af</t>
        <t c="þessháttar">þessháttar</t>
        <t c="Capitula">Kapitula</t>
        <t c="Stiptunum">Stiftunum</t>
        <t c="ad">ad</t>
        <t c="segja">segja</t>
        <t c=".">.</t>
    </s>
    <s>
        <t c="Þó">Þó</t>
        <t c="Hákon">Hákon</t>
        <t c="Erkibiskup">Erkibiskup</t>
        <t c="í">í</t>
        <t c="Norvegi">Noregi</t>
        <t c="leyfdi">leyfði</t>
        <t c="Jørundi">Jörundi</t>
        <t c="Biskupi">Biskupi</t>
        <t c="á">á</t>
        <t c="Hólum">Hólum</t>
        <t c="Þorsteinssyni">Þorsteinssyni</t>
        <t c=",">,</t>
        <t c="árid">árið</t>
        <t c="1267">1267</t>
        <t c=",">,</t>
        <t c="ad">ad</t>
        <t c="stipta">stifta</t>
        <t c="þar">þar</t>
        <t c="Capitul">Capitul</t>
        <t c="og">og</t>
        <t c="Kanúka">Kanúka</t>
        <t c="stjett">stétt</t>
        <t c=",">,</t>
        <t c="gjetur">getur</t>
        <t c="þessa">þessa</t>
        <t c="þó">þó</t>
        <t c=",">,</t>
        <t c="í">í</t>
        <t c="søgum">sögum</t>
        <t c="og">og</t>
        <t c="annálum">annálum</t>
        <t c="vorum">vorum</t>
        <t c=",">,</t>
        <t c="lítid">lítið</t>
        <t c="til">til</t>
        <t c="annars">annars</t>
        <t c=",">,</t>
        <t c="enn">enn</t>
        <t c="ad">ad</t>
        <t c="Prestar">Prestar</t>
        <t c="á">á</t>
        <t c="Odda">Odda</t>
        <t c=",">,</t>
        <t c="Hýtardal">Hítardal</t>
        <t c="og">og</t>
        <t c="Grenjadarstad">Grenjaðarstað</t>
        <t c=",">,</t>
        <t c="þágu">þágu</t>
        <t c="af">af</t>
        <t c="Erkibiskupi">Erkibiskupi</t>
        <t c="og">og</t>
        <t c="Capituls-Rádinu">Capituls-Rádinu</t>
        <t c="í">í</t>
        <t c="Nidarósi">Niðarósi</t>
        <t c=",">,</t>
        <t c="Kanúka">Kanúka</t>
        <t c="nøfn">nöfn</t>
        <t c="á">á</t>
        <t c="15du">cdu</t>
        <t c="Ølld">Öld</t>
        <t c=",">,</t>
        <t c="og">og</t>
        <t c="ad">ad</t>
        <t c="sama">sama</t>
        <t c="nafn">nafn</t>
        <t c="og">og</t>
        <t c="jafnvel">jafnvel</t>
        <t c="Capituls">Capituls</t>
        <t c="nafn">nafn</t>
        <t c="var">var</t>
        <t c=",">,</t>
        <t c="um">um</t>
        <t c="sama">sama</t>
        <t c="leiti">leiti</t>
        <t c=",">,</t>
        <t c="gefid">gefið</t>
        <t c="braudlausum">brauðlausum</t>
        <t c="klerkum">klerkum</t>
        <t c="vid">við</t>
        <t c="Dómkirkjurnar">Dómkirkjurnar</t>
        <t c=",">,</t>
        <t c="sem">sem</t>
        <t c="lifdu">lifðu</t>
        <t c="í">í</t>
        <t c="Biskupa">Biskupa</t>
        <t c="braudi">brauði</t>
        <t c="og">og</t>
        <t c="til">til</t>
        <t c="þeirra">þeirra</t>
        <t c="útrettínga">útréttinga</t>
        <t c=";">;</t>
        <t c="líka">líka</t>
        <t c="og">og</t>
        <t c="einstøkum">einstökum</t>
        <t c="Klaustra">Klaustra</t>
        <t c="Múnkum">Munkum</t>
        <t c=",">,</t>
        <t c="hvadan">hvaðan</t>
        <t c="máskje">máske</t>
        <t c="vid">við</t>
        <t c="hefir">hefir</t>
        <t c="lodad">lord</t>
        <t c="Capituls">Capituls</t>
        <t c="nafn">nafn</t>
        <t c=",">,</t>
        <t c="er">er</t>
        <t c="gefid">gefið</t>
        <t c="var">var</t>
        <t c="Samkomustofu">Samkomusal</t>
        <t c="geistlegra">geistlegra</t>
        <t c="á">á</t>
        <t c="Múnkaþverá">Munkaþverá</t>
        <t c="klaustri">klaustri</t>
        <t c=",">,</t>
        <t c="til">til</t>
        <t c="hvørs">hvers</t>
        <t c="Løgmadur">Lögmaður</t>
        <t c="P.">P.</t>
        <t c="Vídalín">Vídalín</t>
        <t c="bendir">bendir</t>
        <t c=".">.</t>
    </s>
</document>
