<?xml version="1.0" ?>
<document>
    <s>
        <t c="NORÐRI">NORÐRI</t>
        <t c="VIII.">VIII.</t>
        <t c=",">,</t>
        <t c="32">32</t>
        <t c=".">.</t>
    </s>
    <s>
        <t c="Akureyri">Akureyri</t>
        <t c=",">,</t>
        <t c="8.">8.</t>
        <t c="október">október</t>
        <t c="1913">1913</t>
        <t c=".">.</t>
    </s>
    <s>
        <t c="Eimskipafélag">Eimskipafélag</t>
        <t c="Íslands">Íslands</t>
        <t c=".">.</t>
    </s>
    <s>
        <t c="Með">Með</t>
        <t c="því">því</t>
        <t c="að">að</t>
        <t c="nú">nú</t>
        <t c="verður">verður</t>
        <t c="að">að</t>
        <t c="álíta">álíta</t>
        <t c="tryggt">tryggt</t>
        <t c=",">,</t>
        <t c="að">að</t>
        <t c="hægt">hægt</t>
        <t c="sé">sé</t>
        <t c="að">að</t>
        <t c="stofna">stofna</t>
        <t c="»">»</t>
        <t c="H">H</t>
        <t c="/">/</t>
        <t c="f">f</t>
        <t c="Eimskipafélag">Eimskipafélag</t>
        <t c="Íslands">Íslands</t>
        <t c="«">«</t>
    </s>
    <s>
        <t c="er">er</t>
        <t c="ákveðið">ákveðið</t>
        <t c=",">,</t>
        <t c="að">að</t>
        <t c="stofnfundur">stofnfundur</t>
        <t c="félagsins">félagsins</t>
        <t c="verði">verði</t>
        <t c="haldinn">haldinn</t>
        <t c="í">í</t>
        <t c="Iðnaðarmannahúsinu">Iðnaðarmannahúsinu</t>
        <t c="í">í</t>
        <t c="Reykjavík">Reykjavík</t>
        <t c="laugardaginn">laugardaginn</t>
        <t c="17.">17.</t>
        <t c="janúar">janúar</t>
        <t c="1914">1914</t>
        <t c=",">,</t>
        <t c="kl.">kl.</t>
        <t c="12">12</t>
        <t c="á">á</t>
        <t c="hádegi">hádegi</t>
        <t c=".">.</t>
    </s>
    <s>
        <t c="Fyr">Fyrr</t>
        <t c="en">en</t>
        <t c="hlutaféð">hlutaféð</t>
        <t c="er">er</t>
        <t c="innborgað">innborið</t>
        <t c=",">,</t>
        <t c="er">er</t>
        <t c="eigi">eigi</t>
        <t c="hægt">hægt</t>
        <t c="að">að</t>
        <t c="semja">semja</t>
        <t c="um">um</t>
        <t c="byggingu">byggingu</t>
        <t c="þeirra">þeirra</t>
        <t c="tveggja">tveggja</t>
        <t c="skipa">skipa</t>
        <t c=",">,</t>
        <t c="sem">sem</t>
        <t c="ráðgert">ráðgert</t>
        <t c="er">er</t>
        <t c="að">að</t>
        <t c="byrja">byrja</t>
        <t c="með">með</t>
        <t c=".">.</t>
    </s>
    <s>
        <t c="Vér">Vér</t>
        <t c="teljum">teljum</t>
        <t c="því">því</t>
        <t c="nauðsynlegt">nauðsynlegt</t>
        <t c=",">,</t>
        <t c="til">til</t>
        <t c="þess">þess</t>
        <t c="að">að</t>
        <t c="semja">semja</t>
        <t c="megi">megi</t>
        <t c="um">um</t>
        <t c="skipabygginguna">skipabygginguna</t>
        <t c="þegar">þegar</t>
        <t c="eftir">eftir</t>
        <t c="stofnun">stofnun</t>
        <t c="félagsins">félagsins</t>
        <t c=",">,</t>
        <t c="að">að</t>
        <t c="innheimta">innheimta</t>
        <t c="nú">nú</t>
        <t c="þegar">þegar</t>
        <t c="hlutaféð">hlutaféð</t>
        <t c=".">.</t>
    </s>
    <s>
        <t c="Það">Það</t>
        <t c="er">er</t>
        <t c="því">því</t>
        <t c="hérmeð">hér með</t>
        <t c="skorað">skorað</t>
        <t c="á">á</t>
        <t c="alla">alla</t>
        <t c="hlutafjársafnendur">hlutafjársafnendur</t>
        <t c="að">að</t>
        <t c="byrja">byrja</t>
        <t c="nú">nú</t>
        <t c="þegar">þegar</t>
        <t c="að">að</t>
        <t c="innheimta">innheimta</t>
        <t c="alt">allt</t>
        <t c="hlutaféð">hlutaféð</t>
        <t c="og">og</t>
        <t c="senda">senda</t>
        <t c="gjaldkera">gjaldkera</t>
        <t c="sem">sem</t>
        <t c="fyrst">fyrst</t>
        <t c=".">.</t>
    </s>
    <s>
        <t c="Ennfremur">Enn Fremur</t>
        <t c="eru">eru</t>
        <t c="menn">menn</t>
        <t c="beðnir">beðnir</t>
        <t c="að">að</t>
        <t c="draga">draga</t>
        <t c="eigi">eigi</t>
        <t c="lengur">lengur</t>
        <t c="að">að</t>
        <t c="rita">rita</t>
        <t c="sig">sig</t>
        <t c="fyrir">fyrir</t>
        <t c="hlutum">hlutum</t>
        <t c=",">,</t>
        <t c="ef">ef</t>
        <t c="þeir">þeir</t>
        <t c="eiga">eiga</t>
        <t c="það">það</t>
        <t c="ógert">ógert</t>
        <t c=",">,</t>
        <t c="eða">eða</t>
        <t c="vilja">vilja</t>
        <t c="auka">auka</t>
        <t c="við">við</t>
        <t c="það">það</t>
        <t c=",">,</t>
        <t c="er">er</t>
        <t c="þeir">þeir</t>
        <t c="hafa">hafa</t>
        <t c="áður">áður</t>
        <t c="ritað">ritað</t>
        <t c="sig">sig</t>
        <t c="fyrir">fyrir</t>
        <t c=".">.</t>
    </s>
    <s>
        <t c="Vér">Vér</t>
        <t c="teljum">teljum</t>
        <t c="nauðsynlegt">nauðsynlegt</t>
        <t c=",">,</t>
        <t c="að">að</t>
        <t c="sem">sem</t>
        <t c="mest">mest</t>
        <t c="safnist">safnist</t>
        <t c=",">,</t>
        <t c="svo">svo</t>
        <t c="félagið">félagið</t>
        <t c="verði">verði</t>
        <t c="sem">sem</t>
        <t c="tryggast">tryggast</t>
        <t c="grundvallað">grundvallað</t>
        <t c="og">og</t>
        <t c="sem">sem</t>
        <t c="minst">minnst</t>
        <t c="háð">háð</t>
        <t c="lánum">lánum</t>
        <t c=".">.</t>
    </s>
    <s>
        <t c="Reykjavík">Reykjavík</t>
        <t c=",">,</t>
        <t c="1.">1.</t>
        <t c="október">október</t>
        <t c="1913">1913</t>
        <t c=".">.</t>
    </s>
    <s>
        <t c="Eggert">Eggert</t>
        <t c="Claessen">Claessen</t>
        <t c=".">.</t>
    </s>
    <s>
        <t c="Jón">Jón</t>
        <t c="Björnsson">Björnsson</t>
        <t c=".">.</t>
    </s>
    <s>
        <t c="Jón">Jón</t>
        <t c="Gunnarsson">Gunnarsson</t>
        <t c=".">.</t>
    </s>
    <s>
        <t c="Sveinn">Sveinn</t>
        <t c="Björnsson">Björnsson</t>
        <t c=".">.</t>
    </s>
    <s>
        <t c="Thor">Thor</t>
        <t c="Jensen">Jensen</t>
        <t c=".">.</t>
    </s>
    <s>
        <t c="Stjórnarskrárbreytingin">Stjórnarskrárbreytingin</t>
        <t c="á">á</t>
        <t c="þingi">þingi</t>
        <t c=".">.</t>
    </s>
    <s>
        <t c="(">(</t>
        <t c="Vestri">Vestri</t>
        <t c="skýrir">skýrir</t>
        <t c="svo">svo</t>
        <t c="frá">frá</t>
        <t c="henni">henni</t>
        <t c="og">og</t>
        <t c="mun">mun</t>
        <t c="fara">fara</t>
        <t c="rétt">rétt</t>
        <t c="með">með</t>
        <t c=".">.</t>
        <t c=")">)</t>
        <t c="Aðalatriðin">Aðalatriðin</t>
        <t c="eru">eru</t>
        <t c="þessi">þessi</t>
        <t c=":">:</t>
        <t c="Ráðherrafjölgun">Ráðherrafjölgun</t>
        <t c="heimuluð">heimiluð</t>
        <t c="með">með</t>
        <t c="sérstökum">sérstökum</t>
        <t c="lögum">lögum</t>
        <t c=".">.</t>
    </s>
    <s>
        <t c="—">—</t>
        <t c="Málefni">Málefni</t>
        <t c="Íslands">Íslands</t>
        <t c="skulu">skulu</t>
        <t c="borin">borin</t>
        <t c="upp">upp</t>
        <t c="fyrir">fyrir</t>
        <t c="konungi">konungi</t>
        <t c="þar">þar</t>
        <t c="sem">sem</t>
        <t c="hann">hann</t>
        <t c="sjálfur">sjálfur</t>
        <t c="ákveður">ákveður</t>
        <t c=".">.</t>
    </s>
    <s>
        <t c="—">—</t>
        <t c="Tala">Tala</t>
        <t c="þingmanna">þingmanna</t>
        <t c="sem">sem</t>
        <t c="og">og</t>
        <t c="deildaskipun">deildaskipun</t>
        <t c="er">er</t>
        <t c="óbreytt">óbreytt</t>
        <t c=".">.</t>
    </s>
    <s>
        <t c="—">—</t>
        <t c="Konungskosningar">Konungskrýningar</t>
        <t c="falla">falla</t>
        <t c="úr">úr</t>
        <t c="sögunni">sögunni</t>
        <t c=",">,</t>
        <t c="en">en</t>
        <t c="í">í</t>
        <t c="stað">stað</t>
        <t c="þeirra">þeirra</t>
        <t c="skulu">skulu</t>
        <t c="jafnmargir">jafnmargir</t>
        <t c="kosnir">kosnir</t>
        <t c="með">með</t>
        <t c="hlutbundnum">hlutbundnum</t>
        <t c="kosningum">kosningum</t>
        <t c="og">og</t>
        <t c="er">er</t>
        <t c="landið">landið</t>
        <t c="alt">allt</t>
        <t c="eitt">eitt</t>
        <t c="kjördæmi">kjördæmi</t>
        <t c=".">.</t>
    </s>
    <s>
        <t c="Þeir">Þeir</t>
        <t c="eru">eru</t>
        <t c="kosnir">kosnir</t>
        <t c="til">til</t>
        <t c="12">12</t>
        <t c="ára">ára</t>
        <t c="og">og</t>
        <t c="fer">fer</t>
        <t c="helmingur">helmingur</t>
        <t c="frá">frá</t>
        <t c="sjötta">sjötta</t>
        <t c="hvert">hvert</t>
        <t c="ár">ár</t>
        <t c=";">;</t>
        <t c="þingrof">þingrof</t>
        <t c="nær">nær</t>
        <t c="eigi">eigi</t>
        <t c="til">til</t>
        <t c="þeirra">þeirra</t>
        <t c=".">.</t>
    </s>
    <s>
        <t c="Kosningarréttur">Kosningarréttur</t>
        <t c="og">og</t>
        <t c="kjörgengi">kjörgengi</t>
        <t c="við">við</t>
        <t c="hlutbundnu">hlutbundnu</t>
        <t c="kosningarnar">kosningarnar</t>
        <t c="bundið">bundið</t>
        <t c="við">við</t>
        <t c="35">35</t>
        <t c="ár">ár</t>
        <t c=".">.</t>
    </s>
    <s>
        <t c="Kosningarréttur">Kosningarréttur</t>
        <t c="við">við</t>
        <t c="óhlutbundnu">óhlutbundnu</t>
        <t c="kosningar">kosningar</t>
        <t c="er">er</t>
        <t c="bundinn">bundinn</t>
        <t c="við">við</t>
        <t c="25">25</t>
        <t c="ára">ára</t>
        <t c="aldur">aldur</t>
        <t c=",">,</t>
        <t c="en">en</t>
        <t c="nýir">nýir</t>
        <t c="kjósendur">kjósendur</t>
        <t c="hljóta">hljóta</t>
        <t c="hann">hann</t>
        <t c="þannig">þannig</t>
        <t c=":">:</t>
        <t c="»">»</t>
        <t c="Kosningarrétt">Kosningarrétt</t>
        <t c="skulu">skulu</t>
        <t c="konur">konur</t>
        <t c="og">og</t>
        <t c="hafa">hafa</t>
        <t c=",">,</t>
        <t c="sem">sem</t>
        <t c="eru">eru</t>
        <t c="25">25</t>
        <t c="ára">ára</t>
        <t c=",">,</t>
        <t c="þó">þó</t>
        <t c="þannig">þannig</t>
        <t c=",">,</t>
        <t c="að">að</t>
        <t c="fyrst">fyrst</t>
        <t c="fái">fái</t>
        <t c="þær">þær</t>
        <t c="hann">hann</t>
        <t c=",">,</t>
        <t c="og">og</t>
        <t c="þeir">þeir</t>
        <t c="karlmenn">karlmenn</t>
        <t c=",">,</t>
        <t c="sem">sem</t>
        <t c="hingað">hingað</t>
        <t c="til">til</t>
        <t c="hafa">hafa</t>
        <t c="ekki">ekki</t>
        <t c="haft">haft</t>
        <t c="kosningarrétt">kosningarrétt</t>
        <t c=",">,</t>
        <t c="sem">sem</t>
        <t c="eru">eru</t>
        <t c="40">40</t>
        <t c="ára">ára</t>
        <t c=",">,</t>
        <t c="þegar">þegar</t>
        <t c="kjörskrá">kjörskrá</t>
        <t c="er">er</t>
        <t c="fyrst">fyrst</t>
        <t c="samin">samin</t>
        <t c="eftir">eftir</t>
        <t c="lögum">lögum</t>
        <t c="þessum">þessum</t>
        <t c=";">;</t>
        <t c="næsta">næsta</t>
        <t c="ár">ár</t>
        <t c="að">að</t>
        <t c="auki">auki</t>
        <t c="þær">þær</t>
        <t c="og">og</t>
        <t c="þeir">þeir</t>
        <t c=",">,</t>
        <t c="sem">sem</t>
        <t c="eru">eru</t>
        <t c="39">39</t>
        <t c="ára">ára</t>
        <t c=",">,</t>
        <t c="o.">o.</t>
    </s>
    <s>
        <t c="s.">s.</t>
        <t c="frv.">frv.</t>
        <t c=",">,</t>
        <t c="þannig">þannig</t>
        <t c="að">að</t>
        <t c="lækka">lækka</t>
        <t c="aldurstakmarkið">aldurstakmarkið</t>
        <t c="um">um</t>
        <t c="eitt">eitt</t>
        <t c="ár">ár</t>
        <t c="í">í</t>
        <t c="senn">senn</t>
        <t c=",">,</t>
        <t c="þar">þar</t>
        <t c="til">til</t>
        <t c="allir">allir</t>
        <t c="eru">eru</t>
        <t c="búnir">búnir</t>
        <t c="að">að</t>
        <t c="fá">fá</t>
        <t c="kosningarrétt">kosningarrétt</t>
        <t c=".">.</t>
    </s>
    <s>
        <t c="—">—</t>
        <t c="Þeir">Þeir</t>
        <t c="sem">sem</t>
        <t c="hafa">hafa</t>
        <t c="ekki">ekki</t>
        <t c="óflekkað">óflekkað</t>
        <t c="mannorð">mannorð</t>
        <t c=",">,</t>
        <t c="eru">eru</t>
        <t c="ekki">ekki</t>
        <t c="fjár">fjár</t>
        <t c="síns">síns</t>
        <t c="ráðandi">ráðandi</t>
        <t c=",">,</t>
        <t c="og">og</t>
        <t c="eiga">eiga</t>
        <t c="ógreiddan">ógreiddan</t>
        <t c="sveitarstyrk">sveitarstyrk</t>
        <t c=",">,</t>
        <t c="skulu">skulu</t>
        <t c="ekki">ekki</t>
        <t c="hafa">hafa</t>
        <t c="kosningarrétt">kosningarrétt</t>
        <t c=".">.</t>
    </s>
    <s>
        <t c="Svo">Svo</t>
        <t c="og">og</t>
        <t c="þeir">þeir</t>
        <t c="sem">sem</t>
        <t c="ekki">ekki</t>
        <t c="hafa">hafa</t>
        <t c="dvalið">dvalið</t>
        <t c="eitt">eitt</t>
        <t c="ár">ár</t>
        <t c="í">í</t>
        <t c="kjördæminu">kjördæminu</t>
        <t c=".">.</t>
        <t c="«">«</t>
    </s>
    <s>
        <t c="Búseta">Búseta</t>
        <t c="í">í</t>
        <t c="landinu">landinu</t>
        <t c="er">er</t>
        <t c="skilyrði">skilyrði</t>
        <t c="fyrir">fyrir</t>
        <t c="kjörgengi">kjörgengi</t>
        <t c=".">.</t>
    </s>
    <s>
        <t c="Dómendur">Dómendur</t>
        <t c=",">,</t>
        <t c="sem">sem</t>
        <t c="engin">engin</t>
        <t c="umboðsstörf">umboðsstörf</t>
        <t c="hafa">hafa</t>
        <t c="á">á</t>
        <t c="hendi">hendi</t>
        <t c="skulu">skulu</t>
        <t c="ekki">ekki</t>
        <t c="kjörgengir">kjörgengir</t>
        <t c=",">,</t>
        <t c="þó">þó</t>
        <t c="nær">nær</t>
        <t c="ákvæði">ákvæði</t>
        <t c="þetta">þetta</t>
        <t c="ekki">ekki</t>
        <t c="til">til</t>
        <t c="núverandi">núverandi</t>
        <t c="yfirdómara">yfirdómara</t>
        <t c=".">.</t>
    </s>
    <s>
        <t c="—">—</t>
        <t c="Aðskilja">Aðskilja</t>
        <t c="má">má</t>
        <t c="ríki">ríki</t>
        <t c="og">og</t>
        <t c="kirkju">kirkju</t>
        <t c="með">með</t>
        <t c="sérstökum">sérstökum</t>
        <t c="lögum">lögum</t>
        <t c=".">.</t>
    </s>
    <s>
        <t c="—">—</t>
        <t c="Loks">Loks</t>
        <t c="er">er</t>
        <t c="ákvæði">ákvæði</t>
        <t c="um">um</t>
        <t c="að">að</t>
        <t c="lög">lög</t>
        <t c="um">um</t>
        <t c="sambandsmál">sambandsmál</t>
        <t c="leggist">leggist</t>
        <t c="undir">undir</t>
        <t c="leynilega">leynilega</t>
        <t c="atkvæðagreiðslu">atkvæðagreiðslu</t>
        <t c="kjósenda">kjósenda</t>
        <t c=".">.</t>
    </s>
    <s>
        <t c="Aðalfrábrigðin">Aðalafbrigðin</t>
        <t c="frá">frá</t>
        <t c="stjórnarskrárfrumv.">stjórnarskrárfrumv.</t>
    </s>
    <s>
        <t c="1911">1911</t>
        <t c="eru">eru</t>
        <t c=":">:</t>
        <t c="Ráðherrar">Ráðherrar</t>
        <t c="voru">voru</t>
        <t c="ákveðnir">ákveðnir</t>
        <t c="þrír">þrír</t>
        <t c=".">.</t>
    </s>
    <s>
        <t c="10">10</t>
        <t c="efrideildarþingm">efrideildarþingm</t>
        <t c=".">.</t>
    </s>
    <s>
        <t c="skyldu">skyldu</t>
        <t c="kosnir">kosnir</t>
        <t c="hlutbundnum">hlutbundnum</t>
        <t c="kosningum">kosningum</t>
        <t c="(">(</t>
        <t c="í">í</t>
        <t c="stað">stað</t>
        <t c="6">6</t>
        <t c="nú">nú</t>
        <t c=")">)</t>
        <t c=".">.</t>
    </s>
    <s>
        <t c="Alþýðuatkvæðið">Alþýðuatkvæðið</t>
        <t c="felt">fellt</t>
        <t c="brott">brott</t>
        <t c=",">,</t>
        <t c="samkvæmt">samkvæmt</t>
        <t c="því">því</t>
        <t c="átti">átti</t>
        <t c="að">að</t>
        <t c="skjóta">skjóta</t>
        <t c="undir">undir</t>
        <t c="úrskurð">úrskurð</t>
        <t c="kjósenda">kjósenda</t>
        <t c="lögum">lögum</t>
        <t c=",">,</t>
        <t c="ef">ef</t>
        <t c="helmingur">helmingur</t>
        <t c="þingdeildar">þingdeildar</t>
        <t c="heimtaði">heimtaði</t>
        <t c="og">og</t>
        <t c="2/3">2/3</t>
        <t c="kjósenda">kjósenda</t>
        <t c=",">,</t>
        <t c="þó">þó</t>
        <t c="skyldi">skyldi</t>
        <t c="það">það</t>
        <t c="ekki">ekki</t>
        <t c="ná">ná</t>
        <t c="til">til</t>
        <t c="laga">laga</t>
        <t c=",">,</t>
        <t c="er">er</t>
        <t c="alþingi">alþingi</t>
        <t c="ákvað">ákvað</t>
        <t c="að">að</t>
        <t c="koma">koma</t>
        <t c="ættu">ættu</t>
        <t c="í">í</t>
        <t c="gildi">gildi</t>
        <t c="innan">innan</t>
        <t c="mánaðar">mánaðar</t>
        <t c=",">,</t>
        <t c="og">og</t>
        <t c="með">með</t>
        <t c="því">því</t>
        <t c="var">var</t>
        <t c="ákvæðið">ákvæðið</t>
        <t c="gert">gert</t>
        <t c="áhrifalaust">áhrifalaust</t>
        <t c=".">.</t>
    </s>
    <s>
        <t c="Meirihluti">Meirihluti</t>
        <t c="alþingis">alþingis</t>
        <t c="gat">gat</t>
        <t c="sett">sett</t>
        <t c="stólinn">stólinn</t>
        <t c="fyrir">fyrir</t>
        <t c="dyrnar">dyrnar</t>
        <t c="þegar">þegar</t>
        <t c="því">því</t>
        <t c="þóknaðist">þóknaðist</t>
        <t c=".">.</t>
    </s>
    <s>
        <t c="—">—</t>
        <t c="Ákvæðinu">Ákvæðinu</t>
        <t c="frá">frá</t>
        <t c="1911">1911</t>
        <t c=",">,</t>
        <t c="að">að</t>
        <t c="málefni">málefni</t>
        <t c="Íslands">Íslands</t>
        <t c="skyldu">skyldu</t>
        <t c="ekki">ekki</t>
        <t c="borin">borin</t>
        <t c="upp">upp</t>
        <t c="í">í</t>
        <t c="ríkisráðinu">ríkisráðinu</t>
        <t c=",">,</t>
        <t c="var">var</t>
        <t c="nú">nú</t>
        <t c="breytt">breytt</t>
        <t c=",">,</t>
        <t c="þar">þar</t>
        <t c="sem">sem</t>
        <t c="vissa">vissa</t>
        <t c="var">var</t>
        <t c="fyrir">fyrir</t>
        <t c=",">,</t>
        <t c="að">að</t>
        <t c="konungur">konungur</t>
        <t c="þá">þá</t>
        <t c="myndi">myndi</t>
        <t c="ekki">ekki</t>
        <t c="veita">veita</t>
        <t c="lögunum">lögunum</t>
        <t c="staðfestingu">staðfestingu</t>
        <t c=".">.</t>
    </s>
    <s>
        <t c="—">—</t>
        <t c="Var">Var</t>
        <t c="því">því</t>
        <t c="sú">sú</t>
        <t c="samkomulagsleið">samkomulagsleið</t>
        <t c="valin">valin</t>
        <t c=",">,</t>
        <t c="að">að</t>
        <t c="konungur">konungur</t>
        <t c="ákveði">ákveði</t>
        <t c="sjálfur">sjálfur</t>
        <t c=",">,</t>
        <t c="hvar">hvar</t>
        <t c="málin">málin</t>
        <t c="skuli">skuli</t>
        <t c="uppborin">uppborin</t>
        <t c=".">.</t>
    </s>
    <s>
        <t c="Þar">Þar</t>
        <t c="sem">sem</t>
        <t c="hinar">hinar</t>
        <t c="nýju">nýju</t>
        <t c="kosningar">kosningar</t>
        <t c="að">að</t>
        <t c="sjálfsögðu">sjálfsögðu</t>
        <t c="snúast">snúast</t>
        <t c="fyrst">fyrst</t>
        <t c="og">og</t>
        <t c="fremst">fremst</t>
        <t c="um">um</t>
        <t c="stjórnarskrármálið">stjórnarskrármálið</t>
        <t c=",">,</t>
        <t c="vildi">vildi</t>
        <t c="Vestri">Vestri</t>
        <t c="flytja">flytja</t>
        <t c="lesendum">lesendum</t>
        <t c="sínum">sínum</t>
        <t c="aðaldrættina">aðaldrættina</t>
        <t c=".">.</t>
    </s>
    <s>
        <t c="Ættu">Ættu</t>
        <t c="kjósendur">kjósendur</t>
        <t c="að">að</t>
        <t c="íhuga">íhuga</t>
        <t c="það">það</t>
        <t c="sem">sem</t>
        <t c="bezt">best</t>
        <t c=".">.</t>
    </s>
    <s>
        <t c="Stjórnarskrárbreyting">Stjórnarskrárbreyting</t>
        <t c="þessi">þessi</t>
        <t c="er">er</t>
        <t c="gætilegri">gætilegri</t>
        <t c="en">en</t>
        <t c="sú">sú</t>
        <t c="sem">sem</t>
        <t c="samþykt">samþykkt</t>
        <t c="var">var</t>
        <t c="1911">1911</t>
        <t c=",">,</t>
        <t c="og">og</t>
        <t c="teljum">teljum</t>
        <t c="vér">vér</t>
        <t c="hana">hana</t>
        <t c="hafa">hafa</t>
        <t c="tekið">tekið</t>
        <t c="bótum">bótum</t>
        <t c=",">,</t>
        <t c="nema">nema</t>
        <t c="að">að</t>
        <t c="því">því</t>
        <t c="leiti">leiti</t>
        <t c="að">að</t>
        <t c="fjölgað">fjölgað</t>
        <t c="er">er</t>
        <t c="þeim">þeim</t>
        <t c="þingmönnum">þingmönnum</t>
        <t c="sem">sem</t>
        <t c="neðrideild">neðrideild</t>
        <t c="á">á</t>
        <t c="að">að</t>
        <t c="kjósa">kjósa</t>
        <t c="til">til</t>
        <t c="efrideildar">efnadeildar</t>
        <t c="frá">frá</t>
        <t c="frumv.">frumv.</t>
        <t c="1911">1911</t>
        <t c=".">.</t>
    </s>
    <s>
        <t c="Konur">Konur</t>
        <t c="eru">eru</t>
        <t c="nú">nú</t>
        <t c="leiddar">leiddar</t>
        <t c="til">til</t>
        <t c="sætis">sætis</t>
        <t c="meðal">meðal</t>
        <t c="kjósenda">kjósenda</t>
        <t c="með">með</t>
        <t c="meiri">meiri</t>
        <t c="hæversku">hæversku</t>
        <t c=",">,</t>
        <t c="eldri">eldri</t>
        <t c="konurnar">konurnar</t>
        <t c="fyrst">fyrst</t>
        <t c="og">og</t>
        <t c="svo">svo</t>
        <t c="þær">þær</t>
        <t c="yngri">yngri</t>
        <t c="á">á</t>
        <t c="eftir">eftir</t>
        <t c=".">.</t>
    </s>
    <s>
        <t c="Yfirleitt">Yfirleitt</t>
        <t c="fer">fer</t>
        <t c="stjórnarskrárbreytingafrv">stjórnarskrárbreytingar</t>
        <t c=".">.</t>
    </s>
    <s>
        <t c="í">í</t>
        <t c="þá">þá</t>
        <t c="átt">átt</t>
        <t c="að">að</t>
        <t c="taka">taka</t>
        <t c="eigi">eigi</t>
        <t c="upp">upp</t>
        <t c="aðrar">aðrar</t>
        <t c="breytingar">breytingar</t>
        <t c="en">en</t>
        <t c="þær">þær</t>
        <t c=",">,</t>
        <t c="sem">sem</t>
        <t c="hafa">hafa</t>
        <t c="unnið">unnið</t>
        <t c="sér">sér</t>
        <t c="samúð">samúð</t>
        <t c="mikils">mikils</t>
        <t c="þorra">þorra</t>
        <t c="þjóðarinnar">þjóðarinnar</t>
        <t c=".">.</t>
    </s>
    <s>
        <t c="Þó">Þó</t>
        <t c="er">er</t>
        <t c="breytingin">breytingin</t>
        <t c="um">um</t>
        <t c="að">að</t>
        <t c="útiloka">útiloka</t>
        <t c="dómara">dómara</t>
        <t c="er">er</t>
        <t c="eigi">eigi</t>
        <t c="hafi">hafi</t>
        <t c="umboðsstörf">umboðsstörf</t>
        <t c="frá">frá</t>
        <t c="kjörgengi">kjörgengi</t>
        <t c="nýmæli">nýmæli</t>
        <t c=".">.</t>
    </s>
    <s>
        <t c="Því">Því</t>
        <t c="atriði">atriði</t>
        <t c="hafði">hafði</t>
        <t c="lítt">lítt</t>
        <t c="verið">verið</t>
        <t c="hreyft">hreyft</t>
        <t c="fyrir">fyrir</t>
        <t c="þing">þing</t>
        <t c=".">.</t>
    </s>
    <s>
        <t c="Það">Það</t>
        <t c="er">er</t>
        <t c="óheppilegt">óheppilegt</t>
        <t c=",">,</t>
        <t c="einkum">einkum</t>
        <t c="í">í</t>
        <t c="hinum">hinum</t>
        <t c="þýðingarmeiri">þýðingarmeiri</t>
        <t c="málum">málum</t>
        <t c=",">,</t>
        <t c="að">að</t>
        <t c="þingmenn">þingmenn</t>
        <t c="séu">séu</t>
        <t c="að">að</t>
        <t c="þjóta">þjóta</t>
        <t c="í">í</t>
        <t c="að">að</t>
        <t c="semja">semja</t>
        <t c="lög">lög</t>
        <t c="um">um</t>
        <t c="eitthvað">eitthvað</t>
        <t c="sem">sem</t>
        <t c="þeim">þeim</t>
        <t c="fyrst">fyrst</t>
        <t c="kemur">kemur</t>
        <t c="í">í</t>
        <t c="hug">hug</t>
        <t c="er">er</t>
        <t c="á">á</t>
        <t c="þing">þing</t>
        <t c="kemur">kemur</t>
        <t c="og">og</t>
        <t c="naumast">naumast</t>
        <t c="hefir">hefir</t>
        <t c="verið">verið</t>
        <t c="ymprað">ymprað</t>
        <t c="á">á</t>
        <t c="áður">áður</t>
        <t c=",">,</t>
        <t c="og">og</t>
        <t c="ekkert">ekkert</t>
        <t c="undirbúið">undirbúið</t>
        <t c=".">.</t>
    </s>
    <s>
        <t c="Það">Það</t>
        <t c="virðist">virðist</t>
        <t c="benda">benda</t>
        <t c="á">á</t>
        <t c=",">,</t>
        <t c="að">að</t>
        <t c="þingmenn">þingmenn</t>
        <t c="geti">geti</t>
        <t c="eigi">eigi</t>
        <t c="hugsað">hugsað</t>
        <t c="nema">nema</t>
        <t c="á">á</t>
        <t c="þingi">þingi</t>
        <t c=".">.</t>
    </s>
    <s>
        <t c="Enda">Enda</t>
        <t c="eru">eru</t>
        <t c="sumir">sumir</t>
        <t c="þeirra">þeirra</t>
        <t c=",">,</t>
        <t c="sem">sem</t>
        <t c="altaf">alltaf</t>
        <t c="steinþegja">steinþegja</t>
        <t c="milli">milli</t>
        <t c="þinga">þinga</t>
        <t c=",">,</t>
        <t c="frakkastir">frakkastir</t>
        <t c="að">að</t>
        <t c="unga">unga</t>
        <t c="út">út</t>
        <t c="frumv.">frumv.</t>
        <t c="er">er</t>
        <t c="á">á</t>
        <t c="þing">þing</t>
        <t c="kemur">kemur</t>
        <t c="um">um</t>
        <t c="mál">mál</t>
        <t c=",">,</t>
        <t c="sem">sem</t>
        <t c="varla">varla</t>
        <t c="hefir">hefir</t>
        <t c="verið">verið</t>
        <t c="minst">minnst</t>
        <t c="á">á</t>
        <t c="áður">áður</t>
        <t c="eða">eða</t>
        <t c="setja">setja</t>
        <t c="inn">inn</t>
        <t c="í">í</t>
        <t c="lagafrumvörp">lagafrumvörp</t>
        <t c="ákvæði">ákvæði</t>
        <t c=",">,</t>
        <t c="sem">sem</t>
        <t c="koma">koma</t>
        <t c="eins">eins</t>
        <t c="og">og</t>
        <t c="skollinn">skollinn</t>
        <t c="úr">úr</t>
        <t c="sauðarleggnum">sauðarleggnum</t>
        <t c=".">.</t>
    </s>
    <s>
        <t c="Þetta">Þetta</t>
        <t c="bendir">bendir</t>
        <t c="á">á</t>
        <t c="pólitíkst">pólitíkus</t>
        <t c="þroskaleysi">þroskaleysi</t>
        <t c="og">og</t>
        <t c="fljótfærnisflan">fljótfærnisflan</t>
        <t c="í">í</t>
        <t c="löggjafarstarfinu">löggjafarstarfinu</t>
        <t c=",">,</t>
        <t c="sem">sem</t>
        <t c="þyrfti">þyrfti</t>
        <t c="að">að</t>
        <t c="lagast">lagast</t>
        <t c="með">með</t>
        <t c="tímanum">tímanum</t>
        <t c=".">.</t>
    </s>
    <s>
        <t c="„">„</t>
        <t c="Lögrétta">Lögrétta</t>
        <t c="“">“</t>
    </s>
    <s>
        <t c="um">um</t>
        <t c="stjórnarskrármálið">stjórnarskrármálið</t>
        <t c=".">.</t>
    </s>
    <s>
        <t c="Blaðinu">Blaðinu</t>
        <t c="farast">farast</t>
        <t c="svo">svo</t>
        <t c="orð">orð</t>
        <t c=":">:</t>
        <t c="»">»</t>
        <t c="Stjórnarskráin">Stjórnarskráin</t>
        <t c="er">er</t>
        <t c="afgreidd">afgreidd</t>
        <t c="þannig">þannig</t>
        <t c="frá">frá</t>
        <t c="þinginu">þinginu</t>
        <t c=",">,</t>
        <t c="að">að</t>
        <t c="hún">hún</t>
        <t c="ætti">ætti</t>
        <t c="að">að</t>
        <t c="fá">fá</t>
        <t c="framgang">framgang</t>
        <t c="í">í</t>
        <t c="því">því</t>
        <t c="formi">formi</t>
        <t c="sem">sem</t>
        <t c="hún">hún</t>
        <t c="fékk">fékk</t>
        <t c="þar">þar</t>
        <t c=",">,</t>
        <t c="þótt">þótt</t>
        <t c="gallalaus">gallalaus</t>
        <t c="sé">sé</t>
        <t c="ekki">ekki</t>
        <t c=".">.</t>
    </s>
    <s>
        <t c="Ákvæðin">Ákvæðin</t>
        <t c="um">um</t>
        <t c="kosningu">kosningu</t>
        <t c="efri">efri</t>
        <t c="deildar">deildar</t>
        <t c="eru">eru</t>
        <t c="gölluð">gölluð</t>
        <t c=".">.</t>
    </s>
    <s>
        <t c="Hún">Hún</t>
        <t c="hefði">hefði</t>
        <t c="öll">öll</t>
        <t c="átt">átt</t>
        <t c="að">að</t>
        <t c="vera">vera</t>
        <t c="kosin">kosin</t>
        <t c="með">með</t>
        <t c="hlutfallskosningum">hlutfallskosningum</t>
        <t c="um">um</t>
        <t c="land">land</t>
        <t c="alt">allt</t>
        <t c=",">,</t>
        <t c="eins">eins</t>
        <t c="og">og</t>
        <t c="nú">nú</t>
        <t c="er">er</t>
        <t c="gert">gert</t>
        <t c="ráð">ráð</t>
        <t c="fyrir">fyrir</t>
        <t c="að">að</t>
        <t c="þeir">þeir</t>
        <t c="sex">sex</t>
        <t c="menn">menn</t>
        <t c="verði">verði</t>
        <t c=",">,</t>
        <t c="sem">sem</t>
        <t c="koma">koma</t>
        <t c="eiga">eiga</t>
        <t c="í">í</t>
        <t c="stað">stað</t>
        <t c="hinna">hinna</t>
        <t c="konungkjörnu">konungkjörnu</t>
        <t c=".">.</t>
    </s>
    <s>
        <t c="Svo">Svo</t>
        <t c="hefði">hefði</t>
        <t c="jafnframt">jafnframt</t>
        <t c="átt">átt</t>
        <t c="að">að</t>
        <t c="laga">laga</t>
        <t c="kjördæmaskiftinguna">kjördæmaskiftinguna</t>
        <t c=",">,</t>
        <t c="gera">gera</t>
        <t c="hana">hana</t>
        <t c="réttlátari">réttlátari</t>
        <t c="en">en</t>
        <t c="hún">hún</t>
        <t c="nú">nú</t>
        <t c="er">er</t>
        <t c=".">.</t>
    </s>
    <s>
        <t c="En">En</t>
        <t c="ekki">ekki</t>
        <t c="er">er</t>
        <t c="vert">vert</t>
        <t c="að">að</t>
        <t c="fara">fara</t>
        <t c="nú">nú</t>
        <t c="að">að</t>
        <t c="hefja">hefja</t>
        <t c="stríð">stríð</t>
        <t c="um">um</t>
        <t c="það">það</t>
        <t c="atriði">atriði</t>
        <t c=",">,</t>
        <t c="heldur">heldur</t>
        <t c="láta">láta</t>
        <t c="sitja">sitja</t>
        <t c="við">við</t>
        <t c="það">það</t>
        <t c="sem">sem</t>
        <t c="orðið">orðið</t>
        <t c="er">er</t>
        <t c=".">.</t>
    </s>
    <s>
        <t c="Mörgu">Mörgu</t>
        <t c="er">er</t>
        <t c="í">í</t>
        <t c="nýja">nýja</t>
        <t c="frumvarpinu">frumvarpinu</t>
        <t c="breytt">breytt</t>
        <t c="til">til</t>
        <t c="bóta">bóta</t>
        <t c=",">,</t>
        <t c="og">og</t>
        <t c="um">um</t>
        <t c="margar">margar</t>
        <t c="breytingarnar">breytingarnar</t>
        <t c="munu">munu</t>
        <t c="allir">allir</t>
        <t c="vera">vera</t>
        <t c="sammála">sammála</t>
        <t c=".">.</t>
    </s>
    <s>
        <t c="Á">Á</t>
        <t c="næsta">næsta</t>
        <t c="þingi">þingi</t>
        <t c="ætti">ætti</t>
        <t c="því">því</t>
        <t c="að">að</t>
        <t c="samþykkja">samþykkja</t>
        <t c="stjórnarskrárfrumvarp">stjórnarskrárfrumvarp</t>
        <t c="þingsins">þingsins</t>
        <t c="í">í</t>
        <t c="sumar">sumar</t>
        <t c="óbreytt">óbreytt</t>
        <t c=",">,</t>
        <t c="og">og</t>
        <t c="er">er</t>
        <t c="þá">þá</t>
        <t c="það">það</t>
        <t c="þrætumálið">þrætumálið</t>
        <t c="frá">frá</t>
        <t c="í">í</t>
        <t c="bráð">bráð</t>
        <t c=",">,</t>
        <t c="og">og</t>
        <t c="því">því</t>
        <t c="viðunanlega">viðunanlega</t>
        <t c="ráðið">ráðið</t>
        <t c="til">til</t>
        <t c="lykta">lykta</t>
        <t c=",">,</t>
        <t c="ef">ef</t>
        <t c="eigi">eigi</t>
        <t c="strandar">strandar</t>
        <t c="á">á</t>
        <t c="staðfesti">staðfesti</t>
        <t c="konungs">konungs</t>
        <t c=",">,</t>
        <t c="sem">sem</t>
        <t c="væntanlega">væntanlega</t>
        <t c="þarf">þarf</t>
        <t c="ekki">ekki</t>
        <t c="að">að</t>
        <t c="óttast">óttast</t>
        <t c=".">.</t>
        <t c="«">«</t>
    </s>
    <s>
        <t c="Engar">Engar</t>
        <t c="raddir">raddir</t>
        <t c="hafa">hafa</t>
        <t c="komið">komið</t>
        <t c="fram">fram</t>
        <t c="í">í</t>
        <t c="blöðunum">blöðunum</t>
        <t c="um">um</t>
        <t c="að">að</t>
        <t c="breyta">breyta</t>
        <t c="beri">beri</t>
        <t c="stjórnarskrárfrv.">stjórnarskrárfrv.</t>
    </s>
    <s>
        <t c="síðasta">síðasta</t>
        <t c="þings">þings</t>
        <t c="á">á</t>
        <t c="aukaþinginu">aukaþinginu</t>
        <t c=".">.</t>
    </s>
    <s>
        <t c="Allar">Allar</t>
        <t c="horfur">horfur</t>
        <t c="á">á</t>
        <t c="að">að</t>
        <t c="þau">þau</t>
        <t c="verði">verði</t>
        <t c="sammála">sammála</t>
        <t c="um">um</t>
        <t c="að">að</t>
        <t c="mæla">mæla</t>
        <t c="með">með</t>
        <t c="frv.">frv.</t>
    </s>
    <s>
        <t c="Líklega">Líklega</t>
        <t c="verður">verður</t>
        <t c="því">því</t>
        <t c="eigi">eigi</t>
        <t c="kapp">kapp</t>
        <t c="á">á</t>
        <t c="kosningum">kosningum</t>
        <t c="út">út</t>
        <t c="af">af</t>
        <t c="því">því</t>
        <t c="máli">máli</t>
        <t c=".">.</t>
    </s>
    <s>
        <t c="Hitt">Hitt</t>
        <t c="eru">eru</t>
        <t c="líkur">líkur</t>
        <t c="til">til</t>
        <t c="að">að</t>
        <t c="allmjög">allmjög</t>
        <t c="skifti">skipti</t>
        <t c="atkvæðum">atkvæðum</t>
        <t c="hvort">hvort</t>
        <t c="frambjóðandi">frambjóðandi</t>
        <t c="er">er</t>
        <t c="einráðinn">einráðinn</t>
        <t c="í">í</t>
        <t c="að">að</t>
        <t c="reyna">reyna</t>
        <t c="að">að</t>
        <t c="koma">koma</t>
        <t c="á">á</t>
        <t c="stjórnarskiftum">stjórnarskiptum</t>
        <t c="hvenær">hvenær</t>
        <t c="sem">sem</t>
        <t c="unt">unnt</t>
        <t c="er">er</t>
        <t c=",">,</t>
        <t c="eða">eða</t>
        <t c="hann">hann</t>
        <t c="vill">vill</t>
        <t c="styðja">styðja</t>
        <t c="núverandi">núverandi</t>
        <t c="stjórn">stjórn</t>
        <t c="meðan">meðan</t>
        <t c="hún">hún</t>
        <t c="hefir">hefir</t>
        <t c="eigi">eigi</t>
        <t c="brotið">brotið</t>
        <t c="annað">annað</t>
        <t c="af">af</t>
        <t c="sér">sér</t>
        <t c="en">en</t>
        <t c="nú">nú</t>
        <t c="er">er</t>
        <t c="framkomið">framkomið</t>
        <t c=".">.</t>
    </s>
    <s>
        <t c="Mikill">Mikill</t>
        <t c="fjöldi">fjöldi</t>
        <t c="heimastjórnarmanna">heimastjórnarmanna</t>
        <t c="út">út</t>
        <t c="um">um</t>
        <t c="land">land</t>
        <t c="mun">mun</t>
        <t c="enn">enn</t>
        <t c="fylgja">fylgja</t>
        <t c="stjórninni">stjórninni</t>
        <t c="þótt">þótt</t>
        <t c="ráðherra">ráðherra</t>
        <t c="teljist">teljist</t>
        <t c="nú">nú</t>
        <t c="ekki">ekki</t>
        <t c="í">í</t>
        <t c="heimastjórnarflokki">heimastjórnarflokki</t>
        <t c="á">á</t>
        <t c="þingi">þingi</t>
        <t c=".">.</t>
    </s>
    <s>
        <t c="Á">Á</t>
        <t c="það">það</t>
        <t c="atriði">atriði</t>
        <t c="út">út</t>
        <t c="af">af</t>
        <t c="fyrir">fyrir</t>
        <t c="sig">sig</t>
        <t c="mun">mun</t>
        <t c="ei">ei</t>
        <t c="verða">verða</t>
        <t c="lögð">lögð</t>
        <t c="áherzla">áhersla</t>
        <t c="við">við</t>
        <t c="kosningarnar">kosningarnar</t>
        <t c=",">,</t>
        <t c="þótt">þótt</t>
        <t c="mörgum">mörgum</t>
        <t c="þyki">þyki</t>
        <t c="framkoma">framkoma</t>
        <t c="Sambandsflokksins">Sambandsflokksins</t>
        <t c="í">í</t>
        <t c="flokksklofningsmálinu">flokksklofningsmálinu</t>
        <t c="alt">allt</t>
        <t c="annað">annað</t>
        <t c="en">en</t>
        <t c="heppileg">heppileg</t>
        <t c="eða">eða</t>
        <t c="hyggileg">hyggileg</t>
        <t c=".">.</t>
    </s>
    <s>
        <t c="Aftur">Aftur</t>
        <t c="er">er</t>
        <t c="það">það</t>
        <t c="vitanlegt">vitanlegt</t>
        <t c=",">,</t>
        <t c="að">að</t>
        <t c="flestir">flestir</t>
        <t c="er">er</t>
        <t c="telja">telja</t>
        <t c="sig">sig</t>
        <t c="í">í</t>
        <t c="Sjálfstæðisflokknum">Sjálfstæðisflokknum</t>
        <t c="og">og</t>
        <t c="sumir">sumir</t>
        <t c="í">í</t>
        <t c="bændaflokknum">bændaflokknum</t>
        <t c="og">og</t>
        <t c="stöku">stöku</t>
        <t c="menn">menn</t>
        <t c="í">í</t>
        <t c="Heimastjórnarflokknum">Heimastjórnarflokknum</t>
        <t c="vilja">vilja</t>
        <t c="koma">koma</t>
        <t c="núverandi">núverandi</t>
        <t c="stjórn">stjórn</t>
        <t c="frá">frá</t>
        <t c="hið">hið</t>
        <t c="allra">allra</t>
        <t c="bráðasta">bráðasta</t>
        <t c=",">,</t>
        <t c="þó">þó</t>
        <t c="munu">munu</t>
        <t c="ekki">ekki</t>
        <t c="nema">nema</t>
        <t c="sárfáir">sárfáir</t>
        <t c="sannir">sannir</t>
        <t c="heimastjórnarmenn">heimastjórnarmenn</t>
        <t c="óska">óska</t>
        <t c="þess">þess</t>
        <t c=".">.</t>
    </s>
    <s>
        <t c="Heimastjórnarmönnum">Heimastjórnarmönnum</t>
        <t c="út">út</t>
        <t c="um">um</t>
        <t c="land">land</t>
        <t c="líkaði">líkaði</t>
        <t c="vel">vel</t>
        <t c="ráðherraval">ráðherraval</t>
        <t c="hinna">hinna</t>
        <t c="mannmörgu">mannmörgu</t>
        <t c="Sambandsmanna">Sambandsmanna</t>
        <t c="á">á</t>
        <t c="þingi">þingi</t>
        <t c="1912">1912</t>
        <t c=",">,</t>
        <t c="og">og</t>
        <t c="það">það</t>
        <t c="er">er</t>
        <t c="lítil">lítil</t>
        <t c="von">von</t>
        <t c="að">að</t>
        <t c="þeir">þeir</t>
        <t c="vilji">vilji</t>
        <t c="nú">nú</t>
        <t c="fara">fara</t>
        <t c="að">að</t>
        <t c="styrkja">styrkja</t>
        <t c="þá">þá</t>
        <t c="menn">menn</t>
        <t c="til">til</t>
        <t c="þings">þings</t>
        <t c=",">,</t>
        <t c="sem">sem</t>
        <t c="einna">einna</t>
        <t c="ríkast">ríkast</t>
        <t c="kann">kann</t>
        <t c="að">að</t>
        <t c="vera">vera</t>
        <t c="í">í</t>
        <t c="hug">hug</t>
        <t c=",">,</t>
        <t c="að">að</t>
        <t c="koma">koma</t>
        <t c="fram">fram</t>
        <t c="stjórnarskiftum">stjórnarskiptum</t>
        <t c=".">.</t>
    </s>
    <s>
        <t c="Hitt">Hitt</t>
        <t c="er">er</t>
        <t c="annað">annað</t>
        <t c="mál">mál</t>
        <t c="þótt">þótt</t>
        <t c="þeir">þeir</t>
        <t c="sækist">sækist</t>
        <t c="eigi">eigi</t>
        <t c="ávalt">ávalt</t>
        <t c="eftir">eftir</t>
        <t c="hverjum">hverjum</t>
        <t c="ósjálfstæðum">ósjálfstæðum</t>
        <t c="ráðherradindli">ráðherradómi</t>
        <t c=",">,</t>
        <t c="og">og</t>
        <t c="vilji">vilji</t>
        <t c="ef">ef</t>
        <t c="til">til</t>
        <t c="vill">vill</t>
        <t c="koma">koma</t>
        <t c="á">á</t>
        <t c="framfæri">framfæri</t>
        <t c="utan">utan</t>
        <t c="af">af</t>
        <t c="landi">landi</t>
        <t c="hyggnum">hyggnum</t>
        <t c="mönnum">mönnum</t>
        <t c=",">,</t>
        <t c="sem">sem</t>
        <t c="dálítið">dálítið</t>
        <t c="geta">geta</t>
        <t c="veitt">veitt</t>
        <t c="viðnám">viðnám</t>
        <t c="ráðríki">ráðríki</t>
        <t c="þingmanna">þingmanna</t>
        <t c=",">,</t>
        <t c="sem">sem</t>
        <t c="búsettir">búsettir</t>
        <t c="eru">eru</t>
        <t c="í">í</t>
        <t c="Rvík">Rvík</t>
        <t c=",">,</t>
        <t c="og">og</t>
        <t c="æðimikið">ægimikið</t>
        <t c="er">er</t>
        <t c="farið">farið</t>
        <t c="að">að</t>
        <t c="bera">bera</t>
        <t c="á">á</t>
        <t c="síðustu">síðustu</t>
        <t c="árin">árin</t>
        <t c=".">.</t>
    </s>
    <s>
        <t c="Undirrituð">Undirrituð</t>
        <t c="veitir">veitir</t>
        <t c="KENSLU">KENNSLU</t>
        <t c="í">í</t>
        <t c="vetur">vetur</t>
        <t c="óskólaskyldum">skólaskyldu</t>
        <t c="börnum">börnum</t>
        <t c=";">;</t>
        <t c="umsóknir">umsóknir</t>
        <t c="óskast">óskast</t>
        <t c="fyrir">fyrir</t>
        <t c="15.">15.</t>
        <t c="okt.">okt.</t>
        <t c="næstk.">næstk.</t>
    </s>
    <s>
        <t c="Birna">Birna</t>
        <t c="B.">B.</t>
        <t c="Bjarnardóttir">Bjarnardóttir</t>
        <t c=".">.</t>
    </s>
    <s>
        <t c="Norðurg">Norður</t>
        <t c=".">.</t>
    </s>
    <s>
        <t c="6">6</t>
        <t c=".">.</t>
    </s>
    <s>
        <t c="Sláttuvélum">Sláttuvélum</t>
        <t c="fjölgar">fjölgar</t>
        <t c="stöðugt">stöðugt</t>
        <t c="hér">hér</t>
        <t c="á">á</t>
        <t c="landi">landi</t>
        <t c=".">.</t>
    </s>
    <s>
        <t c="Þetta">Þetta</t>
        <t c="ár">ár</t>
        <t c="munu">munu</t>
        <t c="hafa">hafa</t>
        <t c="komið">komið</t>
        <t c="til">til</t>
        <t c="landsins">landsins</t>
        <t c="nálægt">nálægt</t>
        <t c="40">40</t>
        <t c="sláttuvélar">sláttuvélar</t>
        <t c=",">,</t>
        <t c="og">og</t>
        <t c="langflestar">langflestar</t>
        <t c="keyptar">keyptar</t>
        <t c="af">af</t>
        <t c="þeim">þeim</t>
        <t c="hér">hér</t>
        <t c="á">á</t>
        <t c="Suðurlandi">Suðurlandi</t>
        <t c=".">.</t>
    </s>
    <s>
        <t c="Norðanlands">Norðanlands</t>
        <t c=",">,</t>
        <t c="og">og</t>
        <t c="eins">eins</t>
        <t c="í">í</t>
        <t c="Borgarfirðinum">Borgarverðinum</t>
        <t c="er">er</t>
        <t c="lítið">lítið</t>
        <t c="um">um</t>
        <t c="notkun">notkun</t>
        <t c="sláttuvéla">sláttuvéla</t>
        <t c=",">,</t>
        <t c="nema">nema</t>
        <t c="hvað">hvað</t>
        <t c="sláttuvél">sláttuvél</t>
        <t c="er">er</t>
        <t c="einlægt">einlægt</t>
        <t c="notuð">notuð</t>
        <t c="á">á</t>
        <t c="Hvanneyri">Hvanneyri</t>
        <t c=".">.</t>
    </s>
    <s>
        <t c="—">—</t>
        <t c="í">í</t>
        <t c="Eyjafirði">Eyjafirði</t>
        <t c="munu">munu</t>
        <t c="vera">vera</t>
        <t c="til">til</t>
        <t c="fjórar">fjórar</t>
        <t c="sláttuvélar">sláttuvélar</t>
        <t c=",">,</t>
        <t c="og">og</t>
        <t c="eina">eina</t>
        <t c="af">af</t>
        <t c="þeim">þeim</t>
        <t c="á">á</t>
        <t c="Ræktunarfélagið">Ræktunarfélagið</t>
        <t c=".">.</t>
    </s>
    <s>
        <t c="Og">Og</t>
        <t c="í">í</t>
        <t c="Skagafjarðarsýslu">Skagafjarðarsýslu</t>
        <t c="eru">eru</t>
        <t c="aðrar">aðrar</t>
        <t c="fjórar">fjórar</t>
        <t c=",">,</t>
        <t c="þar">þar</t>
        <t c="af">af</t>
        <t c="ein">ein</t>
        <t c="norður">norður</t>
        <t c="í">í</t>
        <t c="Fljótum">Fljótum</t>
        <t c=".">.</t>
    </s>
    <s>
        <t c="—">—</t>
        <t c="Í">Í</t>
        <t c="sumar">sumar</t>
        <t c="var">var</t>
        <t c="keypt">keypt</t>
        <t c="sláttuvél">sláttuvél</t>
        <t c="að">að</t>
        <t c="Eyhildarholti">Eyhildarholti</t>
        <t c=".">.</t>
    </s>
    <s>
        <t c="Enginn">Enginn</t>
        <t c="vafi">vafi</t>
        <t c=",">,</t>
        <t c="að">að</t>
        <t c="nota">nota</t>
        <t c="mætti">mætti</t>
        <t c="miklu">miklu</t>
        <t c="víðar">víðar</t>
        <t c="sláttuvélar">sláttuvélar</t>
        <t c=",">,</t>
        <t c="en">en</t>
        <t c="enn">enn</t>
        <t c="er">er</t>
        <t c="orðið">orðið</t>
        <t c=",">,</t>
        <t c="ekki">ekki</t>
        <t c="síst">síst</t>
        <t c="í">í</t>
        <t c="Eyjafirði">Eyjafirði</t>
        <t c="og">og</t>
        <t c="Skagafirði">Skagafirði</t>
        <t c=",">,</t>
        <t c="og">og</t>
        <t c="jafnvel">jafnvel</t>
        <t c="víðar">víðar</t>
        <t c=".">.</t>
    </s>
    <s>
        <t c="»">»</t>
        <t c="Freyr">Freyr</t>
        <t c=".">.</t>
        <t c="«">«</t>
    </s>
    <s>
        <t c="Eggert">Eggert</t>
        <t c="bóndi">bóndi</t>
        <t c="Davíðsson">Davíðsson</t>
        <t c="á">á</t>
        <t c="Möðruvöllum">Möðruvöllum</t>
        <t c="í">í</t>
        <t c="Hörgárdal">Hörgárdal</t>
        <t c="keypti">keypti</t>
        <t c="í">í</t>
        <t c="vori">vori</t>
        <t c="var">var</t>
        <t c="sláttuvél">sláttuvél</t>
        <t c="og">og</t>
        <t c="notaði">notaði</t>
        <t c="hana">hana</t>
        <t c="allmikið">allmikið</t>
        <t c="í">í</t>
        <t c="sumar">sumar</t>
        <t c="bæði">bæði</t>
        <t c="á">á</t>
        <t c="tún">tún</t>
        <t c="og">og</t>
        <t c="engjar">engjar</t>
        <t c=".">.</t>
    </s>
    <s>
        <t c="Telst">Telst</t>
        <t c="honum">honum</t>
        <t c="til">til</t>
        <t c="að">að</t>
        <t c="vélin">vélin</t>
        <t c="hafi">hafi</t>
        <t c="sparað">sparað</t>
        <t c="honum">honum</t>
        <t c="kaupamann">kaupamann</t>
        <t c="allan">allan</t>
        <t c="sláttinn">sláttinn</t>
        <t c=".">.</t>
    </s>
    <s>
        <t c="Hún">Hún</t>
        <t c="er">er</t>
        <t c="létt">létt</t>
        <t c="í">í</t>
        <t c="drætti">drætti</t>
        <t c=",">,</t>
        <t c="svo">svo</t>
        <t c="tveir">tveir</t>
        <t c="hestar">hestar</t>
        <t c="geta">geta</t>
        <t c="vel">vel</t>
        <t c="dregið">dregið</t>
        <t c="hana">hana</t>
        <t c="hvíldarlaust">hvíldarlaust</t>
        <t c="meiri">meiri</t>
        <t c="hluta">hluta</t>
        <t c="dags.">dags.</t>
    </s>
    <s>
        <t c="Þeir">Þeir</t>
        <t c="Laxamýrarbræður">Laxamýrarbræður</t>
        <t c="fengu">fengu</t>
        <t c="sláttuvél">sláttuvél</t>
        <t c="frá">frá</t>
        <t c="Englandi">Englandi</t>
        <t c=".">.</t>
    </s>
    <s>
        <t c="Hafa">Hafa</t>
        <t c="mikið">mikið</t>
        <t c="notað">notað</t>
        <t c="hana">hana</t>
        <t c="í">í</t>
        <t c="sumar">sumar</t>
        <t c=",">,</t>
        <t c="og">og</t>
        <t c="líkar">líkar</t>
        <t c="vel">vel</t>
        <t c="við">við</t>
        <t c="hana">hana</t>
        <t c=".">.</t>
    </s>
    <s>
        <t c="Eftir">Eftir</t>
        <t c="sögn">sögn</t>
        <t c="þreytir">þreytir</t>
        <t c="hún">hún</t>
        <t c="hestana">hestana</t>
        <t c="meir">meir</t>
        <t c="en">en</t>
        <t c="Möðruvallavélin">Möðruvallavélin</t>
        <t c=",">,</t>
        <t c="en">en</t>
        <t c="er">er</t>
        <t c="ef">ef</t>
        <t c="til">til</t>
        <t c="vill">vill</t>
        <t c="afkasta">afkasta</t>
        <t c="meiri">meiri</t>
        <t c=".">.</t>
    </s>
    <s>
        <t c="Einhver">Einhver</t>
        <t c="af">af</t>
        <t c="ökumönnum">ökumönnum</t>
        <t c="Akureyrar">Akureyrar</t>
        <t c="ætti">ætti</t>
        <t c="að">að</t>
        <t c="eignast">eignast</t>
        <t c="sláttuvél">sláttuvél</t>
        <t c="og">og</t>
        <t c="slá">slá</t>
        <t c="hér">hér</t>
        <t c="á">á</t>
        <t c="sumrum">sumrum</t>
        <t c="hin">hin</t>
        <t c="víðlendu">víðlendu</t>
        <t c="tún">tún</t>
        <t c="bæjarmanna">bæjarmanna</t>
        <t c=".">.</t>
    </s>
    <s>
        <t c="Gagnfræðaskólinn">Gagnfræðaskólinn</t>
        <t c="var">var</t>
        <t c="settur">settur</t>
        <t c="1.">1.</t>
        <t c="þ.">þ.</t>
        <t c="m.">m.</t>
        <t c=",">,</t>
        <t c="til">til</t>
        <t c="hans">hans</t>
        <t c="eru">eru</t>
        <t c="nú">nú</t>
        <t c="komnir">komnir</t>
        <t c="116">116</t>
        <t c="nemendur">nemendur</t>
        <t c=",">,</t>
        <t c="4">4</t>
        <t c="ókomnir">ókomnir</t>
        <t c=",">,</t>
        <t c="um">um</t>
        <t c="40">40</t>
        <t c="eru">eru</t>
        <t c="í">í</t>
        <t c="heimavist">heimavist</t>
        <t c=".">.</t>
    </s>
    <s>
        <t c="Skólinn">Skólinn</t>
        <t c="er">er</t>
        <t c="fullskipaður">fullskipaður</t>
        <t c="og">og</t>
        <t c="tekur">tekur</t>
        <t c="eigi">eigi</t>
        <t c="fleiri">fleiri</t>
        <t c="nema">nema</t>
        <t c="að">að</t>
        <t c="mjög">mjög</t>
        <t c="væri">væri</t>
        <t c="þrengt">þrengt</t>
        <t c="að">að</t>
        <t c=".">.</t>
    </s>
    <s>
        <t c="Blaðið">Blaðið</t>
        <t c="»">»</t>
        <t c="Reykjavík">Reykjavík</t>
        <t c="«">«</t>
    </s>
    <s>
        <t c="hefir">hefir</t>
        <t c="Eggert">Eggert</t>
        <t c="Claessen">Claessen</t>
        <t c="málafærslumaður">málafærslumaður</t>
        <t c="í">í</t>
        <t c="Reykjavík">Reykjavík</t>
        <t c="keypt">keypt</t>
        <t c=".">.</t>
    </s>
    <s>
        <t c="Ritstjóri">Ritstjóri</t>
        <t c="blaðsins">blaðsins</t>
        <t c="er">er</t>
        <t c="sá">sá</t>
        <t c="sami">sami</t>
        <t c="og">og</t>
        <t c="áður">áður</t>
        <t c="Kr.">Kr.</t>
    </s>
    <s>
        <t c="Linnet">Linnet</t>
        <t c="lögfræðingur">lögfræðingur</t>
        <t c=",">,</t>
        <t c="sá">sá</t>
        <t c="sami">sami</t>
        <t c="og">og</t>
        <t c="settur">settur</t>
        <t c="var">var</t>
        <t c="lögreglustjóri">lögreglustjóri</t>
        <t c="á">á</t>
        <t c="Siglufirði">Siglufirði</t>
        <t c="um">um</t>
        <t c="árið">árið</t>
        <t c=".">.</t>
    </s>
    <s>
        <t c="Tombóla">Tombóla</t>
        <t c="til">til</t>
        <t c="ágóða">ágóða</t>
        <t c="fyrir">fyrir</t>
        <t c="hið">hið</t>
        <t c="stóra">stóra</t>
        <t c="samkomuhús">samkomuhús</t>
        <t c="bæjarins">bæjarins</t>
        <t c="(">(</t>
        <t c="Goodtemplarhúsið">Goodtemplarhúsið</t>
        <t c=")">)</t>
        <t c="verður">verður</t>
        <t c="haldin">haldin</t>
        <t c="að">að</t>
        <t c="kvöldi">kvöldi</t>
        <t c="þess">þess</t>
        <t c="11.">11.</t>
        <t c="og">og</t>
        <t c="12.">12.</t>
        <t c="þ.">þ.</t>
        <t c="m.">m.</t>
    </s>
    <s>
        <t c="Dráttum">Dráttum</t>
        <t c="til">til</t>
        <t c="tombólunnar">tombólunnar</t>
        <t c="þarf">þarf</t>
        <t c="að">að</t>
        <t c="vera">vera</t>
        <t c="búið">búið</t>
        <t c="að">að</t>
        <t c="skila">skila</t>
        <t c="að">að</t>
        <t c="kvöldi">kvöldi</t>
        <t c="þess">þess</t>
        <t c="9">9</t>
        <t c=".">.</t>
    </s>
    <s>
        <t c="Fullyrða">Fullyrða</t>
        <t c="má">má</t>
        <t c="að">að</t>
        <t c="þetta">þetta</t>
        <t c="verði">verði</t>
        <t c="einhver">einhver</t>
        <t c="mesta">mesta</t>
        <t c="tombólan">tombólan</t>
        <t c="sem">sem</t>
        <t c="hér">hér</t>
        <t c="hefur">hefur</t>
        <t c="verið">verið</t>
        <t c="haldin">haldin</t>
        <t c=".">.</t>
    </s>
    <s>
        <t c="Þ.">Þ.</t>
    </s>
    <s>
        <t c="Haustannir">Haustannir</t>
        <t c="eru">eru</t>
        <t c="miklar">miklar</t>
        <t c="á">á</t>
        <t c="Akureyri">Akureyri</t>
        <t c="og">og</t>
        <t c="atvinna">atvinna</t>
        <t c="yfirfljótanleg">yfirfljótanleg</t>
        <t c="fyrir">fyrir</t>
        <t c="þá">þá</t>
        <t c=",">,</t>
        <t c="sem">sem</t>
        <t c="í">í</t>
        <t c="almenna">almenna</t>
        <t c="vinnu">vinnu</t>
        <t c="vilja">vilja</t>
        <t c="gefa">gefa</t>
        <t c="sig">sig</t>
        <t c=".">.</t>
    </s>
    <s>
        <t c="Fyrst">Fyrst</t>
        <t c="eru">eru</t>
        <t c="mikil">mikil</t>
        <t c="vinna">vinna</t>
        <t c="við">við</t>
        <t c="slátrun">slátrun</t>
        <t c="als">als</t>
        <t c="þess">þess</t>
        <t c="urmulls">urmull</t>
        <t c="af">af</t>
        <t c="lömbum">lömbum</t>
        <t c=",">,</t>
        <t c="sem">sem</t>
        <t c="hingað">hingað</t>
        <t c="eru">eru</t>
        <t c="rekið">rekið</t>
        <t c=",">,</t>
        <t c="niðursöltun">niðurröðun</t>
        <t c="kjöts">kjöts</t>
        <t c=",">,</t>
        <t c="framskipun">framskipun</t>
        <t c="á">á</t>
        <t c="haustvörum">haustvörum</t>
        <t c="og">og</t>
        <t c="miklu">miklu</t>
        <t c="af">af</t>
        <t c="síld">síld</t>
        <t c="og">og</t>
        <t c="fiski">fiski</t>
        <t c="frá">frá</t>
        <t c="sumrinu">sumrinu</t>
        <t c=",">,</t>
        <t c="uppskipun">uppskipun</t>
        <t c="á">á</t>
        <t c="haustvörum">haustvörum</t>
        <t c=",">,</t>
        <t c="kolum">kolum</t>
        <t c="og">og</t>
        <t c="steinolíu">steinolíu</t>
        <t c="og">og</t>
        <t c="ýmsu">ýmsu</t>
        <t c="fl.">fl.</t>
    </s>
    <s>
        <t c="Bátasetningur">Bátasýningu</t>
        <t c="á">á</t>
        <t c="land">land</t>
        <t c="og">og</t>
        <t c="að">að</t>
        <t c="ganga">ganga</t>
        <t c="frá">frá</t>
        <t c="þilskipastól">þilskipastól</t>
        <t c="fjarðarins">fjarðarins</t>
        <t c=",">,</t>
        <t c="viðgerðir">viðgerðir</t>
        <t c="á">á</t>
        <t c="húsum">húsum</t>
        <t c="o.">o.</t>
        <t c="m.">m.</t>
        <t c="fl.">fl.</t>
    </s>
    <s>
        <t c="Iðnskólinn">Iðnskólinn</t>
        <t c="á">á</t>
        <t c="Akureyri">Akureyri</t>
        <t c="byrjar">byrjar</t>
        <t c="um">um</t>
        <t c="þann">þann</t>
        <t c="20.">20.</t>
        <t c="þ.">þ.</t>
        <t c="m.">m.</t>
        <t c="og">og</t>
        <t c="stendur">stendur</t>
        <t c="í">í</t>
        <t c="6">6</t>
        <t c="mánuði">mánuði</t>
        <t c=".">.</t>
    </s>
    <s>
        <t c="Kenslan">Kennslan</t>
        <t c="fer">fer</t>
        <t c="fram">fram</t>
        <t c="á">á</t>
        <t c="kvöldin">kvöldin</t>
        <t c=".">.</t>
    </s>
    <s>
        <t c="Þeir">Þeir</t>
        <t c="sem">sem</t>
        <t c="vilja">vilja</t>
        <t c="stunda">stunda</t>
        <t c="nám">nám</t>
        <t c="á">á</t>
        <t c="skólanum">skólanum</t>
        <t c="snúi">snúi</t>
        <t c="sér">sér</t>
        <t c="til">til</t>
        <t c="herra">herra</t>
        <t c="Lúðvíks">Lúðvíks</t>
        <t c="Sigurjónssonar">Sigurjónssonar</t>
        <t c="á">á</t>
        <t c="Akureyri">Akureyri</t>
        <t c=",">,</t>
        <t c="forstöðumanns">forstöðumanns</t>
        <t c="skólans">skólans</t>
        <t c=".">.</t>
    </s>
    <s>
        <t c="Undur">Undur</t>
        <t c="nútímans">nútímans</t>
        <t c=".">.</t>
    </s>
    <s>
        <t c="100">100</t>
        <t c="skrautgripir">skrautgripir</t>
        <t c="allir">allir</t>
        <t c="úr">úr</t>
        <t c="ósviknum">ósviknum</t>
        <t c="amerískum">amerískum</t>
        <t c="gullblendingi">gullblendingi</t>
        <t c=",">,</t>
        <t c="seldir">seldir</t>
        <t c="fyrir">fyrir</t>
        <t c="9">9</t>
        <t c="kr.">kr.</t>
    </s>
    <s>
        <t c="25">25</t>
        <t c="au.">au.</t>
        <t c="með">með</t>
        <t c="10">10</t>
        <t c="ára">ára</t>
        <t c="ábyrgð">ábyrgð</t>
        <t c="á">á</t>
        <t c="endingu">endingu</t>
        <t c=".">.</t>
    </s>
    <s>
        <t c="Eitt">Eitt</t>
        <t c="ljómandi">ljómandi</t>
        <t c="fallegt">fallegt</t>
        <t c="karlmannsúr">karlmannsúr</t>
        <t c="með">með</t>
        <t c="gullblendingsumgerð">gullblendingsumgerð</t>
        <t c=",">,</t>
        <t c="dregið">dregið</t>
        <t c="upp">upp</t>
        <t c="á">á</t>
        <t c="haldinu">haldinu</t>
        <t c="og">og</t>
        <t c="gengur">gengur</t>
        <t c="í">í</t>
        <t c="36">36</t>
        <t c="klt">kalt</t>
        <t c=".">.</t>
    </s>
    <s>
        <t c="og">og</t>
        <t c="ábyrgð">ábyrgð</t>
        <t c="að">að</t>
        <t c="gangi">gangi</t>
        <t c="rétt">rétt</t>
        <t c="í">í</t>
        <t c="4">4</t>
        <t c="ár">ár</t>
        <t c=".">.</t>
    </s>
    <s>
        <t c="Ein">Ein</t>
        <t c="ágæt">ágæt</t>
        <t c="leðurtaska">leðurtaska</t>
        <t c=",">,</t>
        <t c="tvöföld">tvöföld</t>
        <t c="karlmannsúrkeðja">karlmannsúrkeðja</t>
        <t c="skrautleg">skrautleg</t>
        <t c=".">.</t>
    </s>
    <s>
        <t c="Kraga">Kraga</t>
        <t c="og">og</t>
        <t c="línermahnappar">línermahnappar</t>
        <t c=",">,</t>
        <t c="prýðin">prýðin</t>
        <t c="sjálf">sjálf</t>
        <t c=".">.</t>
    </s>
    <s>
        <t c="Brjóstnálar">Brjóstnálar</t>
        <t c="tvær">tvær</t>
        <t c=",">,</t>
        <t c="til">til</t>
        <t c="prýðis">prýðis</t>
        <t c=".">.</t>
    </s>
    <s>
        <t c="Skrauthringur">Skrautlegur</t>
        <t c=".">.</t>
    </s>
    <s>
        <t c="Hvít">Hvít</t>
        <t c="perlusnúra">perlusnúra</t>
        <t c="Vasaskriffæri">Vasaskriffæri</t>
        <t c=".">.</t>
    </s>
    <s>
        <t c="Vasaspegill">Vasaspegill</t>
        <t c=".">.</t>
    </s>
    <s>
        <t c="Alls">Alls</t>
        <t c="um">um</t>
        <t c="80">80</t>
        <t c="hlutir">hlutir</t>
        <t c="þarfir">þarfir</t>
        <t c="fyrir">fyrir</t>
        <t c="hvert">hvert</t>
        <t c="heimili">heimili</t>
        <t c=".">.</t>
    </s>
    <s>
        <t c="Heila">Heila</t>
        <t c="safnið">safnið</t>
        <t c="með">með</t>
        <t c="hinu">hinu</t>
        <t c="ágæta">ágæta</t>
        <t c="úri">úri</t>
        <t c="kostar">kostar</t>
        <t c="aðeins">aðeins</t>
        <t c="kr">kr</t>
        <t c="9,25">9,25</t>
        <t c="með">með</t>
        <t c="flutningi">flutningi</t>
        <t c=".">.</t>
    </s>
    <s>
        <t c="Verður">Verður</t>
        <t c="sent">sent</t>
        <t c="með">með</t>
        <t c="eftirkröfu">eftirkröfu</t>
        <t c="af">af</t>
        <t c="H.">H.</t>
        <t c="Springarn">Springa</t>
        <t c="Krankau">Kranka</t>
        <t c="Østerrig">Østerrig</t>
        <t c="Nr.">Nr.</t>
    </s>
    <s>
        <t c="488.">488.</t>
    </s>
    <s>
        <t c="Sé">Sé</t>
        <t c="keypt">keypt</t>
        <t c="fleira">fleira</t>
        <t c="en">en</t>
        <t c="eitt">eitt</t>
        <t c="safn">safn</t>
        <t c="fylgir">fylgir</t>
        <t c="hverju">hverju</t>
        <t c="ókeypis">ókeypis</t>
        <t c="vindilskveykjari">vindilskveykjari</t>
        <t c=",">,</t>
        <t c="sem">sem</t>
        <t c="bera">bera</t>
        <t c="má">má</t>
        <t c="í">í</t>
        <t c="vasa">vasa</t>
        <t c="sínum">sínum</t>
        <t c=".">.</t>
    </s>
    <s>
        <t c="Fyrir">Fyrir</t>
        <t c="vörur">vörur</t>
        <t c="sem">sem</t>
        <t c="ekki">ekki</t>
        <t c="líka">líka</t>
        <t c="eru">eru</t>
        <t c="peningar">peningar</t>
        <t c="sendir">sendir</t>
        <t c="aftur">aftur</t>
        <t c="og">og</t>
        <t c="er">er</t>
        <t c="því">því</t>
        <t c="engin">engin</t>
        <t c="hætta">hætta</t>
        <t c="á">á</t>
        <t c="ferðum">ferðum</t>
        <t c=".">.</t>
    </s>
    <s>
        <t c="EG">ÉG</t>
        <t c="undirrituð">undirrituð</t>
        <t c="tek">tek</t>
        <t c="börn">börn</t>
        <t c="til">til</t>
        <t c="að">að</t>
        <t c="kenna">kenna</t>
        <t c="eins">eins</t>
        <t c="og">og</t>
        <t c="að">að</t>
        <t c="undanförnu">undanförnu</t>
        <t c=",">,</t>
        <t c="eins">eins</t>
        <t c="kenni">kenni</t>
        <t c="eg">ég</t>
        <t c="þeim">þeim</t>
        <t c="að">að</t>
        <t c="stafa">stafa</t>
        <t c="ef">ef</t>
        <t c="óskað">óskað</t>
        <t c="er">er</t>
        <t c=",">,</t>
        <t c="menn">menn</t>
        <t c="snúi">snúi</t>
        <t c="sér">sér</t>
        <t c="til">til</t>
        <t c="mín">mín</t>
        <t c="hið">hið</t>
        <t c="fyrsta">fyrsta</t>
        <t c=".">.</t>
    </s>
    <s>
        <t c="Glerárgötu">Glerárgötu</t>
        <t c="5">5</t>
        <t c=".">.</t>
    </s>
    <s>
        <t c="Sæbjörg">Sæbjörg</t>
        <t c="Bóasdóttir">Bóasdóttir</t>
        <t c=".">.</t>
    </s>
    <s>
        <t c="Sigrún">Sigrún</t>
        <t c="var">var</t>
        <t c="pískur">pískur</t>
        <t c="merktur">merktur</t>
        <t c=",">,</t>
        <t c="sem">sem</t>
        <t c="tapaðist">tapaðist</t>
        <t c="inn">inn</t>
        <t c="hjá">hjá</t>
        <t c="Höepfnershúsum">Höepfnershúsum</t>
        <t c="fyrir">fyrir</t>
        <t c="stuttu">stuttu</t>
        <t c=".">.</t>
    </s>
    <s>
        <t c="Finnandi">Finnandi</t>
        <t c="beðinn">beðinn</t>
        <t c="að">að</t>
        <t c="skila">skila</t>
        <t c="á">á</t>
        <t c="prentsmiðju">prentsmiðju</t>
        <t c="Norðra">Norðra</t>
        <t c=".">.</t>
    </s>
    <s>
        <t c="Hjúkrunarfélagið">Hjúkrunarfélagið</t>
        <t c="„">„</t>
        <t c="Hlíf">Hlíf</t>
        <t c="“">“</t>
    </s>
    <s>
        <t c="heldur">heldur</t>
        <t c="tombólu">tombólu</t>
        <t c="seinni">seinni</t>
        <t c="hluta">hluta</t>
        <t c="október">október</t>
        <t c="mánaðar">mánaðar</t>
        <t c=".">.</t>
    </s>
    <s>
        <t c="Félagið">Félagið</t>
        <t c="væntir">væntir</t>
        <t c="stuðnings">stuðnings</t>
        <t c="bæjarbúa">bæjarbúa</t>
        <t c="nú">nú</t>
        <t c="eins">eins</t>
        <t c="og">og</t>
        <t c="undanfarin">undanfarin</t>
        <t c="ár">ár</t>
        <t c=".">.</t>
    </s>
    <s>
        <t c="Margir">Margir</t>
        <t c="ágætir">ágætir</t>
        <t c="munir">munir</t>
        <t c="hafa">hafa</t>
        <t c="þegar">þegar</t>
        <t c="verið">verið</t>
        <t c="gefnir">gefnir</t>
        <t c=".">.</t>
    </s>
    <s>
        <t c="Tombólunefndin">Tombólunefndin</t>
        <t c=".">.</t>
    </s>
    <s>
        <t c="†">†</t>
        <t c="Finnur">Finnur</t>
        <t c="Jónsson">Jónsson</t>
        <t c="á">á</t>
        <t c="Stóru-Giljá">Stóru-Giljá</t>
        <t c="í">í</t>
        <t c="Húnavatnssýslu">Húnavatnssýslu</t>
        <t c="druknaði">drukknaði</t>
        <t c="nýlega">nýlega</t>
        <t c="í">í</t>
        <t c="Blöndu">Blöndu</t>
        <t c=".">.</t>
    </s>
    <s>
        <t c="Góðviðri">Góðviðri</t>
        <t c="svo">svo</t>
        <t c="mikið">mikið</t>
        <t c="á">á</t>
        <t c="þessu">þessu</t>
        <t c="hausti">hausti</t>
        <t c="hér">hér</t>
        <t c="norðanlands">norðanlands</t>
        <t c="síðan">síðan</t>
        <t c="hretinu">hretinu</t>
        <t c="létti">létti</t>
        <t c="um">um</t>
        <t c="miðjan">miðjan</t>
        <t c="sept.">sept.</t>
        <t c="að">að</t>
        <t c="elstu">elstu</t>
        <t c="menn">menn</t>
        <t c="segjast">segjast</t>
        <t c="eigi">eigi</t>
        <t c="muna">muna</t>
        <t c="slíka">slíka</t>
        <t c="haustveðráttu">haustveðráttu</t>
        <t c=".">.</t>
    </s>
    <s>
        <t c="Kýr">Kýr</t>
        <t c="ganga">ganga</t>
        <t c="enn">enn</t>
        <t c="víða">víða</t>
        <t c="úti">úti</t>
        <t c="og">og</t>
        <t c="er">er</t>
        <t c="ekki">ekki</t>
        <t c="gefin">gefin</t>
        <t c="nema">nema</t>
        <t c="hálf">hálf</t>
        <t c="gjöf">gjöf</t>
        <t c=".">.</t>
    </s>
    <s>
        <t c="Vatnsleiðslumál">Vatnsleiðslum</t>
        <t c="Akureyrar">Akureyrar</t>
        <t c=".">.</t>
    </s>
    <s>
        <t c="Jón">Jón</t>
        <t c="Þorláksson">Þorláksson</t>
        <t c="landverkfræðingur">landverkfræðingur</t>
        <t c="er">er</t>
        <t c="hér">hér</t>
        <t c="í">í</t>
        <t c="bænum">bænum</t>
        <t c="að">að</t>
        <t c="mæla">mæla</t>
        <t c="fyrir">fyrir</t>
        <t c="vatnsleiðslu">vatnsleiðslu</t>
        <t c="úr">úr</t>
        <t c="lindum">lindum</t>
        <t c="í">í</t>
        <t c="Kræklingahlíð">Kræklingana</t>
        <t c="til">til</t>
        <t c="Akureyrar">Akureyrar</t>
        <t c=".">.</t>
    </s>
    <s>
        <t c="Vatnið">Vatnið</t>
        <t c="er">er</t>
        <t c="þar">þar</t>
        <t c="gott">gott</t>
        <t c="og">og</t>
        <t c="mikið">mikið</t>
        <t c="og">og</t>
        <t c="nú">nú</t>
        <t c="munu">munu</t>
        <t c="allir">allir</t>
        <t c="ásáttir">ásáttir</t>
        <t c="um">um</t>
        <t c="að">að</t>
        <t c="taka">taka</t>
        <t c="vatnið">vatnið</t>
        <t c="þaðan">þaðan</t>
        <t c=",">,</t>
        <t c="enda">enda</t>
        <t c="er">er</t>
        <t c="það">það</t>
        <t c="ekki">ekki</t>
        <t c="nema">nema</t>
        <t c="1">1</t>
        <t c="kilom.">klof</t>
    </s>
    <s>
        <t c="lengra">lengra</t>
        <t c="en">en</t>
        <t c="úr">úr</t>
        <t c="Vargjárlindunum">Vargjárlindunum</t>
        <t c="sem">sem</t>
        <t c="reyndust">reyndust</t>
        <t c="helzt">helst</t>
        <t c="til">til</t>
        <t c="litlar">litlar</t>
        <t c=".">.</t>
    </s>
    <s>
        <t c="Efalaust">Efalaust</t>
        <t c="verður">verður</t>
        <t c="nú">nú</t>
        <t c="farið">farið</t>
        <t c="að">að</t>
        <t c="vinna">vinna</t>
        <t c="að">að</t>
        <t c="því">því</t>
        <t c="af">af</t>
        <t c="kappi">kappi</t>
        <t c="að">að</t>
        <t c="koma">koma</t>
        <t c="vatnsleiðslunni">vatnsleiðslunni</t>
        <t c="í">í</t>
        <t c="framkvæmd">framkvæmd</t>
        <t c=".">.</t>
    </s>
    <s>
        <t c="Fiskilítið">Fiskilífið</t>
        <t c="á">á</t>
        <t c="Eyjafirði">Eyjafirði</t>
        <t c="og">og</t>
        <t c="Siglufirði">Siglufirði</t>
        <t c="síðustu">síðustu</t>
        <t c="vikur">vikur</t>
        <t c=".">.</t>
    </s>
    <s>
        <t c="Að">Að</t>
        <t c="kaupa">kaupa</t>
        <t c="pappír">pappír</t>
        <t c=",">,</t>
        <t c="ritföng">ritföng</t>
        <t c="og">og</t>
        <t c="póstkort">póstkort</t>
        <t c="hjá">hjá</t>
        <t c="Kr.">Kr.</t>
    </s>
    <s>
        <t c="Guðmundssyni">Guðmundssyni</t>
        <t c=".">.</t>
    </s>
    <s>
        <t c="Oddeyri">Oddeyri</t>
        <t c="þýðir">þýðir</t>
        <t c="peningasparnað">peningasparnað</t>
        <t c=".">.</t>
    </s>
    <s>
        <t c="Íslenzk">Íslensk</t>
        <t c="frímerki">frímerki</t>
        <t c="borgar">borgar</t>
        <t c="enginn">enginn</t>
        <t c="hærra">hærra</t>
        <t c="verði">verði</t>
        <t c="en">en</t>
        <t c="Sig.">Sig.</t>
    </s>
    <s>
        <t c="H.">H.</t>
        <t c="Björnsson">Björnsson</t>
        <t c=",">,</t>
        <t c="í">í</t>
        <t c="prentsmiðjunni">prentsmiðjunni</t>
        <t c="á">á</t>
        <t c="Oddeyri">Oddeyri</t>
        <t c=".">.</t>
    </s>
    <s>
        <t c="Verðskrá">Verðskrá</t>
        <t c="sendist">sendist</t>
        <t c="ókeypis">ókeypis</t>
        <t c=".">.</t>
    </s>
    <s>
        <t c="Kensla">Kennsla</t>
        <t c=".">.</t>
    </s>
    <s>
        <t c="Þau">Þau</t>
        <t c="börn">börn</t>
        <t c=",">,</t>
        <t c="sem">sem</t>
        <t c="ekki">ekki</t>
        <t c="ganga">ganga</t>
        <t c="í">í</t>
        <t c="barnaskólann">barnaskólann</t>
        <t c=",">,</t>
        <t c="geta">geta</t>
        <t c="fengið">fengið</t>
        <t c="tilsögn">tilsögn</t>
        <t c="hjá">hjá</t>
        <t c="mér">mér</t>
        <t c="undirritaðri">undirritaðri</t>
        <t c="í">í</t>
        <t c="vetur">vetur</t>
        <t c=",">,</t>
        <t c="ef">ef</t>
        <t c="þau">þau</t>
        <t c="óska">óska</t>
        <t c=".">.</t>
    </s>
    <s>
        <t c="Eg">Ég</t>
        <t c="kenni">kenni</t>
        <t c="í">í</t>
        <t c="húsi">húsi</t>
        <t c="Ásgeirs">Ásgeirs</t>
        <t c="Péturssonar">Péturssonar</t>
        <t c=",">,</t>
        <t c="Hafnarstræti">Hafnarstræti</t>
        <t c="100">100</t>
        <t c=".">.</t>
    </s>
    <s>
        <t c="Akureyri">Akureyri</t>
        <t c="29.">29.</t>
        <t c="september">september</t>
        <t c="1913">1913</t>
        <t c=".">.</t>
    </s>
    <s>
        <t c="Kristbjörg">Kristbjörg</t>
        <t c="Jónatansdóttir">Jónatansdóttir</t>
        <t c=".">.</t>
    </s>
    <s>
        <t c="Fjármark">Fjármark</t>
        <t c="Ásgríms">Ásgríms</t>
        <t c="Pjeturssonar">Pjeturssonar</t>
        <t c="Oddeyri">Oddeyri</t>
        <t c=":">:</t>
        <t c="Sneiðrifað">Sneiðrifað</t>
        <t c="framan">framan</t>
        <t c="biti">biti</t>
        <t c="aptan">aftan</t>
        <t c="hægra">hægra</t>
        <t c=".">.</t>
    </s>
    <s>
        <t c="Blaðstýft">Blaðstýft</t>
        <t c="aptan">aftan</t>
        <t c="biti">biti</t>
        <t c="framan">framan</t>
        <t c="vinstra">vinstra</t>
        <t c=".">.</t>
    </s>
    <s>
        <t c="Brennim.">Brennir</t>
        <t c=":">:</t>
        <t c="Á">Á</t>
        <t c="P.">P.</t>
        <t c="P">P</t>
        <t c="A.">A.</t>
    </s>
    <s>
        <t c="Tapast">Tapast</t>
        <t c="hefur">hefur</t>
        <t c="um">um</t>
        <t c="borð">borð</t>
        <t c="í">í</t>
        <t c="s">s</t>
        <t c="/">/</t>
        <t c="s">s</t>
        <t c="Hólar">Hólar</t>
        <t c="á">á</t>
        <t c="leið">leið</t>
        <t c="frá">frá</t>
        <t c="Seyðisfirði">Seyðisfirði</t>
        <t c="til">til</t>
        <t c="Akureyrar">Akureyrar</t>
        <t c="þ.">þ.</t>
        <t c="1.">1.</t>
        <t c="ágúst">ágúst</t>
        <t c="s.l.">s.l.</t>
    </s>
    <s>
        <t c="1">1</t>
        <t c="pakki">pakki</t>
        <t c="saumaður">saumaður</t>
        <t c="í">í</t>
        <t c="striga">striga</t>
        <t c=".">.</t>
    </s>
    <s>
        <t c="Merktur">Merktur</t>
        <t c=":">:</t>
        <t c="Fridtiof">Friðrof</t>
        <t c="Nielsen">Nielsen</t>
        <t c="Passagergods">Passagergods</t>
        <t c="Seydisfjord">Seydisfjord</t>
        <t c=".">.</t>
    </s>
    <s>
        <t c="Innihald">Innihald</t>
        <t c="pakkans">pakkans</t>
        <t c="var">var</t>
        <t c="3">3</t>
        <t c="skinn">skinn</t>
        <t c=".">.</t>
    </s>
    <s>
        <t c="Ef">Ef</t>
        <t c="einhver">einhver</t>
        <t c="skyldi">skyldi</t>
        <t c="finna">finna</t>
        <t c="pakka">pakka</t>
        <t c="þennan">þennan</t>
        <t c="á">á</t>
        <t c="einhverjum">einhverjum</t>
        <t c="þeim">þeim</t>
        <t c="höfnum">höfnum</t>
        <t c="milli">milli</t>
        <t c="Seyðisfjarðar">Seyðisfjarðar</t>
        <t c="og">og</t>
        <t c="Akureyrar">Akureyrar</t>
        <t c=",">,</t>
        <t c="sem">sem</t>
        <t c="strandferðarskipin">strandferðaskipin</t>
        <t c="koma">koma</t>
        <t c="við">við</t>
        <t c="á">á</t>
        <t c=",">,</t>
        <t c="er">er</t>
        <t c="viðkomandi">viðkomandi</t>
        <t c="vinsamlega">vinsamlega</t>
        <t c="beðin">beðin</t>
        <t c="að">að</t>
        <t c="gjöra">gjöra</t>
        <t c="undirrituðum">undirrituðum</t>
        <t c="aðvart">aðvart</t>
        <t c="gegn">gegn</t>
        <t c="fullum">fullum</t>
        <t c="ómakslaunum">ómakslaunum</t>
        <t c=".">.</t>
    </s>
    <s>
        <t c="Reykjavík">Reykjavík</t>
        <t c="14.">14.</t>
        <t c="sept.">sept.</t>
        <t c="1913">1913</t>
        <t c=".">.</t>
    </s>
    <s>
        <t c="Fridtiof">Friðrof</t>
        <t c="Nielsen">Nielsen</t>
        <t c="Pósthússtræti">Pósthússtræti</t>
        <t c="15">15</t>
        <t c=".">.</t>
    </s>
    <s>
        <t c="Klæðavefari">Klæðaefni</t>
        <t c="Viborg">Viborg</t>
        <t c=",">,</t>
        <t c="Danmörk">Danmörk</t>
        <t c="senda">senda</t>
        <t c="að">að</t>
        <t c="kostnaðarlausu">kostnaðarlausu</t>
        <t c=",">,</t>
        <t c="en">en</t>
        <t c="gegn">gegn</t>
        <t c="eftirkröfu">eftirkröfu</t>
        <t c="3,15">3,15</t>
        <t c="metra">metra</t>
        <t c="langt">langt</t>
        <t c="og">og</t>
        <t c="1,36">1,36</t>
        <t c="metra">metra</t>
        <t c="breitt">breitt</t>
        <t c="dökkblátt">dökkblátt</t>
        <t c="eða">eða</t>
        <t c="brúngrátt">brúngrátt</t>
        <t c="og">og</t>
        <t c="alullar">alullar</t>
        <t c="bukkskinn">bukkaskinn</t>
        <t c="sem">sem</t>
        <t c="er">er</t>
        <t c="fallegt">fallegt</t>
        <t c="og">og</t>
        <t c="sterkt">sterkt</t>
        <t c="í">í</t>
        <t c="karlmannsföt">karlmannsföt</t>
        <t c="fyrir">fyrir</t>
        <t c="15">15</t>
        <t c="kr.">kr.</t>
        <t c="eða">eða</t>
        <t c="4">4</t>
        <t c="metra">metra</t>
        <t c="svart">svart</t>
        <t c=",">,</t>
        <t c="marinblátt">marglátt</t>
        <t c="dökkbrúnt">dökkbrúnt</t>
        <t c="eða">eða</t>
        <t c="grænt">grænt</t>
        <t c="alullar">alullar</t>
        <t c="fínasta">fínasta</t>
        <t c="klæði">klæði</t>
        <t c="í">í</t>
        <t c="kvenkjóla">kvenkjóla</t>
        <t c="fyrir">fyrir</t>
        <t c="10">10</t>
        <t c="kr.">kr.</t>
    </s>
    <s>
        <t c="Ull">Ull</t>
        <t c="er">er</t>
        <t c="tekin">tekin</t>
        <t c="á">á</t>
        <t c="kr">kr</t>
        <t c="1,25">1,25</t>
        <t c="kíló">kíló</t>
        <t c=",">,</t>
        <t c="ullartuskur">ullartuskur</t>
        <t c="50">50</t>
        <t c="au.">au.</t>
        <t c="kíló">kíló</t>
        <t c="í">í</t>
        <t c="skiftum">skiptum</t>
        <t c=".">.</t>
    </s>
    <s>
        <t c="Verzlun">Verslun</t>
        <t c="J.">J.</t>
        <t c="V.">V.</t>
        <t c="Havsteens">Havsteens</t>
        <t c="á">á</t>
        <t c="Oddeyri">Oddeyri</t>
        <t c="kaupir">kaupir</t>
        <t c="í">í</t>
        <t c="alt">allt</t>
        <t c="haust">haust</t>
        <t c="nýjar">nýjar</t>
        <t c="velskotnar">helskotnar</t>
        <t c="RJÚPUR">RJÚPUR</t>
        <t c="með">með</t>
        <t c="hæsta">hæsta</t>
        <t c="verði">verði</t>
        <t c="eins">eins</t>
        <t c="og">og</t>
        <t c="að">að</t>
        <t c="undanförnu">undanförnu</t>
        <t c=",">,</t>
        <t c="mót">mót</t>
        <t c="peningum">peningum</t>
        <t c="og">og</t>
        <t c="vörum">vörum</t>
        <t c="með">með</t>
        <t c="peningaverði">peningaverði</t>
        <t c="og">og</t>
        <t c="upp">upp</t>
        <t c="í">í</t>
        <t c="skuldir">skuldir</t>
        <t c=".">.</t>
    </s>
    <s>
        <t c="Bezt">Best</t>
        <t c="verður">verður</t>
        <t c="gefið">gefið</t>
        <t c="fyrir">fyrir</t>
        <t c="þær">þær</t>
        <t c="frá">frá</t>
        <t c="6.">6.</t>
        <t c="—">—</t>
        <t c="20.">20.</t>
        <t c="október">október</t>
        <t c=",">,</t>
        <t c="og">og</t>
        <t c="svo">svo</t>
        <t c="aftur">aftur</t>
        <t c="frá">frá</t>
        <t c="6.">6.</t>
        <t c="—">—</t>
        <t c="20">20</t>
        <t c=".">.</t>
    </s>
    <s>
        <t c="nóvember">nóvember</t>
        <t c="næstk.">næstk.</t>
        <t c=",">,</t>
        <t c="þegar">þegar</t>
        <t c="Rjúpurnar">Rjúpurnar</t>
        <t c="eru">eru</t>
        <t c="orðnar">orðnar</t>
        <t c="alhvítar">alhvítar</t>
        <t c=".">.</t>
    </s>
    <s>
        <t c="Auglýsing">Auglýsing</t>
        <t c=".">.</t>
    </s>
    <s>
        <t c="Barnaskólinn">Barnaskólinn</t>
        <t c="verður">verður</t>
        <t c="settur">settur</t>
        <t c="þriðjudaginn">þriðjudaginn</t>
        <t c="14.">14.</t>
        <t c="okt.">okt.</t>
        <t c="kl.">kl.</t>
        <t c="12">12</t>
        <t c="á">á</t>
        <t c="hádegi">hádegi</t>
        <t c=".">.</t>
    </s>
    <s>
        <t c="Skólaskyld">Skólaskyldu</t>
        <t c="börn">börn</t>
        <t c="mæti">mæti</t>
        <t c=".">.</t>
    </s>
    <s>
        <t c="Skólagjald">Skólagjald</t>
        <t c="fyrir">fyrir</t>
        <t c="börn">börn</t>
        <t c="yngri">yngri</t>
        <t c="en">en</t>
        <t c="10">10</t>
        <t c="ára">ára</t>
        <t c="er">er</t>
        <t c="2">2</t>
        <t c="kr.">kr.</t>
        <t c="50">50</t>
        <t c="au.">au.</t>
        <t c="á">á</t>
        <t c="mánuði">mánuði</t>
        <t c=".">.</t>
    </s>
    <s>
        <t c="Helmingur">Helmingur</t>
        <t c="gjaldsins">gjaldsins</t>
        <t c="greiðist">greiðist</t>
        <t c="fyrirfram">fyrir fram</t>
        <t c="bæjargjaldkeranum">bæjargjaldkeranum</t>
        <t c=",">,</t>
        <t c="hinn">hinn</t>
        <t c="helmingurinn">helmingurinn</t>
        <t c="fyrir">fyrir</t>
        <t c="1.">1.</t>
        <t c="febr.">febr.</t>
    </s>
    <s>
        <t c="Börnunum">Börnunum</t>
        <t c="er">er</t>
        <t c="gert">gert</t>
        <t c="að">að</t>
        <t c="skyldu">skyldu</t>
        <t c="að">að</t>
        <t c="hafa">hafa</t>
        <t c="með">með</t>
        <t c="sér">sér</t>
        <t c="nærskó">nærst</t>
        <t c="eða">eða</t>
        <t c="utanhafnarskó">utanhafnarskó</t>
        <t c=",">,</t>
        <t c="þegar">þegar</t>
        <t c="tímar">tímar</t>
        <t c="byrja">byrja</t>
        <t c=".">.</t>
    </s>
    <s>
        <t c="Akureyri">Akureyri</t>
        <t c="3.">3.</t>
        <t c="október">október</t>
        <t c="1913">1913</t>
        <t c=".">.</t>
    </s>
    <s>
        <t c="Skólanefndin">Skólanefndin</t>
        <t c=".">.</t>
    </s>
    <s>
        <t c="D.">D.</t>
        <t c="D.">D.</t>
        <t c="P.">P.</t>
        <t c="A.">A.</t>
    </s>
    <s>
        <t c="Akureyri">Akureyri</t>
        <t c=".">.</t>
    </s>
    <s>
        <t c="Skrifstofa">Skrifstofa</t>
        <t c="í">í</t>
        <t c="Strandgötu">Strandgötu</t>
        <t c="23">23</t>
        <t c=".">.</t>
    </s>
    <s>
        <t c="Talsími">Talsími</t>
        <t c="No.">No.</t>
        <t c="96">96</t>
        <t c="Símnefni">Símnefni</t>
        <t c="„">„</t>
        <t c="Petroleum.">Petroleum.</t>
        <t c="“">“</t>
    </s>
    <s>
        <t c="Chocolade">Chocolade</t>
        <t c="og">og</t>
        <t c="Cacoso">Carl</t>
        <t c="verksmiðjan">verksmiðjan</t>
        <t c="„">„</t>
        <t c="SIRIUS">SIRKUS</t>
        <t c="“">“</t>
    </s>
    <s>
        <t c="í">í</t>
        <t c="Fríhöfninni">Fríhöfninni</t>
        <t c="í">í</t>
        <t c="Kaupmannahöfn">Kaupmannahöfn</t>
        <t c="búa">búa</t>
        <t c="til">til</t>
        <t c="hið">hið</t>
        <t c="ágæta">ágæta</t>
        <t c="CONSUM">GONSUM</t>
        <t c="CHOCOLADE">CHOCOLADE</t>
        <t c="Það">Það</t>
        <t c="er">er</t>
        <t c="efalaust">efalaust</t>
        <t c="nr.">nr.</t>
        <t c="1">1</t>
        <t c="gætið">gætið</t>
        <t c="þess">þess</t>
        <t c="að">að</t>
        <t c="vörumerki">vörumerki</t>
        <t c="vort">vort</t>
        <t c="standi">standi</t>
        <t c="á">á</t>
        <t c="pökkunum">pökkunum</t>
        <t c="sem">sem</t>
        <t c="er">er</t>
        <t c="Lögskráð">Lögskráð</t>
        <t c="vörumerki">vörumerki</t>
        <t c=".">.</t>
    </s>
    <s>
        <t c="Magdeborgar">Miðborgar</t>
        <t c="brunabótafélag">brunabótafélag</t>
        <t c="Umboðsmenn">Umboðsmenn</t>
        <t c="fyrir">fyrir</t>
        <t c="Akureyri">Akureyri</t>
        <t c="og">og</t>
        <t c="nærliggjandi">nærliggjandi</t>
        <t c="héruð">héruð</t>
        <t c="eru">eru</t>
        <t c="St.">St.</t>
    </s>
    <s>
        <t c="Sigurðsson">Sigurðsson</t>
        <t c="&amp;">&amp;</t>
        <t c="E.">E.</t>
        <t c="Gunnarsson">Gunnarsson</t>
    </s>
    <s>
        <t c="Hin">Hin</t>
        <t c="nýja">nýja</t>
        <t c="„">„</t>
        <t c="Favorit">Hvort</t>
        <t c="“">“</t>
    </s>
    <s>
        <t c="er">er</t>
        <t c="bezta">besta</t>
        <t c="PRJÓNAVÉLIN">PRJÓNAVÉLIN</t>
        <t c="til">til</t>
        <t c="heimilisnotkunar">heimilisnotkunar</t>
        <t c=".">.</t>
    </s>
    <s>
        <t c="2">2</t>
        <t c="gullmedalíur">gullmedalíur</t>
        <t c="á">á</t>
        <t c="fyrsta">fyrsta</t>
        <t c="ári">ári</t>
        <t c="Kostar">Kostar</t>
        <t c="aðeins">aðeins</t>
        <t c="55">55</t>
        <t c="krónur">krónur</t>
        <t c=".">.</t>
    </s>
    <s>
        <t c="Leiðarvísir">Leiðarvísir</t>
        <t c="á">á</t>
        <t c="íslensku">íslensku</t>
        <t c="fylgir">fylgir</t>
        <t c="hverri">hverri</t>
        <t c="vél">vél</t>
        <t c=".">.</t>
    </s>
    <s>
        <t c="Einkasali">Einkasali</t>
        <t c=":">:</t>
        <t c="Jakob">Jakob</t>
        <t c="Gunnlögsson">Gunnlaugsson</t>
        <t c="Köbenhavn">Köbenhavn</t>
        <t c=",">,</t>
        <t c="K.">K.</t>
    </s>
    <s>
        <t c="Islandsk">Islandsk</t>
        <t c="Kompagni">Kompagni</t>
        <t c="Aktieselskab">Aktieselskab</t>
        <t c=".">.</t>
    </s>
    <s>
        <t c="Direktör">Drekar</t>
        <t c="Jörgen">Jörgen</t>
        <t c="Hansen">Hansen</t>
        <t c="Brolæggerstræde">Brolæggerstræde</t>
        <t c="14">14</t>
        <t c=".">.</t>
    </s>
    <s>
        <t c="Köbenhavn">Köbenhavn</t>
        <t c=".">.</t>
    </s>
    <s>
        <t c="Köb">Köf</t>
        <t c="og">og</t>
        <t c="salg">sal</t>
        <t c="af">af</t>
        <t c="Islandske">Islandske</t>
        <t c="Produkter">Produkter</t>
        <t c=".">.</t>
    </s>
    <s>
        <t c="Nýsilfurbúin">Silfurbúin</t>
        <t c="svipa">svipa</t>
        <t c="merkt">merkt</t>
        <t c=":">:</t>
        <t c="VILH">VIL</t>
        <t c=".">.</t>
    </s>
    <s>
        <t c="tapaðist">tapaðist</t>
        <t c="á">á</t>
        <t c="Akureyri">Akureyri</t>
        <t c="9.">9.</t>
        <t c="ág.">ág.</t>
    </s>
    <s>
        <t c="s.">s.</t>
        <t c="l.">l.</t>
    </s>
    <s>
        <t c="Finnandi">Finnandi</t>
        <t c="skili">skili</t>
        <t c="á">á</t>
        <t c="prentsmiðju">prentsmiðju</t>
        <t c="Norðra">Norðra</t>
        <t c="gegn">gegn</t>
        <t c="sanngjörnum">sanngjörnum</t>
        <t c="fundarlaunum">fundarlaunum</t>
        <t c=".">.</t>
    </s>
    <s>
        <t c="Útgefandi">Útgefandi</t>
        <t c="og">og</t>
        <t c="prentari">prentari</t>
        <t c="Björn">Björn</t>
        <t c="Jónsson">Jónsson</t>
        <t c=".">.</t>
    </s>
</document>
