<?xml version="1.0" ?>
<document>
    <s>
        <t c="NÝ">NÝ</t>
        <t c="TÍÐINDI">TÍÐINDI</t>
        <t c="4.">4.</t>
        <t c="bl.">bl.</t>
    </s>
    <s>
        <t c="30.">30.</t>
        <t c="d.">d.</t>
        <t c="janúarmánaðar">janúarmánaðar</t>
        <t c="1852">1852</t>
        <t c=".">.</t>
    </s>
    <s>
        <t c="Leiðrjettingar">Leiðréttingar</t>
        <t c=":">:</t>
        <t c="9.">9.</t>
        <t c="bls.">bls.</t>
        <t c="2.">2.</t>
        <t c="l.">l.</t>
        <t c="a.">a.</t>
        <t c="o.">o.</t>
        <t c="1851">1851</t>
        <t c="les">les</t>
        <t c=":">:</t>
        <t c="1852">1852</t>
        <t c=".">.</t>
    </s>
    <s>
        <t c="Í">Í</t>
        <t c="augl.">augl.</t>
    </s>
    <s>
        <t c="J.">J.</t>
        <t c="Árnasonar">Árnasonar</t>
        <t c="á">á</t>
        <t c="12.">12.</t>
        <t c="bls.">bls.</t>
    </s>
    <s>
        <t c="11.">11.</t>
        <t c="l.">l.</t>
        <t c="a.">a.</t>
        <t c="n.">n.</t>
        <t c="í">í</t>
        <t c="2.">2.</t>
        <t c="dálki">dálki</t>
        <t c="stendur">stendur</t>
        <t c="í">í</t>
        <t c="sumum">sumum</t>
        <t c="blöðunum">blöðunum</t>
        <t c="júlímánaðar">júlímánaðar</t>
        <t c="fyrir">fyrir</t>
        <t c="júnímánaðar">júnímánaðar</t>
        <t c=".">.</t>
    </s>
    <s>
        <t c="Frjettir">Fréttir</t>
        <t c=".">.</t>
    </s>
    <s>
        <t c="Danmörk">Danmörk</t>
        <t c=".">.</t>
    </s>
    <s>
        <t c="Með">Með</t>
        <t c="póstskipinu">póstskipinu</t>
        <t c="höfum">höfum</t>
        <t c="vjer">vér</t>
        <t c="nú">nú</t>
        <t c="fengið">fengið</t>
        <t c="fregnir">fregnir</t>
        <t c="og">og</t>
        <t c="blöð">blöð</t>
        <t c="frá">frá</t>
        <t c="Danmörku">Danmörku</t>
        <t c="fram">fram</t>
        <t c="undir">undir</t>
        <t c="jól">jól</t>
        <t c=",">,</t>
        <t c="og">og</t>
        <t c="er">er</t>
        <t c="þaðan">þaðan</t>
        <t c="yfir">yfir</t>
        <t c="höfuð">höfuð</t>
        <t c="ekkert">ekkert</t>
        <t c="að">að</t>
        <t c="heyra">heyra</t>
        <t c=",">,</t>
        <t c="nema">nema</t>
        <t c="frið">frið</t>
        <t c="og">og</t>
        <t c="spekt">spekt</t>
        <t c="á">á</t>
        <t c="öllu">öllu</t>
        <t c=".">.</t>
    </s>
    <s>
        <t c="Bardenfleth">Bardenfleth</t>
        <t c=",">,</t>
        <t c="sem">sem</t>
        <t c="fór">fór</t>
        <t c="frá">frá</t>
        <t c="ráðgjafaembættinu">ráðgjafaembættinu</t>
        <t c="og">og</t>
        <t c="tók">tók</t>
        <t c="við">við</t>
        <t c="umsjón">umsjón</t>
        <t c="á">á</t>
        <t c="Suðurjótlandi">Suðurjótlandi</t>
        <t c=",">,</t>
        <t c="hefur">hefur</t>
        <t c="tekið">tekið</t>
        <t c="hollustueið">hollustueið</t>
        <t c="af">af</t>
        <t c="Holtsetalandsmönnum">Holtsetalandsmönnum</t>
        <t c=",">,</t>
        <t c="og">og</t>
        <t c="fór">fór</t>
        <t c="það">það</t>
        <t c="allt">allt</t>
        <t c="friðsamlega">friðsamlega</t>
        <t c="fram">fram</t>
        <t c=".">.</t>
    </s>
    <s>
        <t c="Vjer">Vér</t>
        <t c="höfum">höfum</t>
        <t c="og">og</t>
        <t c="ekki">ekki</t>
        <t c="heyrt">heyrt</t>
        <t c="annað">annað</t>
        <t c=",">,</t>
        <t c="en">en</t>
        <t c="að">að</t>
        <t c="hertogadæmin">hertogadæmin</t>
        <t c="væru">væru</t>
        <t c="ánægð">ánægð</t>
        <t c="með">með</t>
        <t c="stjórn">stjórn</t>
        <t c="hans">hans</t>
        <t c="og">og</t>
        <t c="umráð">umráð</t>
        <t c=".">.</t>
    </s>
    <s>
        <t c="Prófessor">Prófessor</t>
        <t c="Madvig">Mati</t>
        <t c="hefur">hefur</t>
        <t c="fengið">fengið</t>
        <t c="allranáðugasta">allranáðugasta</t>
        <t c="lausn">lausn</t>
        <t c="frá">frá</t>
        <t c="ráðherraembættinu">ráðherraembættinu</t>
        <t c=",">,</t>
        <t c="og">og</t>
        <t c="er">er</t>
        <t c="etatsráð">etatsráð</t>
        <t c="P.">P.</t>
        <t c="G.">G.</t>
        <t c="Bang">Bang</t>
        <t c="settur">settur</t>
        <t c="fyrst">fyrst</t>
        <t c="um">um</t>
        <t c="sinn">sinn</t>
        <t c="í">í</t>
        <t c="stað">stað</t>
        <t c="hans">hans</t>
        <t c=".">.</t>
    </s>
    <s>
        <t c="Ekki">Ekki</t>
        <t c="höfum">höfum</t>
        <t c="vjer">vér</t>
        <t c="heyrt">heyrt</t>
        <t c="annars">annars</t>
        <t c="getið">getið</t>
        <t c=",">,</t>
        <t c="en">en</t>
        <t c="að">að</t>
        <t c="ríkisþing">ríkisþing</t>
        <t c="Dana">Dana</t>
        <t c="(">(</t>
        <t c="Rigsdagen">Rindann</t>
        <t c=")">)</t>
        <t c="hafi">hafi</t>
        <t c="tálmunarlaust">tálmunarlaust</t>
        <t c="haldið">haldið</t>
        <t c="á">á</t>
        <t c="fram">fram</t>
        <t c="störfum">störfum</t>
        <t c="sínum">sínum</t>
        <t c=".">.</t>
    </s>
    <s>
        <t c="Konungur">Konungur</t>
        <t c="hafði">hafði</t>
        <t c="raunar">raunar</t>
        <t c="látið">látið</t>
        <t c="þá">þá</t>
        <t c="von">von</t>
        <t c="sína">sína</t>
        <t c="í">í</t>
        <t c="ljósi">ljósi</t>
        <t c=",">,</t>
        <t c="þegar">þegar</t>
        <t c="hann">hann</t>
        <t c="setti">setti</t>
        <t c="þingið">þingið</t>
        <t c=",">,</t>
        <t c="að">að</t>
        <t c="í">í</t>
        <t c="þetta">þetta</t>
        <t c="sinni">sinni</t>
        <t c="myndi">myndi</t>
        <t c="ekki">ekki</t>
        <t c="þurfa">þurfa</t>
        <t c="að">að</t>
        <t c="lengja">lengja</t>
        <t c="þingtímann">þingtímann</t>
        <t c=",">,</t>
        <t c="en">en</t>
        <t c="þó">þó</t>
        <t c="hefur">hefur</t>
        <t c="hann">hann</t>
        <t c="nú">nú</t>
        <t c=",">,</t>
        <t c="að">að</t>
        <t c="bón">bón</t>
        <t c="þess">þess</t>
        <t c=",">,</t>
        <t c="leyft">leyft</t>
        <t c="því">því</t>
        <t c="að">að</t>
        <t c="sitja">sitja</t>
        <t c="lengur">lengur</t>
        <t c=",">,</t>
        <t c="en">en</t>
        <t c="hina">hina</t>
        <t c="ákveðnu">ákveðnu</t>
        <t c="2">2</t>
        <t c="mánuði">mánuði</t>
        <t c=";">;</t>
        <t c="þar">þar</t>
        <t c="eð">eð</t>
        <t c="þingið">þingið</t>
        <t c="þurfti">þurfti</t>
        <t c="þess">þess</t>
        <t c="með">með</t>
        <t c="vegna">vegna</t>
        <t c="málefna">málefna</t>
        <t c="þeirra">þeirra</t>
        <t c=",">,</t>
        <t c="sem">sem</t>
        <t c="þar">þar</t>
        <t c="áttu">áttu</t>
        <t c="að">að</t>
        <t c="verða">verða</t>
        <t c="rædd">rædd</t>
        <t c=".">.</t>
    </s>
    <s>
        <t c="Við">Við</t>
        <t c="víkjandi">víkjandi</t>
        <t c="Íslandi">Íslandi</t>
        <t c="hefur">hefur</t>
        <t c="þar">þar</t>
        <t c="fátt">fátt</t>
        <t c="verið">verið</t>
        <t c="rætt">rætt</t>
        <t c=",">,</t>
        <t c="en">en</t>
        <t c="þó">þó</t>
        <t c="skulum">skulum</t>
        <t c="vjer">vér</t>
        <t c="geta">geta</t>
        <t c="þess">þess</t>
        <t c=",">,</t>
        <t c="sem">sem</t>
        <t c="vjer">vér</t>
        <t c="höfum">höfum</t>
        <t c="sjeð">séð</t>
        <t c="um">um</t>
        <t c="það">það</t>
        <t c="í">í</t>
        <t c="Berlingatíðindum">Berlingatíðindum</t>
        <t c=".">.</t>
    </s>
    <s>
        <t c="Nefndin">Nefndin</t>
        <t c=",">,</t>
        <t c="sem">sem</t>
        <t c="sett">sett</t>
        <t c="var">var</t>
        <t c="til">til</t>
        <t c="þess">þess</t>
        <t c="að">að</t>
        <t c="endurskoða">endurskoða</t>
        <t c="reikningsáætlun">reikningsáætlun</t>
        <t c="ríkisins">ríkisins</t>
        <t c=",">,</t>
        <t c="sem">sem</t>
        <t c="innanríkisráðherrann">innanríkisráðherrann</t>
        <t c="hafði">hafði</t>
        <t c="búið">búið</t>
        <t c="til">til</t>
        <t c=",">,</t>
        <t c="stakk">stakk</t>
        <t c="upp">upp</t>
        <t c="á">á</t>
        <t c="ýmsum">ýmsum</t>
        <t c="breytingum">breytingum</t>
        <t c="í">í</t>
        <t c="henni">henni</t>
        <t c=",">,</t>
        <t c="svo">svo</t>
        <t c="að">að</t>
        <t c="aðalsamtala">aðalsætta</t>
        <t c="útgjaldanna">útgjaldanna</t>
        <t c=",">,</t>
        <t c="sem">sem</t>
        <t c="í">í</t>
        <t c="áætlaninni">áætluninni</t>
        <t c="var">var</t>
        <t c="1,046,128">1,046,128</t>
        <t c="rbdd.">rbdd.</t>
        <t c=",">,</t>
        <t c="varð">varð</t>
        <t c="hjá">hjá</t>
        <t c="henni">henni</t>
        <t c="hjer">hér</t>
        <t c="um">um</t>
        <t c="bil">bil</t>
        <t c="62,000">62,000</t>
        <t c="rbdd.">rbdd.</t>
    </s>
    <s>
        <t c="minni">minni</t>
        <t c=".">.</t>
    </s>
    <s>
        <t c="Víð">Víð</t>
        <t c="víkjandi">víkjandi</t>
        <t c="Íslandi">Íslandi</t>
        <t c="hafði">hafði</t>
        <t c="innanríkisráðherrann">innanríkisráðherrann</t>
        <t c="meðal">meðal</t>
        <t c="annars">annars</t>
        <t c="farið">farið</t>
        <t c="því">því</t>
        <t c="á">á</t>
        <t c="flot">flot</t>
        <t c=",">,</t>
        <t c="að">að</t>
        <t c="foringja">foringja</t>
        <t c="hinnar">hinnar</t>
        <t c="íslenzku">íslensku</t>
        <t c="stjórnardeildar">stjórnardeildar</t>
        <t c="(">(</t>
        <t c="Departementschef">Departementschef</t>
        <t c=")">)</t>
        <t c="væri">væri</t>
        <t c="veitt">veitt</t>
        <t c="400">400</t>
        <t c="rbdd.">rbdd.</t>
        <t c="launaviðbót">launaviðbót</t>
        <t c=",">,</t>
        <t c="en">en</t>
        <t c="nefndin">nefndin</t>
        <t c="fór">fór</t>
        <t c="því">því</t>
        <t c="fram">fram</t>
        <t c=",">,</t>
        <t c="að">að</t>
        <t c="stjórnardeild">stjórnardeild</t>
        <t c="þessi">þessi</t>
        <t c="yrði">yrði</t>
        <t c="afmáð">afmáð</t>
        <t c="með">með</t>
        <t c="öllu">öllu</t>
        <t c=",">,</t>
        <t c="svo">svo</t>
        <t c="að">að</t>
        <t c="þar">þar</t>
        <t c="með">með</t>
        <t c="yrðu">yrðu</t>
        <t c="sparaðir">sparaðir</t>
        <t c="2400">2400</t>
        <t c="rbdd.">rbdd.</t>
        <t c=",">,</t>
        <t c="sem">sem</t>
        <t c="áætlanin">áætlunin</t>
        <t c="reiknaði">reiknaði</t>
        <t c="deild">deild</t>
        <t c="þessari">þessari</t>
        <t c=".">.</t>
    </s>
    <s>
        <t c="Um">Um</t>
        <t c="þetta">þetta</t>
        <t c="urðu">urðu</t>
        <t c="ætlanir">ætlanir</t>
        <t c="manna">manna</t>
        <t c="á">á</t>
        <t c="þinginu">þinginu</t>
        <t c="tvískiptar">tvískiptar</t>
        <t c=",">,</t>
        <t c="og">og</t>
        <t c="þegar">þegar</t>
        <t c="atkvæði">atkvæði</t>
        <t c="voru">voru</t>
        <t c="greidd">greidd</t>
        <t c="(">(</t>
        <t c="sem">sem</t>
        <t c="gjört">gjört</t>
        <t c="var">var</t>
        <t c="með">með</t>
        <t c="nafnakalli">nafnakalli</t>
        <t c=")">)</t>
        <t c=",">,</t>
        <t c="þá">þá</t>
        <t c="urðu">urðu</t>
        <t c="43">43</t>
        <t c="atkvæði">atkvæði</t>
        <t c="með">með</t>
        <t c="uppástungu">uppástungu</t>
        <t c="nefndarinnar">nefndarinnar</t>
        <t c=",">,</t>
        <t c="en">en</t>
        <t c="39">39</t>
        <t c="móti">móti</t>
        <t c=".">.</t>
    </s>
    <s>
        <t c="Innanríkisráðherrann">Innanríkisráðherrann</t>
        <t c="hafði">hafði</t>
        <t c="raunar">raunar</t>
        <t c="tekið">tekið</t>
        <t c="það">það</t>
        <t c="skýlaust">skýlaust</t>
        <t c="fram">fram</t>
        <t c=",">,</t>
        <t c="að">að</t>
        <t c="þessi">þessi</t>
        <t c="stjórnardeild">stjórnardeild</t>
        <t c="mætti">mætti</t>
        <t c="alls">alls</t>
        <t c="ekki">ekki</t>
        <t c="missast">massast</t>
        <t c=",">,</t>
        <t c="afgreiðslu">afgreiðslu</t>
        <t c="málefnanna">málefnanna</t>
        <t c="hlyti">hlyti</t>
        <t c="að">að</t>
        <t c="seinka">seinka</t>
        <t c="ef">ef</t>
        <t c="hennar">hennar</t>
        <t c="missti">missti</t>
        <t c="við">við</t>
        <t c=",">,</t>
        <t c="og">og</t>
        <t c="einkum">einkum</t>
        <t c="yrði">yrði</t>
        <t c="hin">hin</t>
        <t c="íslenzka">íslenska</t>
        <t c="stjórnardeild">stjórnardeild</t>
        <t c="fyrir">fyrir</t>
        <t c="halla">halla</t>
        <t c=",">,</t>
        <t c="ef">ef</t>
        <t c="ekki">ekki</t>
        <t c="væri">væri</t>
        <t c="dugandis">dugandis</t>
        <t c="maður">maður</t>
        <t c="foringi">foringi</t>
        <t c="hennar">hennar</t>
        <t c=".">.</t>
    </s>
    <s>
        <t c="Hann">Hann</t>
        <t c="hefur">hefur</t>
        <t c="og">og</t>
        <t c="tekið">tekið</t>
        <t c="það">það</t>
        <t c="fram">fram</t>
        <t c=",">,</t>
        <t c="að">að</t>
        <t c="þetta">þetta</t>
        <t c="væri">væri</t>
        <t c="harla">harla</t>
        <t c="ísjárvert">ísjárvert</t>
        <t c=",">,</t>
        <t c="þar">þar</t>
        <t c="sem">sem</t>
        <t c="að">að</t>
        <t c="þau">þau</t>
        <t c="málefni">málefni</t>
        <t c="kæmu">kæmu</t>
        <t c="opt">oft</t>
        <t c="til">til</t>
        <t c="þessarar">þessarar</t>
        <t c="stjórnardeildar">stjórnardeildar</t>
        <t c=",">,</t>
        <t c="sem">sem</t>
        <t c="ráðherrann">ráðherrann</t>
        <t c="bæri">bæri</t>
        <t c="sjálfur">sjálfur</t>
        <t c="ekki">ekki</t>
        <t c="nægilegt">nægilegt</t>
        <t c="skyn">skyn</t>
        <t c="á">á</t>
        <t c=",">,</t>
        <t c="og">og</t>
        <t c="að">að</t>
        <t c="ef">ef</t>
        <t c="uppástunga">uppástunga</t>
        <t c="nefndarinnar">nefndarinnar</t>
        <t c="fengi">fengi</t>
        <t c="framgang">framgang</t>
        <t c=",">,</t>
        <t c="þá">þá</t>
        <t c="gæti">gæti</t>
        <t c="hann">hann</t>
        <t c="ekki">ekki</t>
        <t c="ábyrgzt">ábyrgst</t>
        <t c="að">að</t>
        <t c="afgreiðsla">afgreiðsla</t>
        <t c="málefnanna">málefnanna</t>
        <t c="geti">geti</t>
        <t c="gengið">gengið</t>
        <t c="jafn">jafn</t>
        <t c="fljótt">fljótt</t>
        <t c="eða">eða</t>
        <t c="jafn">jafn</t>
        <t c="vel">vel</t>
        <t c="og">og</t>
        <t c="ella">ella</t>
        <t c=".">.</t>
    </s>
    <s>
        <t c="B.">B.</t>
        <t c="Christensen">Christensen</t>
        <t c="hjelt">hélt</t>
        <t c="að">að</t>
        <t c="þegar">þegar</t>
        <t c="búið">búið</t>
        <t c="væri">væri</t>
        <t c="að">að</t>
        <t c="koma">koma</t>
        <t c="á">á</t>
        <t c="góðri">góðri</t>
        <t c="hjeraðsstjórn">héraðsstjórn</t>
        <t c="á">á</t>
        <t c="Íslandi">Íslandi</t>
        <t c=",">,</t>
        <t c="þá">þá</t>
        <t c="myndi">myndi</t>
        <t c="afgreiðslu">afgreiðslu</t>
        <t c="málefnanna">málefnanna</t>
        <t c="verða">verða</t>
        <t c="borgið">borgið</t>
        <t c=".">.</t>
    </s>
    <s>
        <t c="—">—</t>
        <t c="Krieger">Krieger</t>
        <t c="sagðist">sagðist</t>
        <t c="vera">vera</t>
        <t c="sannfærður">sannfærður</t>
        <t c="um">um</t>
        <t c=",">,</t>
        <t c="að">að</t>
        <t c="það">það</t>
        <t c="væri">væri</t>
        <t c="„">„</t>
        <t c="óforsvaranlegt">óforsvaranlegt</t>
        <t c="&quot;">&quot;</t>
        <t c=",">,</t>
        <t c="að">að</t>
        <t c="taka">taka</t>
        <t c="hina">hina</t>
        <t c="ísl.">ísl.</t>
        <t c="stjórnardeild">stjórnardeild</t>
        <t c="af">af</t>
        <t c=".">.</t>
    </s>
    <s>
        <t c="Hann">Hann</t>
        <t c="játar">játar</t>
        <t c="raunar">raunar</t>
        <t c=",">,</t>
        <t c="að">að</t>
        <t c="þegar">þegar</t>
        <t c="hin">hin</t>
        <t c="innlenda">innlenda</t>
        <t c="stjórn">stjórn</t>
        <t c="á">á</t>
        <t c="Íslandi">Íslandi</t>
        <t c="sje">sé</t>
        <t c="komin">komin</t>
        <t c="í">í</t>
        <t c="betra">betra</t>
        <t c="horf">horf</t>
        <t c=",">,</t>
        <t c="þá">þá</t>
        <t c="kunni">kunni</t>
        <t c="deild">deild</t>
        <t c="þessi">þessi</t>
        <t c=",">,</t>
        <t c="að">að</t>
        <t c="verða">verða</t>
        <t c="miður">miður</t>
        <t c="áríðandi">áríðandi</t>
        <t c=",">,</t>
        <t c="en">en</t>
        <t c="eins">eins</t>
        <t c="og">og</t>
        <t c="nú">nú</t>
        <t c="er">er</t>
        <t c="ástatt">ástatt</t>
        <t c=",">,</t>
        <t c="þykir">þykir</t>
        <t c="honum">honum</t>
        <t c="slik">slík</t>
        <t c="bót">bót</t>
        <t c="ekki">ekki</t>
        <t c="sjen">sén</t>
        <t c=",">,</t>
        <t c="þar">þar</t>
        <t c="sem">sem</t>
        <t c="hin">hin</t>
        <t c="síðasta">síðasta</t>
        <t c="tilraun">tilraun</t>
        <t c="til">til</t>
        <t c="hennar">hennar</t>
        <t c="hafi">hafi</t>
        <t c="mistekizt">mistekist</t>
        <t c=",">,</t>
        <t c="eins">eins</t>
        <t c="og">og</t>
        <t c="þeir">þeir</t>
        <t c="viti">viti</t>
        <t c="allir">allir</t>
        <t c=".">.</t>
    </s>
    <s>
        <t c="—">—</t>
        <t c="Að">Að</t>
        <t c="lyktum">lyktum</t>
        <t c="ámálgaði">ámálgaði</t>
        <t c="innanríkisráðherrann">innanríkisráðherrann</t>
        <t c="það">það</t>
        <t c="fyrir">fyrir</t>
        <t c="þinginu">þinginu</t>
        <t c=",">,</t>
        <t c="að">að</t>
        <t c="það">það</t>
        <t c="væri">væri</t>
        <t c="mjög">mjög</t>
        <t c="áríðandi">áríðandi</t>
        <t c=",">,</t>
        <t c="að">að</t>
        <t c="búa">búa</t>
        <t c="ráðgjafana">ráðgjafana</t>
        <t c="svo">svo</t>
        <t c="að">að</t>
        <t c="launum">launum</t>
        <t c="og">og</t>
        <t c="aðstoðarmönnum">aðstoðarmönnum</t>
        <t c=",">,</t>
        <t c="að">að</t>
        <t c="þeir">þeir</t>
        <t c="gætu">gætu</t>
        <t c="gjört">gjört</t>
    </s>
    <s>
        <t c="starfa">starfa</t>
        <t c="sinn">sinn</t>
        <t c="af">af</t>
        <t c="list">list</t>
        <t c=",">,</t>
        <t c="og">og</t>
        <t c="þyrftu">þyrftu</t>
        <t c="ekki">ekki</t>
        <t c="neinna">neinna</t>
        <t c="aukaverka">aukaverka</t>
        <t c="við">við</t>
        <t c="til">til</t>
        <t c="þess">þess</t>
        <t c=",">,</t>
        <t c="að">að</t>
        <t c="geta">geta</t>
        <t c="haft">haft</t>
        <t c="ríflega">ríflega</t>
        <t c="fyrir">fyrir</t>
        <t c="sig">sig</t>
        <t c=".">.</t>
    </s>
    <s>
        <t c="Hann">Hann</t>
        <t c="kvaðst">kvaðst</t>
        <t c="því">því</t>
        <t c="verða">verða</t>
        <t c=",">,</t>
        <t c="að">að</t>
        <t c="mæla">mæla</t>
        <t c="fram">fram</t>
        <t c="með">með</t>
        <t c="því">því</t>
        <t c="sterklega">sterklega</t>
        <t c=",">,</t>
        <t c="að">að</t>
        <t c="þingið">þingið</t>
        <t c="samþykkti">samþykkti</t>
        <t c="launaviðbót">launaviðbót</t>
        <t c="þá">þá</t>
        <t c=",">,</t>
        <t c="sem">sem</t>
        <t c="hann">hann</t>
        <t c="hefði">hefði</t>
        <t c="farið">farið</t>
        <t c="fram">fram</t>
        <t c="á">á</t>
        <t c="handa">handa</t>
        <t c="fyrirliða">fyrirliða</t>
        <t c="hinnar">hinnar</t>
        <t c="4.">4.</t>
        <t c="stjórnardeildar">stjórnardeildar</t>
        <t c="(">(</t>
        <t c="þ.">þ.</t>
        <t c="e.">e.</t>
    </s>
    <s>
        <t c="hinnar">hinnar</t>
        <t c="íslenzku">íslensku</t>
        <t c=")">)</t>
        <t c=".">.</t>
    </s>
    <s>
        <t c="Berlingatíðindi">Berlingatíðindi</t>
        <t c="láta">láta</t>
        <t c="þá">þá</t>
        <t c="von">von</t>
        <t c="sína">sína</t>
        <t c="í">í</t>
        <t c="ljósi">ljósi</t>
        <t c=",">,</t>
        <t c="að">að</t>
        <t c="uppástunga">uppástunga</t>
        <t c="ráðherrans">ráðherrans</t>
        <t c="muni">muni</t>
        <t c="fá">fá</t>
        <t c="framgang">framgang</t>
        <t c="við">við</t>
        <t c="3.">3.</t>
        <t c="umræðu">umræðu</t>
        <t c=".">.</t>
    </s>
    <s>
        <t c="Þau">Þau</t>
        <t c="taka">taka</t>
        <t c="það">það</t>
        <t c="fram">fram</t>
        <t c=",">,</t>
        <t c="að">að</t>
        <t c="það">það</t>
        <t c="sje">sé</t>
        <t c="auðsjeð">auðséð</t>
        <t c=",">,</t>
        <t c="að">að</t>
        <t c="í">í</t>
        <t c="ágreiningi">ágreiningi</t>
        <t c="þessum">þessum</t>
        <t c="sje">sé</t>
        <t c="engin">engin</t>
        <t c="hlutdrægni">hlutdrægni</t>
        <t c=".">.</t>
    </s>
    <s>
        <t c="Meðal">Meðal</t>
        <t c="þeirra">þeirra</t>
        <t c=",">,</t>
        <t c="sem">sem</t>
        <t c="ekki">ekki</t>
        <t c="voru">voru</t>
        <t c="á">á</t>
        <t c="fundi">fundi</t>
        <t c="við">við</t>
        <t c="2">2</t>
        <t c=",">,</t>
        <t c="umræðu">umræðu</t>
        <t c="máls">máls</t>
        <t c="þessa">þessa</t>
        <t c=",">,</t>
        <t c="voru">voru</t>
        <t c="Davíð">Davíð</t>
        <t c=",">,</t>
        <t c="Grundtvig">Grundtvig</t>
        <t c=",">,</t>
        <t c="Tscherning">Ógerning</t>
        <t c="og">og</t>
        <t c="Sponneck">Sponnu</t>
        <t c=".">.</t>
    </s>
    <s>
        <t c="Þegar">Þegar</t>
        <t c="nefndin">nefndin</t>
        <t c="sá">sá</t>
        <t c="þann">þann</t>
        <t c="kostnað">kostnað</t>
        <t c="(">(</t>
        <t c="2,015">2,015</t>
        <t c="rbdd.">rbdd.</t>
        <t c=")">)</t>
        <t c=",">,</t>
        <t c="sem">sem</t>
        <t c="áætlunin">áætlunin</t>
        <t c="taldi">taldi</t>
        <t c="til">til</t>
        <t c="umbættra">umbættra</t>
        <t c="og">og</t>
        <t c="betri">betri</t>
        <t c="póstganga">póstganga</t>
        <t c="á">á</t>
        <t c="milli">milli</t>
        <t c="Íslands">Íslands</t>
        <t c="og">og</t>
        <t c="Danmerkur">Danmerkur</t>
        <t c=",">,</t>
        <t c="þá">þá</t>
        <t c="gjörði">gjörði</t>
        <t c="hún">hún</t>
        <t c="þá">þá</t>
        <t c="athugasemd">athugasemd</t>
        <t c=",">,</t>
        <t c="„">„</t>
        <t c="að">að</t>
        <t c="það">það</t>
        <t c="yrði">yrði</t>
        <t c="að">að</t>
        <t c="athugast">athugast</t>
        <t c=",">,</t>
        <t c="hvort">hvort</t>
        <t c="ekki">ekki</t>
        <t c="bæri">bæri</t>
        <t c="að">að</t>
        <t c="reyna">reyna</t>
        <t c="að">að</t>
        <t c="koma">koma</t>
        <t c="á">á</t>
        <t c="gufuskipsferð">gufuskipsferð</t>
        <t c="á">á</t>
        <t c="milli">milli</t>
        <t c="íslands">íslands</t>
        <t c=",">,</t>
        <t c="Færeyja">Færeyja</t>
        <t c="og">og</t>
        <t c="Danmerkur">Danmerkur</t>
        <t c="&quot;">&quot;</t>
        <t c=".">.</t>
    </s>
    <s>
        <t c="Þá">Þá</t>
        <t c="varð">varð</t>
        <t c="og">og</t>
        <t c="umtal">umtal</t>
        <t c="á">á</t>
        <t c="þinginu">þinginu</t>
        <t c="út">út</t>
        <t c="úr">úr</t>
        <t c="200">200</t>
        <t c="rbdd.">rbdd.</t>
        <t c="launaviðbót">launaviðbót</t>
        <t c="handa">handa</t>
        <t c="hinum">hinum</t>
        <t c="nýja">nýja</t>
        <t c="rektor">rektor</t>
        <t c="við">við</t>
        <t c="hinn">hinn</t>
        <t c="lærða">lærða</t>
        <t c="skóla">skóla</t>
        <t c="í">í</t>
        <t c="Reykjavík">Reykjavík</t>
        <t c=".">.</t>
    </s>
    <s>
        <t c="Í">Í</t>
        <t c="athugasemdunum">athugasemdunum</t>
        <t c="við">við</t>
        <t c="áætlunina">áætlunina</t>
        <t c="var">var</t>
        <t c="það">það</t>
        <t c="tekið">tekið</t>
        <t c="fram">fram</t>
        <t c=",">,</t>
        <t c="að">að</t>
        <t c="það">það</t>
        <t c="væri">væri</t>
        <t c="rjett">rétt</t>
        <t c=",">,</t>
        <t c="að">að</t>
        <t c="þessi">þessi</t>
        <t c="rektor">rektor</t>
        <t c="hefði">hefði</t>
        <t c="sömu">sömu</t>
        <t c="laun">laun</t>
        <t c="og">og</t>
        <t c="hinir">hinir</t>
        <t c="yngstu">yngstu</t>
        <t c="embættisbræður">embættisbræður</t>
        <t c="hans">hans</t>
        <t c="í">í</t>
        <t c="Danmörku">Danmörku</t>
        <t c=".">.</t>
    </s>
    <s>
        <t c="Samt">Samt</t>
        <t c="sem">sem</t>
        <t c="áður">áður</t>
        <t c="vildi">vildi</t>
        <t c="nefndin">nefndin</t>
        <t c="ekki">ekki</t>
        <t c="fallast">fallast</t>
        <t c="á">á</t>
        <t c="það">það</t>
        <t c=".">.</t>
    </s>
    <s>
        <t c="En">En</t>
        <t c="ráðherrann">ráðherrann</t>
        <t c="fyrir">fyrir</t>
        <t c="kirkju-">kirkju-</t>
        <t c="og">og</t>
        <t c="skólamálunum">skólamálunum</t>
        <t c="sýndi">sýndi</t>
        <t c="þinginu">þinginu</t>
        <t c="fram">fram</t>
        <t c="á">á</t>
        <t c=",">,</t>
        <t c="hversu">hversu</t>
        <t c="það">það</t>
        <t c="væri">væri</t>
        <t c="áríðandi">áríðandi</t>
        <t c=",">,</t>
        <t c="að">að</t>
        <t c="geta">geta</t>
        <t c="haldið">haldið</t>
        <t c="svo">svo</t>
        <t c="ágætum">ágætum</t>
        <t c="manni">manni</t>
        <t c="á">á</t>
        <t c="Íslandi">Íslandi</t>
        <t c=",">,</t>
        <t c="og">og</t>
        <t c="að">að</t>
        <t c="Danir">Danir</t>
        <t c="myndu">myndu</t>
        <t c="þó">þó</t>
        <t c="alls">alls</t>
        <t c="ekki">ekki</t>
        <t c="geta">geta</t>
        <t c="neitað">neitað</t>
        <t c="slikum">slíkum</t>
        <t c="dugandismanni">dugandismanni</t>
        <t c="um">um</t>
        <t c="rektorsembætti">rektorsembætti</t>
        <t c="hjá">hjá</t>
        <t c="sjer">sér</t>
        <t c="ef">ef</t>
        <t c="hann">hann</t>
        <t c="sætti">sætti</t>
        <t c="um">um</t>
        <t c="það">það</t>
        <t c=".">.</t>
    </s>
    <s>
        <t c="Hjerrild">Veröld</t>
        <t c="sagði">sagði</t>
        <t c="því">því</t>
        <t c="næst">næst</t>
        <t c="greinilega">greinilega</t>
        <t c="frá">frá</t>
        <t c="efnahag">efnahag</t>
        <t c="þessa">þessa</t>
        <t c="manns">manns</t>
        <t c=",">,</t>
        <t c="og">og</t>
        <t c="áleit">áleit</t>
        <t c="það">það</t>
        <t c="jafn">jafn</t>
        <t c="vel">vel</t>
        <t c="skaða">skaða</t>
        <t c="fyrir">fyrir</t>
        <t c="hann">hann</t>
        <t c=",">,</t>
        <t c="að">að</t>
        <t c="hafa">hafa</t>
        <t c="farið">farið</t>
        <t c="til">til</t>
        <t c="Íslands">Íslands</t>
        <t c=".">.</t>
    </s>
    <s>
        <t c="Þá">Þá</t>
        <t c="mælti">mælti</t>
        <t c="Tscherning">Ógerning</t>
        <t c="í">í</t>
        <t c="fám">fám</t>
        <t c="orðum">orðum</t>
        <t c="móti">móti</t>
        <t c="launaviðbót">launaviðbót</t>
        <t c="þessari">þessari</t>
        <t c=",">,</t>
        <t c="en">en</t>
        <t c="því">því</t>
        <t c="næst">næst</t>
        <t c="tók">tók</t>
        <t c="professor">prófessor</t>
        <t c="Madvig">Mati</t>
        <t c=",">,</t>
        <t c="fyr">fyrr</t>
        <t c="verandi">verandi</t>
        <t c="ráðherra">ráðherra</t>
        <t c="kirkju-">kirkju-</t>
        <t c="og">og</t>
        <t c="skólamálanna">skólamálanna</t>
        <t c="til">til</t>
        <t c="máls">máls</t>
        <t c=",">,</t>
        <t c="og">og</t>
        <t c="sýndi">sýndi</t>
        <t c="ljóslega">ljóslega</t>
        <t c="hversu">hversu</t>
        <t c="launaviðbót">launaviðbót</t>
        <t c="þessi">þessi</t>
        <t c="væri">væri</t>
        <t c="sanngjörn">sanngjörn</t>
        <t c=".">.</t>
    </s>
    <s>
        <t c="—">—</t>
        <t c="Að">Að</t>
        <t c="lyktum">lyktum</t>
        <t c="var">var</t>
        <t c="launaviðbótin">launaviðbótin</t>
        <t c="samþykkt">samþykkt</t>
        <t c="af">af</t>
        <t c="þinginu">þinginu</t>
        <t c="með">með</t>
        <t c="45">45</t>
        <t c="atkvæðum">atkvæðum</t>
        <t c="gegn">gegn</t>
        <t c="31">31</t>
        <t c=".">.</t>
    </s>
    <s>
        <t c="Þetta">Þetta</t>
        <t c="er">er</t>
        <t c="aðalefnið">aðalefnið</t>
        <t c="úr">úr</t>
        <t c="því">því</t>
        <t c=",">,</t>
        <t c="sem">sem</t>
        <t c="vjer">vér</t>
        <t c="höfum">höfum</t>
        <t c="sjeð">séð</t>
        <t c="í">í</t>
        <t c="Berlingatíðindum">Berlingatíðindum</t>
        <t c="að">að</t>
        <t c="fyrir">fyrir</t>
        <t c="hafi">hafi</t>
        <t c="komið">komið</t>
        <t c="á">á</t>
        <t c="ríkisþingi">ríkisþingi</t>
        <t c="Dana">Dana</t>
        <t c="um">um</t>
        <t c="Ísland">Ísland</t>
        <t c=".">.</t>
    </s>
    <s>
        <t c="Verzlan">Verslun</t>
        <t c=".">.</t>
    </s>
    <s>
        <t c="20.">20.</t>
        <t c="d.">d.</t>
        <t c="desembermán.">desembermán.</t>
        <t c="í">í</t>
        <t c="vetur">vetur</t>
    </s>
    <s>
        <t c="var">var</t>
        <t c="sjálenzkt">sjálenskt</t>
        <t c="hveiti">hveiti</t>
        <t c="á">á</t>
        <t c="6">6</t>
        <t c="2">2</t>
        <t c="—">—</t>
        <t c="7">7</t>
        <t c="tunnan">tunnan</t>
        <t c=",">,</t>
        <t c="rúg">rúg</t>
        <t c="á">á</t>
        <t c="6">6</t>
        <t c="2">2</t>
        <t c="—">—</t>
        <t c="7">7</t>
        <t c="2">2</t>
        <t c=",">,</t>
        <t c="hafrar">hafrar</t>
        <t c="á">á</t>
        <t c="3">3</t>
        <t c="—">—</t>
        <t c="3">3</t>
        <t c="2">2</t>
        <t c="8">8</t>
        <t c=",">,</t>
        <t c="baunir">baunir</t>
        <t c="(">(</t>
        <t c="gular">gular</t>
        <t c=")">)</t>
        <t c="á">á</t>
        <t c="5">5</t>
        <t c="—">—</t>
        <t c="6">6</t>
        <t c="tunnan">tunnan</t>
        <t c=",">,</t>
        <t c="á">á</t>
        <t c="torginu">torginu</t>
        <t c="í">í</t>
        <t c="Kaupmh.">Kaupmh.</t>
    </s>
    <s>
        <t c="Aðrar">Aðrar</t>
        <t c="vörutegundir">vörutegundir</t>
        <t c=",">,</t>
        <t c="sem">sem</t>
        <t c="nefndar">nefndar</t>
        <t c="eru">eru</t>
        <t c="í">í</t>
        <t c="1.">1.</t>
        <t c="—">—</t>
        <t c="2.">2.</t>
        <t c="bl.">bl.</t>
        <t c="tíðinda">tíðinda</t>
        <t c="þessara">þessara</t>
        <t c="voru">voru</t>
        <t c="með">með</t>
        <t c="líku">líku</t>
        <t c="verði">verði</t>
        <t c="og">og</t>
        <t c="þar">þar</t>
        <t c="er">er</t>
        <t c="sagt">sagt</t>
        <t c="frá">frá</t>
        <t c=".">.</t>
    </s>
    <s>
        <t c="—">—</t>
        <t c="Ekki">Ekki</t>
        <t c="höfum">höfum</t>
        <t c="vjer">vér</t>
        <t c="heyrt">heyrt</t>
        <t c="neitt">neitt</t>
        <t c="áreiðanlegt">áreiðanlegt</t>
        <t c="um">um</t>
        <t c="verðlag">verðlag</t>
        <t c="á">á</t>
        <t c="ísl.">ísl.</t>
        <t c="vörutegundum">vörutegundum</t>
        <t c="í">í</t>
        <t c="desembermán.">desembermán.</t>
    </s>
    <s>
        <t c="En">En</t>
        <t c="mælt">mælt</t>
        <t c="er">er</t>
        <t c="að">að</t>
        <t c="ísl.">ísl.</t>
        <t c="saltfiskur">saltfiskur</t>
        <t c="hafi">hafi</t>
        <t c="borgast">borgast</t>
        <t c="allvel">allvel</t>
        <t c="á">á</t>
        <t c="Englandi">Englandi</t>
        <t c="í">í</t>
        <t c="þetta">þetta</t>
        <t c="sinn">sinn</t>
        <t c=".">.</t>
    </s>
    <s>
        <t c="Frakkland">Frakkland</t>
        <t c=".">.</t>
    </s>
    <s>
        <t c="Í">Í</t>
        <t c="desembermán.">desembermán.</t>
        <t c="í">í</t>
        <t c="vetur">vetur</t>
        <t c="hefur">hefur</t>
        <t c="allt">allt</t>
        <t c="verið">verið</t>
        <t c="í">í</t>
        <t c="uppnámi">uppnámi</t>
        <t c="í">í</t>
        <t c="Parísarborg">Parísarborg</t>
        <t c=".">.</t>
    </s>
    <s>
        <t c="Louis">Louis</t>
        <t c="Napoleon">Napóleon</t>
        <t c="sleit">sleit</t>
        <t c="þjóðfundinum">þjóðfundinum</t>
        <t c="með">með</t>
        <t c="vopnuðu">vopnuðu</t>
        <t c="herliði">herliði</t>
        <t c=",">,</t>
        <t c="og">og</t>
        <t c="voru">voru</t>
        <t c="þingmenn">þingmenn</t>
        <t c="teknir">teknir</t>
        <t c="hópum">hópum</t>
        <t c="saman">saman</t>
        <t c="og">og</t>
        <t c="reknir">reknir</t>
        <t c="og">og</t>
        <t c="fluttir">fluttir</t>
        <t c="í">í</t>
        <t c="diblissur">díblissu</t>
        <t c=".">.</t>
    </s>
    <s>
        <t c="Er">Er</t>
        <t c="það">það</t>
        <t c="tilgangur">tilgangur</t>
        <t c="Napoleons">Napóleons</t>
        <t c="að">að</t>
        <t c="verða">verða</t>
        <t c="einvaldur">einvaldur</t>
        <t c="yfir">yfir</t>
        <t c="Frakklandi">Frakklandi</t>
        <t c=",">,</t>
        <t c="og">og</t>
        <t c="hefur">hefur</t>
        <t c="hann">hann</t>
        <t c="með">með</t>
        <t c="sjer">sér</t>
        <t c="ærinn">ærinn</t>
        <t c="manngrúa">manngrúa</t>
        <t c="og">og</t>
        <t c="allan">allan</t>
        <t c="herinn">herinn</t>
        <t c=".">.</t>
    </s>
    <s>
        <t c="—">—</t>
        <t c="Dagblöðin">Dagblöðin</t>
        <t c="mega">mega</t>
        <t c="ekki">ekki</t>
        <t c="koma">koma</t>
        <t c="út">út</t>
        <t c=",">,</t>
        <t c="nema">nema</t>
        <t c="þau">þau</t>
        <t c=",">,</t>
        <t c="sem">sem</t>
        <t c="ekki">ekki</t>
        <t c="eru">eru</t>
        <t c="of">of</t>
        <t c="frjáls">frjáls</t>
        <t c=".">.</t>
    </s>
    <s>
        <t c="Hvervetna">Hvarvetna</t>
        <t c="eru">eru</t>
        <t c="þjóðbyggingar">þjóðbyltingar</t>
        <t c=",">,</t>
        <t c="stræti">stræti</t>
        <t c="og">og</t>
        <t c="vellir">vellir</t>
        <t c="fullt">fullt</t>
        <t c="af">af</t>
        <t c="dátum">dátum</t>
        <t c="stjórnarinnar">stjórnarinnar</t>
        <t c=",">,</t>
        <t c="og">og</t>
        <t c="hús">hús</t>
        <t c="einstakra">einstakra</t>
        <t c="manna">manna</t>
        <t c="eru">eru</t>
        <t c="ekki">ekki</t>
        <t c="heldur">heldur</t>
        <t c="laus">laus</t>
        <t c="við">við</t>
        <t c="það">það</t>
        <t c=".">.</t>
    </s>
    <s>
        <t c="Undir">Undir</t>
        <t c="eins">eins</t>
        <t c="og">og</t>
        <t c="þinginu">þinginu</t>
        <t c="var">var</t>
        <t c="slitið">slitið</t>
        <t c="ritaði">ritaði</t>
        <t c="Napoleon">Napóleon</t>
        <t c="hvort">hvort</t>
        <t c="ávarpið">ávarpið</t>
        <t c="á">á</t>
        <t c="fætur">fætur</t>
        <t c="öðru">öðru</t>
        <t c="til">til</t>
        <t c="frakknesku">frakknesku</t>
        <t c="þjóðarinnar">þjóðarinnar</t>
        <t c="og">og</t>
        <t c="hermannanna">hermannanna</t>
        <t c=";">;</t>
        <t c="voru">voru</t>
        <t c="þau">þau</t>
        <t c="fögur">fögur</t>
        <t c="mjög">mjög</t>
        <t c="og">og</t>
        <t c="snoturlega">snoturlega</t>
        <t c="orðuð">orðuð</t>
        <t c=",">,</t>
        <t c="en">en</t>
        <t c="ekki">ekki</t>
        <t c="getum">getum</t>
        <t c="vjer">vér</t>
        <t c="sagt">sagt</t>
        <t c="hversu">hversu</t>
        <t c="efni">efni</t>
        <t c="þeirra">þeirra</t>
        <t c="hefur">hefur</t>
        <t c="verið">verið</t>
        <t c="ósjerdrægt">sérdrægt</t>
        <t c=",">,</t>
        <t c="eða">eða</t>
        <t c="þjóðhollt">þjóðhollt</t>
        <t c=".">.</t>
    </s>
    <s>
        <t c="Danir">Danir</t>
        <t c="hafa">hafa</t>
        <t c="tekið">tekið</t>
        <t c="greinarkorn">greinarkorn</t>
        <t c="úr">úr</t>
        <t c="ensku">ensku</t>
        <t c="blaði">blaði</t>
        <t c="(">(</t>
        <t c="Times">Times</t>
        <t c=")">)</t>
        <t c="um">um</t>
        <t c="atburð">atburð</t>
        <t c="þenna">þennan</t>
        <t c=",">,</t>
        <t c="og">og</t>
        <t c="bera">bera</t>
        <t c="þeir">þeir</t>
        <t c="Napoleon">Napóleon</t>
        <t c="á">á</t>
        <t c="brýn">brýn</t>
        <t c="undirferli">undirferli</t>
        <t c="og">og</t>
        <t c="svik">svik</t>
        <t c="við">við</t>
        <t c="þjóð">þjóð</t>
        <t c="sína">sína</t>
        <t c=".">.</t>
    </s>
    <s>
        <t c="Spá">Spá</t>
        <t c="þeir">þeir</t>
        <t c="litlu">litlu</t>
        <t c="góðu">góðu</t>
        <t c="fyrir">fyrir</t>
        <t c="honum">honum</t>
        <t c=",">,</t>
        <t c="eða">eða</t>
        <t c="endalokum">endalokum</t>
        <t c="fyrirtækis">fyrirtækis</t>
        <t c="hans">hans</t>
        <t c=".">.</t>
    </s>
    <s>
        <t c="Ekki">Ekki</t>
        <t c="höfum">höfum</t>
        <t c="vjer">vér</t>
        <t c="í">í</t>
        <t c="blöðunum">blöðunum</t>
        <t c="sjeð">séð</t>
        <t c="nein">nein</t>
        <t c="stórtíðindi">stórtíðindi</t>
        <t c="frá">frá</t>
        <t c="öðrum">öðrum</t>
        <t c="löndum">löndum</t>
        <t c="Norðurálfunnar">Norðurálfunnar</t>
        <t c=",">,</t>
        <t c="og">og</t>
        <t c="er">er</t>
        <t c="því">því</t>
        <t c="ætlandi">ætlandi</t>
        <t c=",">,</t>
        <t c="að">að</t>
        <t c="þar">þar</t>
        <t c="sje">sé</t>
        <t c="flest">flest</t>
        <t c="við">við</t>
        <t c="sitt">sitt</t>
        <t c="gamla">gamla</t>
        <t c="horf">horf</t>
        <t c=".">.</t>
    </s>
    <s>
        <t c="Oss">Oss</t>
        <t c="er">er</t>
        <t c="ekki">ekki</t>
        <t c="heldur">heldur</t>
        <t c="svo">svo</t>
        <t c="kunnugt">kunnugt</t>
        <t c="um">um</t>
        <t c="stjórnarhagi">stjórnhagi</t>
        <t c="þjóðanna">þjóðanna</t>
        <t c=",">,</t>
        <t c="að">að</t>
        <t c="vjer">vér</t>
        <t c="getum">getum</t>
        <t c="ritað">ritað</t>
        <t c="neitt">neitt</t>
        <t c="um">um</t>
        <t c="hið">hið</t>
        <t c="innra">innra</t>
        <t c="líf">líf</t>
        <t c="þeirra">þeirra</t>
        <t c=",">,</t>
        <t c="enda">enda</t>
        <t c="hyggjum">hyggjum</t>
        <t c="vjer">vér</t>
        <t c="og">og</t>
        <t c="víst">víst</t>
        <t c=",">,</t>
        <t c="að">að</t>
        <t c="Skírnir">Skírnir</t>
        <t c="muni">muni</t>
        <t c="segja">segja</t>
        <t c="mönnum">mönnum</t>
        <t c="greinilega">greinilega</t>
        <t c="frá">frá</t>
        <t c="öllu">öllu</t>
        <t c=",">,</t>
        <t c="sem">sem</t>
        <t c="þar">þar</t>
        <t c="að">að</t>
        <t c="lítur">lítur</t>
        <t c=",">,</t>
        <t c="í">í</t>
        <t c="vor">vor</t>
        <t c=",">,</t>
        <t c="og">og</t>
        <t c="verða">verða</t>
        <t c="svo">svo</t>
        <t c="snemmbúinn">selbúinn</t>
        <t c="að">að</t>
        <t c="vjer">vér</t>
        <t c="þurfum">þurfum</t>
        <t c="ekki">ekki</t>
        <t c="að">að</t>
        <t c="horfa">horfa</t>
        <t c="úr">úr</t>
        <t c="oss">oss</t>
        <t c="öll">öll</t>
        <t c="augu">augu</t>
        <t c="eptir">eftir</t>
        <t c="honum">honum</t>
        <t c=".">.</t>
    </s>
    <s>
        <t c="Engar">Engar</t>
        <t c="vissar">vissar</t>
        <t c="fregnir">fregnir</t>
        <t c="hafa">hafa</t>
        <t c="oss">oss</t>
        <t c="enn">enn</t>
        <t c="borizt">borist</t>
        <t c="um">um</t>
        <t c="erindislok">erindislok</t>
        <t c="þjóðfundarfulltrúanna">þjóðfundarfulltrúanna</t>
        <t c=",">,</t>
        <t c="og">og</t>
        <t c="koma">koma</t>
        <t c="þær">þær</t>
        <t c="líklega">líklega</t>
        <t c="ekki">ekki</t>
        <t c="glöggar">glöggar</t>
        <t c="fyr">fyrr</t>
        <t c="en">en</t>
        <t c="í">í</t>
        <t c="Nýum">Nýjum</t>
        <t c="Félagsritum">Félagsritum</t>
        <t c=",">,</t>
        <t c="eða">eða</t>
        <t c="Skírni">Skírni</t>
        <t c="í">í</t>
        <t c="vor">vor</t>
        <t c=".">.</t>
    </s>
    <s>
        <t c="Skýrsla">Skýrsla</t>
        <t c="yfir">yfir</t>
        <t c="endurgjald">endurgjald</t>
        <t c="þingfararkostnaðar">útfararkostnaðar</t>
        <t c="til">til</t>
        <t c="alþingis">alþingis</t>
        <t c="1845">1845</t>
        <t c=",">,</t>
        <t c="1847">1847</t>
        <t c="og">og</t>
        <t c="1849">1849</t>
        <t c=",">,</t>
        <t c="samkvæmt">samkvæmt</t>
        <t c="brjefi">bréfi</t>
        <t c="lögstjórnarráðh">lögstjórnarráð</t>
        <t c=".">.</t>
    </s>
    <s>
        <t c="frá">frá</t>
        <t c="18.">18.</t>
        <t c="d.">d.</t>
        <t c="júlím.">júlím.</t>
        <t c="1848">1848</t>
        <t c=".">.</t>
    </s>
    <s>
        <t c="Orsökin">Orsökin</t>
        <t c="til">til</t>
        <t c="þess">þess</t>
        <t c="að">að</t>
        <t c="skýrslan">skýrslan</t>
        <t c="nær">nær</t>
        <t c="ekki">ekki</t>
        <t c="yfir">yfir</t>
        <t c="hið">hið</t>
        <t c="3">3</t>
        <t c=".">.</t>
    </s>
    <s>
        <t c="gjaldár">gjaldár</t>
        <t c=",">,</t>
        <t c="er">er</t>
        <t c="sú">sú</t>
        <t c=",">,</t>
        <t c="að">að</t>
        <t c="reikningarnir">reikningarnir</t>
        <t c="fyrir">fyrir</t>
        <t c="það">það</t>
        <t c="ár">ár</t>
        <t c="eru">eru</t>
        <t c="enn">enn</t>
        <t c="ekki">ekki</t>
        <t c="komnir">komnir</t>
        <t c="frá">frá</t>
        <t c="öllum">öllum</t>
        <t c="sýslumönnunum">sýslumönnunum</t>
        <t c=".">.</t>
    </s>
    <s>
        <t c="En">En</t>
        <t c="undir">undir</t>
        <t c="eins">eins</t>
        <t c="og">og</t>
        <t c="þeir">þeir</t>
        <t c="eru">eru</t>
        <t c="komnir">komnir</t>
        <t c=",">,</t>
        <t c="verður">verður</t>
        <t c="skýrslan">skýrslan</t>
        <t c="fyrir">fyrir</t>
        <t c="það">það</t>
        <t c="ár">ár</t>
        <t c="einnig">einnig</t>
        <t c="birt">birt</t>
        <t c="í">í</t>
        <t c="blaði">blaði</t>
        <t c="þessu">þessu</t>
        <t c=".">.</t>
    </s>
    <s>
        <t c="Reykistjörnur">Reikistjörnur</t>
        <t c="(">(</t>
        <t c="Planeter">Plánetur</t>
        <t c=",">,</t>
        <t c="plánetur">plánetur</t>
        <t c=")">)</t>
        <t c="í">í</t>
        <t c="janúarmán.">janúarmán.</t>
    </s>
    <s>
        <t c="1852.">1852.</t>
    </s>
    <s>
        <t c="Merkuríus">Merkúríus</t>
        <t c="gengur">gengur</t>
        <t c="á">á</t>
        <t c="undan">undan</t>
        <t c="sólunni">sólunni</t>
        <t c="og">og</t>
        <t c="er">er</t>
        <t c="því">því</t>
        <t c="morgunstjarna">morgunstjarna</t>
        <t c=",">,</t>
        <t c="en">en</t>
        <t c="fjarlægist">fjarlægist</t>
        <t c="oss">oss</t>
        <t c="og">og</t>
        <t c="gengur">gengur</t>
        <t c="niður">niður</t>
        <t c="á">á</t>
        <t c="við">við</t>
        <t c=",">,</t>
        <t c="svo">svo</t>
        <t c="hann">hann</t>
        <t c="sjest">sést</t>
        <t c="ekki">ekki</t>
        <t c=".">.</t>
    </s>
    <s>
        <t c="Venus">Venus</t>
        <t c="gengur">gengur</t>
        <t c="á">á</t>
        <t c="eptir">eftir</t>
        <t c="sólunni">sólunni</t>
        <t c=",">,</t>
        <t c="og">og</t>
        <t c="er">er</t>
        <t c="nú">nú</t>
        <t c="kveldstjarna">kvöldstjarna</t>
        <t c=".">.</t>
    </s>
    <s>
        <t c="Sjest">Sést</t>
        <t c="hún">hún</t>
        <t c="á">á</t>
        <t c="kveldin">kveldin</t>
        <t c="í">í</t>
        <t c="vestri">vestri</t>
        <t c="og">og</t>
        <t c="útnorðri">útnorðri</t>
        <t c="ekki">ekki</t>
        <t c="mjög">mjög</t>
        <t c="hátt">hátt</t>
        <t c="á">á</t>
        <t c="lopti">lofti</t>
        <t c=";">;</t>
        <t c="hún">hún</t>
        <t c="er">er</t>
        <t c="auðþekkt">auðþekkt</t>
        <t c="á">á</t>
        <t c="fegurð">fegurð</t>
        <t c="sinni">sinni</t>
        <t c="frá">frá</t>
        <t c="öðrum">öðrum</t>
        <t c="stjörnum">stjörnum</t>
        <t c=".">.</t>
    </s>
    <s>
        <t c="Mars">Mars</t>
        <t c=",">,</t>
        <t c="rauðleitur">rauðleitur</t>
        <t c="að">að</t>
        <t c="lit">lit</t>
        <t c=",">,</t>
        <t c="er">er</t>
        <t c="nálægt">nálægt</t>
        <t c="tvíburunum">tvíburunum</t>
        <t c="Kastor">Kastor</t>
        <t c="og">og</t>
        <t c="Pollux">Polli</t>
        <t c=",">,</t>
        <t c="þó">þó</t>
        <t c=",">,</t>
        <t c="ef">ef</t>
        <t c="nákvæmar">nákvæmar</t>
        <t c="skal">skal</t>
        <t c="greina">greina</t>
        <t c=",">,</t>
        <t c="er">er</t>
        <t c="hann">hann</t>
        <t c="hjá">hjá</t>
        <t c="hinum">hinum</t>
        <t c="nyrðri">nyrðri</t>
        <t c="asna">asna</t>
        <t c="við">við</t>
        <t c="jötuna">jötuna</t>
        <t c="í">í</t>
        <t c="krabbamerki">krabbamerki</t>
        <t c=";">;</t>
        <t c="hann">hann</t>
        <t c="tekur">tekur</t>
        <t c="þar">þar</t>
        <t c="öðrum">öðrum</t>
        <t c="stjörnum">stjörnum</t>
        <t c="fram">fram</t>
        <t c="að">að</t>
        <t c="sjáanlegri">sjáanlegri</t>
        <t c="stærð">stærð</t>
        <t c="og">og</t>
        <t c="er">er</t>
        <t c="því">því</t>
        <t c="auðþekktur">auðþekktur</t>
        <t c=",">,</t>
        <t c="hjer">hér</t>
        <t c="uin">un</t>
        <t c="bil">bil</t>
        <t c="5">5</t>
        <t c="stundum">stundum</t>
        <t c="á">á</t>
        <t c="eptir">eftir</t>
        <t c="sjöstirninu">sjöstirninu</t>
        <t c=".">.</t>
    </s>
    <s>
        <t c="Júpíter">Júpíter</t>
        <t c=",">,</t>
        <t c="skínandi">skínandi</t>
        <t c="og">og</t>
        <t c="líkastur">líkastur</t>
        <t c="Venus">Venus</t>
        <t c=",">,</t>
        <t c="er">er</t>
        <t c="nálægt">nálægt</t>
        <t c="Jómfrúarinnar">Jómfrúarinnar</t>
        <t c="axi">axi</t>
        <t c=",">,</t>
        <t c="sjest">sést</t>
        <t c="á">á</t>
        <t c="morgnana">morgnana</t>
        <t c="í">í</t>
        <t c="suðuráttum">suðurátt</t>
        <t c="og">og</t>
        <t c="tekur">tekur</t>
        <t c="fram">fram</t>
        <t c="öllum">öllum</t>
        <t c="stjörnum">stjörnum</t>
        <t c="þar">þar</t>
        <t c="í">í</t>
        <t c="grend">grennd</t>
        <t c=".">.</t>
    </s>
    <s>
        <t c="Loksins">Loksins</t>
        <t c="er">er</t>
        <t c="Satúrnus">Satúrnus</t>
        <t c="á">á</t>
        <t c="bríngu">bringu</t>
        <t c="hrútsins">hrútsins</t>
        <t c="og">og</t>
        <t c="sjest">sést</t>
        <t c="á">á</t>
        <t c="kveldin">kveldin</t>
        <t c="rúmu">rúmu</t>
        <t c="stundar">stundar</t>
        <t c="bili">bili</t>
        <t c="á">á</t>
        <t c="undan">undan</t>
        <t c="sjöstirninu">sjöstirninu</t>
        <t c=".">.</t>
    </s>
    <s>
        <t c="Hann">Hann</t>
        <t c="er">er</t>
        <t c="ríflegastur">ríflegastur</t>
        <t c="af">af</t>
        <t c="stjörnum">stjörnum</t>
        <t c="þar">þar</t>
        <t c=",">,</t>
        <t c="og">og</t>
        <t c=",">,</t>
        <t c="ef">ef</t>
        <t c="vel">vel</t>
        <t c="er">er</t>
        <t c="að">að</t>
        <t c="gætt">gætt</t>
        <t c=",">,</t>
        <t c="sýnist">sýnist</t>
        <t c="hann">hann</t>
        <t c="aflangur">aflangur</t>
        <t c=",">,</t>
        <t c="vegna">vegna</t>
        <t c="þess">þess</t>
        <t c="að">að</t>
        <t c="vjer">vér</t>
        <t c="sjáum">sjáum</t>
        <t c="skáhalt">skáhallt</t>
        <t c="á">á</t>
        <t c="ljóshringinn">leshringinn</t>
        <t c=",">,</t>
        <t c="sem">sem</t>
        <t c="í">í</t>
        <t c="kringum">kringum</t>
        <t c="hann">hann</t>
        <t c="er">er</t>
        <t c=",">,</t>
        <t c="og">og</t>
        <t c="sem">sem</t>
        <t c="lesa">lesa</t>
        <t c="má">má</t>
        <t c="um">um</t>
        <t c="í">í</t>
        <t c="„">„</t>
        <t c="Úrsíns">Úrsins</t>
        <t c="stjörnufræði">stjörnufræði</t>
        <t c="&quot;">&quot;</t>
        <t c=",">,</t>
        <t c="68">68</t>
        <t c=".">.</t>
    </s>
    <s>
        <t c="—">—</t>
        <t c="70.">70.</t>
        <t c="bls.">bls.</t>
        <t c=",">,</t>
        <t c="og">og</t>
        <t c="sjá">sjá</t>
        <t c="upp">upp</t>
        <t c="dreginn">dreginn</t>
        <t c="Tab">Ab</t>
        <t c=".">.</t>
    </s>
    <s>
        <t c="I.">I.</t>
        <t c=",">,</t>
        <t c="Fig">Fag</t>
        <t c=".">.</t>
    </s>
    <s>
        <t c="9.">9.</t>
        <t c="í">í</t>
        <t c="sömu">sömu</t>
        <t c="bók">bók</t>
        <t c=".">.</t>
    </s>
    <s>
        <t c="Afstaða">Afstaða</t>
        <t c="þessara">þessara</t>
        <t c="reykistjarna">reikistjarna</t>
        <t c="verður">verður</t>
        <t c="i">í</t>
        <t c="febrúarmánuði">febrúarmánuði</t>
        <t c="svipuð">svipuð</t>
        <t c="því">því</t>
        <t c=",">,</t>
        <t c="sem">sem</t>
        <t c="hjer">hér</t>
        <t c="er">er</t>
        <t c="sagt">sagt</t>
        <t c=".">.</t>
    </s>
    <s>
        <t c="B.">B.</t>
        <t c="G.">G.</t>
    </s>
    <s>
        <t c="Brynjólfur">Brynjólfur</t>
        <t c="Pjetursson">Pjetursson</t>
        <t c=",">,</t>
        <t c="fæddur">fæddur</t>
        <t c="1810">1810</t>
        <t c=",">,</t>
        <t c="dáinn">dáinn</t>
        <t c="1851">1851</t>
        <t c=".">.</t>
    </s>
    <s>
        <t c="Leið">Leið</t>
        <t c="á">á</t>
        <t c="geisla">geisla</t>
        <t c="glöðum">glöðum</t>
        <t c="—">—</t>
        <t c="glóir">glóir</t>
        <t c="yfir">yfir</t>
        <t c="sjóinn">sjóinn</t>
        <t c="—">—</t>
        <t c="mynd">mynd</t>
        <t c="af">af</t>
        <t c="Muna">Muna</t>
        <t c="ströndum">ströndum</t>
        <t c="mær">mær</t>
        <t c=",">,</t>
        <t c="í">í</t>
        <t c="skini">skini</t>
        <t c="tæru">tæru</t>
        <t c=";">;</t>
        <t c="ungan">ungan</t>
        <t c="yfir">yfir</t>
        <t c="vanga">vanga</t>
        <t c="iður">iður</t>
        <t c="fölva">fölva</t>
        <t c="liðu">liðu</t>
        <t c=",">,</t>
        <t c="drauma">drauma</t>
        <t c="skuggar">skuggar</t>
        <t c="dimmir">dimmir</t>
        <t c="dúninn">dúninn</t>
        <t c="huldu">huldu</t>
        <t c="brúna">brúna</t>
        <t c=".">.</t>
    </s>
    <s>
        <t c="Beið">Beið</t>
        <t c="þó">þó</t>
        <t c="himins">himins</t>
        <t c="blíða">blíða</t>
        <t c="blundi">blundi</t>
        <t c="sætum">sætum</t>
        <t c="undir">undir</t>
        <t c="yfir">yfir</t>
        <t c="enni">enni</t>
        <t c="og">og</t>
        <t c="kinnum">kinnum</t>
        <t c="anda">anda</t>
        <t c="himins">himins</t>
        <t c="landa">landa</t>
        <t c=";">;</t>
        <t c="höfuð">höfuð</t>
        <t c=",">,</t>
        <t c="harmi">harmi</t>
        <t c="vafið">vafið</t>
        <t c=",">,</t>
        <t c="hneig">hneig</t>
        <t c="að">að</t>
        <t c="foldar">foldar</t>
        <t c="teigum">teigum</t>
        <t c=";">;</t>
        <t c="brosið">brosið</t>
        <t c="lífsins">lífsins</t>
        <t c="ljósa">ljósa</t>
        <t c="lá">lá</t>
        <t c="í">í</t>
        <t c="hriggðar">hryggðar</t>
        <t c="dái">dái</t>
        <t c=".">.</t>
    </s>
    <s>
        <t c="Hvað">Hvað</t>
        <t c="mun">mun</t>
        <t c="heilög">heilög</t>
        <t c="boða">boða</t>
        <t c="himinferð">himinferð</t>
        <t c="að">að</t>
        <t c="sverði">sverði</t>
        <t c="foldar">foldar</t>
        <t c=",">,</t>
        <t c="geislum">geislum</t>
        <t c="faldins">faldins</t>
        <t c="friðar">friðar</t>
        <t c="–">–</t>
        <t c="gjafans">vafans</t>
        <t c="blíða">blíða</t>
        <t c="?">?</t>
    </s>
    <s>
        <t c="Líða">Líða</t>
        <t c="yfir">yfir</t>
        <t c="leiðir">leiðir</t>
        <t c="ljósar">ljósar</t>
        <t c="bjartra">bjartra</t>
        <t c="rósa">rósa</t>
        <t c="kinna">kinna</t>
        <t c=",">,</t>
        <t c="hreta">hreta</t>
        <t c="hrönnum">hrönnum</t>
        <t c="hulin">hulin</t>
        <t c="tárin">tárin</t>
        <t c="sáru">sáru</t>
        <t c=".">.</t>
    </s>
    <s>
        <t c="Hví">Hví</t>
        <t c="mun">mun</t>
        <t c="skuggi">skuggi</t>
        <t c="skyggja">skyggja</t>
        <t c="skraut">skraut</t>
        <t c="á">á</t>
        <t c="röðulbrautum">röðulrauðum</t>
        <t c="?">?</t>
    </s>
    <s>
        <t c="hví">hví</t>
        <t c="mun">mun</t>
        <t c="grátur">grátur</t>
        <t c="geta">geta</t>
        <t c="gumum">gumum</t>
        <t c="þjakað">þjakað</t>
        <t c="sumum">sumum</t>
        <t c="?">?</t>
    </s>
    <s>
        <t c="Veit">Veit</t>
        <t c="þá">þá</t>
        <t c="engi">engi</t>
        <t c=",">,</t>
        <t c="að">að</t>
        <t c="ungum">ungum</t>
        <t c="aldurtili">aldurtili</t>
        <t c="kaldur">kaldur</t>
        <t c="nú">nú</t>
        <t c="hefur">hefur</t>
        <t c="bragningi">lagning</t>
        <t c="búið">búið</t>
        <t c="banasæng">banasæng</t>
        <t c="und">und</t>
        <t c="vængjum">vængjum</t>
        <t c="?">?</t>
    </s>
    <s>
        <t c="Grátið">Grátið</t>
        <t c="mundirðu">mundirðu</t>
        <t c="geta">geta</t>
        <t c=",">,</t>
        <t c="góða">góða</t>
        <t c="jökla-móðir">jöklaslóðir</t>
        <t c="!">!</t>
    </s>
    <s>
        <t c="böðuð">böðuð</t>
        <t c="legi">legi</t>
        <t c="breiðrar">breiðrar</t>
        <t c="báru">báru</t>
        <t c=",">,</t>
        <t c="köldum">köldum</t>
        <t c="tárum">tárum</t>
        <t c=",">,</t>
        <t c="þegar">þegar</t>
        <t c="líða">líða</t>
        <t c="af">af</t>
        <t c="láði">láði</t>
        <t c="leiztu">leistu</t>
        <t c=",">,</t>
        <t c="förum">förum</t>
        <t c="geystum">geystum</t>
        <t c="dauða">dauða</t>
        <t c=",">,</t>
        <t c="af">af</t>
        <t c="bana">bana</t>
        <t c="beði">beði</t>
        <t c=",">,</t>
        <t c="bezta">besta</t>
        <t c="soninn">soninn</t>
        <t c="og">og</t>
        <t c="mesta">mesta</t>
        <t c=".">.</t>
    </s>
    <s>
        <t c="Hugðum">Hugðum</t>
        <t c="vjer">vér</t>
        <t c=",">,</t>
        <t c="að">að</t>
        <t c="hyggðist">hyggist</t>
        <t c="himindísin">himindísin</t>
        <t c="vísa">vísa</t>
        <t c="hjörtun">hjörtun</t>
        <t c="helgri">helgri</t>
        <t c="birtu">birtu</t>
        <t c="og">og</t>
        <t c="hýrum">hýrum</t>
        <t c="anda">anda</t>
        <t c="skýra">skýra</t>
        <t c="—">—</t>
        <t c="dró">dró</t>
        <t c="af">af</t>
        <t c="dökkum">dökkum</t>
        <t c="sævi">snævi</t>
        <t c="drunga">drunga</t>
        <t c=",">,</t>
        <t c="tárum">tárum</t>
        <t c="þrunginn">þrunginn</t>
        <t c=",">,</t>
        <t c="meðan">meðan</t>
        <t c="geisli">geisli</t>
        <t c="glæðir">glæðir</t>
        <t c="grund">grund</t>
        <t c="um">um</t>
        <t c="morgunstundu">morgunstundu</t>
        <t c=".">.</t>
    </s>
    <s>
        <t c="Því">Því</t>
        <t c="ei">ei</t>
        <t c="í">í</t>
        <t c="sögum">sögum</t>
        <t c="einum">einum</t>
        <t c=",">,</t>
        <t c="nje">né</t>
        <t c="unn">unn</t>
        <t c="horfinnar">horfinnar</t>
        <t c="gunnar">gunnar</t>
        <t c="leit">leit</t>
        <t c="með">með</t>
        <t c="geisla">geisla</t>
        <t c="gliti">gliti</t>
        <t c="gólf">gólf</t>
        <t c="Dellings">Ellings</t>
        <t c="Brynjólfur">Brynjólfur</t>
        <t c=";">;</t>
        <t c="leit">leit</t>
        <t c="hann">hann</t>
        <t c="frelsi">frelsi</t>
        <t c="feta">feta</t>
        <t c="fagurt">fagurt</t>
        <t c="vegu">vegu</t>
        <t c="lagar">lagar</t>
        <t c=",">,</t>
        <t c="og">og</t>
        <t c="vitur">vitur</t>
        <t c="lið">lið</t>
        <t c="nam">nam</t>
        <t c="veita">veita</t>
        <t c=",">,</t>
        <t c="vargur">vargur</t>
        <t c="að">að</t>
        <t c="þröngdist">þrengdist</t>
        <t c="fargi">fargi</t>
        <t c=".">.</t>
    </s>
    <s>
        <t c="Nú">Nú</t>
        <t c="er">er</t>
        <t c="ljósið">ljósið</t>
        <t c="ljósa">ljósa</t>
        <t c="liðið">liðið</t>
        <t c="burt">burt</t>
        <t c="með">með</t>
        <t c="friði">friði</t>
        <t c=",">,</t>
        <t c="marga">marga</t>
        <t c="sem">sem</t>
        <t c="að">að</t>
        <t c="mörgum">mörgum</t>
        <t c="mærast">mærast</t>
        <t c="hjálp">hjálp</t>
        <t c="nam">nam</t>
        <t c="færa">færa</t>
        <t c=".">.</t>
    </s>
    <s>
        <t c="Viða">Viða</t>
        <t c="liggja">liggja</t>
        <t c="leiðir">leiðir</t>
        <t c="lagar">lagar</t>
        <t c="–">–</t>
        <t c="þungra">þungra</t>
        <t c="daga">daga</t>
        <t c=",">,</t>
        <t c="eins">eins</t>
        <t c="þó">þó</t>
        <t c="alla">alla</t>
        <t c="gyllir">gyllir</t>
        <t c="uppheims">uppheims</t>
        <t c="–">–</t>
        <t c="hjólið">hjólið</t>
        <t c="sólar">sólar</t>
        <t c=".">.</t>
    </s>
    <s>
        <t c="Kveðju">Kveðju</t>
        <t c="láta">láta</t>
        <t c="lýðir">lýðir</t>
        <t c="líða">líða</t>
        <t c="upp">upp</t>
        <t c="að">að</t>
        <t c="fríðum">fríðum</t>
        <t c="boga">boga</t>
        <t c="bjartra">bjartra</t>
        <t c="daga">daga</t>
        <t c="bragning">lagning</t>
        <t c="kætandi">kætandi</t>
        <t c="slingan">slangan</t>
        <t c="—">—</t>
        <t c="lof">lof</t>
        <t c="og">og</t>
        <t c="minning">minning</t>
        <t c="lifir">lifir</t>
        <t c="lengi">lengi</t>
        <t c=",">,</t>
        <t c="þó">þó</t>
        <t c="dauðans">dauðans</t>
        <t c="engill">engill</t>
        <t c="nú">nú</t>
        <t c="hafi">hafi</t>
        <t c="Brynjólfi">Brynjólfi</t>
        <t c="búið">búið</t>
        <t c="banasæng">banasæng</t>
        <t c="und">und</t>
        <t c="vængjum">vængjum</t>
        <t c=".">.</t>
    </s>
    <s>
        <t c="B.">B.</t>
        <t c="Gr.">Gr.</t>
    </s>
    <s>
        <t c="Helgi">Helgi</t>
        <t c="Helgason">Helgason</t>
        <t c="(">(</t>
        <t c="?">?</t>
    </s>
    <s>
        <t c="15.">15.</t>
        <t c="jan.">jan.</t>
        <t c="1852">1852</t>
        <t c=")">)</t>
        <t c="var">var</t>
        <t c="fæddur">fæddur</t>
        <t c="í">í</t>
        <t c="Vogi">Vogi</t>
        <t c="á">á</t>
        <t c="Mýrum">Mýrum</t>
        <t c="9.">9.</t>
        <t c="d.">d.</t>
        <t c="júlímán.">júlímán.</t>
        <t c="1783">1783</t>
        <t c=".">.</t>
    </s>
    <s>
        <t c="Foreldrar">Foreldrar</t>
        <t c="hans">hans</t>
        <t c="voru">voru</t>
        <t c="þau">þau</t>
        <t c="Helgi">Helgi</t>
        <t c="Helgason">Helgason</t>
        <t c="hreppstjóri">hreppstjóri</t>
        <t c=",">,</t>
        <t c="sem">sem</t>
        <t c="var">var</t>
        <t c="uppalinn">uppalinn</t>
        <t c="í">í</t>
        <t c="Vogi">Vogi</t>
        <t c="og">og</t>
        <t c="bjó">bjó</t>
        <t c="þar">þar</t>
        <t c="allan">allan</t>
        <t c="sinn">sinn</t>
        <t c="búskap">búskap</t>
        <t c=",">,</t>
        <t c="og">og</t>
        <t c="Elín">Elín</t>
        <t c="Egilsdóttir">Egilsdóttir</t>
        <t c="frá">frá</t>
        <t c="Arnarholti">Arnarholti</t>
        <t c="í">í</t>
        <t c="Stafholtstungum">Stafholtstungum</t>
        <t c=".">.</t>
    </s>
    <s>
        <t c="Árið">Árið</t>
        <t c="1814">1814</t>
        <t c="gekk">gekk</t>
        <t c="Helgi">Helgi</t>
        <t c="að">að</t>
        <t c="eiga">eiga</t>
        <t c="Ingibjörgu">Ingibjörgu</t>
        <t c=",">,</t>
        <t c="dóttur">dóttur</t>
        <t c="sjera">séra</t>
        <t c="Jóns">Jóns</t>
        <t c="aðstoðarprests">aðstoðarprests</t>
        <t c="í">í</t>
        <t c="Hítarnesi">Hítarnesi</t>
        <t c=".">.</t>
    </s>
    <s>
        <t c="Þau">Þau</t>
        <t c="áttu">áttu</t>
        <t c="saman">saman</t>
        <t c="8">8</t>
        <t c="börn">börn</t>
        <t c=";">;</t>
        <t c="þar">þar</t>
        <t c="af">af</t>
        <t c="dóu">dóu</t>
        <t c="3">3</t>
        <t c="ung">ung</t>
        <t c=",">,</t>
        <t c="en">en</t>
        <t c="5">5</t>
        <t c="lifa">lifa</t>
        <t c=".">.</t>
    </s>
    <s>
        <t c="Helgi">Helgi</t>
        <t c="tók">tók</t>
        <t c="víð">víð</t>
        <t c="hreppstjórn">hreppstjórn</t>
        <t c="skömmu">skömmu</t>
        <t c="síðar">síðar</t>
        <t c="en">en</t>
        <t c="hann">hann</t>
        <t c="kvongaðist">kvongaðist</t>
        <t c=",">,</t>
        <t c="og">og</t>
        <t c="sleppti">sleppti</t>
        <t c="henni">henni</t>
        <t c="ekki">ekki</t>
        <t c="fullu">fullu</t>
        <t c="missiri">missiri</t>
        <t c="áður">áður</t>
        <t c="en">en</t>
        <t c="hann">hann</t>
        <t c="dó">dó</t>
        <t c=".">.</t>
    </s>
    <s>
        <t c="Árið">Árið</t>
        <t c="1835">1835</t>
        <t c="gjörði">gjörði</t>
        <t c="konungur">konungur</t>
        <t c="hann">hann</t>
        <t c="að">að</t>
        <t c="dannebrogsmanni">dannebrogsmanni</t>
        <t c="fyrir">fyrir</t>
        <t c="vandaða">vandaða</t>
        <t c="skipsmíð">skipasmíð</t>
        <t c=",">,</t>
        <t c="og">og</t>
        <t c="dugnað">dugnað</t>
        <t c=".">.</t>
    </s>
    <s>
        <t c="Alþingismaður">Alþingismaður</t>
        <t c="varð">varð</t>
        <t c="hann">hann</t>
        <t c="1844">1844</t>
        <t c=".">.</t>
    </s>
    <s>
        <t c="Prestaköll">Prestaköll</t>
        <t c=".">.</t>
    </s>
    <s>
        <t c="Óveitt">Óveitt</t>
        <t c=":">:</t>
        <t c="Hellnaþing">Hafnaþing</t>
        <t c="í">í</t>
        <t c="Snæfellsnessýslu">Snæfellsnessýslu</t>
        <t c="metin">metin</t>
        <t c="32">32</t>
        <t c="rbdd.">rbdd.</t>
        <t c="2">2</t>
        <t c="mkk.">kk.</t>
        <t c=",">,</t>
        <t c="augl.">augl.</t>
        <t c="18.">18.</t>
        <t c="d.">d.</t>
        <t c="janúarm.">janúarm.</t>
        <t c="1852">1852</t>
        <t c=".">.</t>
    </s>
    <s>
        <t c="Garður">Garður</t>
        <t c="í">í</t>
        <t c="Kelduhverfi">Kelduhverfi</t>
        <t c=",">,</t>
        <t c="og">og</t>
        <t c="Kálfafell">Kálfafell</t>
        <t c="á">á</t>
        <t c="Síðu">Síðu</t>
        <t c=".">.</t>
    </s>
    <s>
        <t c="Mannalát">Mannalát</t>
        <t c=".">.</t>
    </s>
    <s>
        <t c="Brynjólfur">Brynjólfur</t>
        <t c="Pjetursson">Pjetursson</t>
        <t c=",">,</t>
        <t c="jústitsráð">jústisráð</t>
        <t c=",">,</t>
        <t c="forstöðumaður">forstöðumaður</t>
        <t c="hinnar">hinnar</t>
        <t c="ísl.">ísl.</t>
        <t c=",">,</t>
        <t c="grænl">græn</t>
        <t c=".">.</t>
    </s>
    <s>
        <t c="og">og</t>
        <t c="færeysku">færeysku</t>
        <t c="stjórnardeildar">stjórnardeildar</t>
        <t c="í">í</t>
        <t c="Kaupmannahöfn">Kaupmannahöfn</t>
        <t c=",">,</t>
        <t c="dó">dó</t>
        <t c="18.">18.</t>
        <t c="d.">d.</t>
        <t c="októberm.">októberm.</t>
        <t c="1851">1851</t>
        <t c=".">.</t>
    </s>
    <s>
        <t c="Jósep">Jósep</t>
        <t c="Magnússon">Magnússon</t>
        <t c="prestur">prestur</t>
        <t c="í">í</t>
        <t c="Hellnaþingum">Hafnaþingum</t>
        <t c="dó">dó</t>
        <t c="9.">9.</t>
        <t c="d.">d.</t>
        <t c="nóvemberm">nóvember</t>
        <t c=".">.</t>
    </s>
    <s>
        <t c="1851">1851</t>
        <t c=".">.</t>
    </s>
    <s>
        <t c="Sigríður">Sigríður</t>
        <t c="Helgadóttir">Helgadóttir</t>
        <t c=",">,</t>
        <t c="kona">kona</t>
        <t c="Skúla">Skúla</t>
        <t c="læknis">læknis</t>
        <t c="Thorarensen">Thorarensen</t>
        <t c="á">á</t>
        <t c="Móeyðarhvoli">Móeiðarhvoli</t>
        <t c=",">,</t>
        <t c="dó">dó</t>
        <t c="12.">12.</t>
        <t c="d.">d.</t>
        <t c="janúarm.">janúarm.</t>
        <t c="1852">1852</t>
        <t c=".">.</t>
    </s>
    <s>
        <t c="Guðrún">Guðrún</t>
        <t c="Pálsdóttir">Pálsdóttir</t>
        <t c=",">,</t>
        <t c="kona">kona</t>
        <t c="Guðmundar">Guðmundar</t>
        <t c="bónda">bónda</t>
        <t c="i">í</t>
        <t c="Keldum">Keldum</t>
        <t c="í">í</t>
        <t c="Rangárvallasýslu">Rangárvallasýslu</t>
        <t c=",">,</t>
        <t c="dó">dó</t>
        <t c="18.">18.</t>
        <t c="d.">d.</t>
        <t c="s.">s.</t>
        <t c="m.">m.</t>
    </s>
    <s>
        <t c="Fermdir">Fermdir</t>
        <t c=",">,</t>
        <t c="fæddir">fæddir</t>
        <t c=",">,</t>
        <t c="dánir">dánir</t>
        <t c="á">á</t>
        <t c="Íslandi">Íslandi</t>
        <t c="1850">1850</t>
        <t c=".">.</t>
    </s>
    <s>
        <t c="Fermdir">Fermdir</t>
        <t c="1326">1326</t>
        <t c="(">(</t>
        <t c="þar">þar</t>
        <t c="af">af</t>
        <t c="636">636</t>
        <t c="piltar">piltar</t>
        <t c=",">,</t>
        <t c="690">690</t>
        <t c="stúlkur">stúlkur</t>
        <t c=")">)</t>
        <t c=".">.</t>
    </s>
    <s>
        <t c="Fæddir">Fæddir</t>
        <t c="2351">2351</t>
        <t c="(">(</t>
        <t c="þar">þar</t>
        <t c="af">af</t>
        <t c="1199">1199</t>
        <t c="piltar">piltar</t>
        <t c=",">,</t>
        <t c="1152">1152</t>
        <t c="stúlkur">stúlkur</t>
        <t c=")">)</t>
        <t c=".">.</t>
    </s>
    <s>
        <t c="Dánir">Dánir</t>
        <t c="1509">1509</t>
        <t c="(">(</t>
        <t c="þar">þar</t>
        <t c="af">af</t>
        <t c="758">758</t>
        <t c="karlk.">karla</t>
        <t c=",">,</t>
        <t c="751">751</t>
        <t c="kvennk">kvenna</t>
        <t c=".">.</t>
        <t c=")">)</t>
        <t c=".">.</t>
    </s>
    <s>
        <t c="Eru">Eru</t>
        <t c="þá">þá</t>
        <t c="842">842</t>
        <t c="fleiri">fleiri</t>
        <t c="fæddir">fæddir</t>
        <t c="en">en</t>
        <t c="dánir">dánir</t>
        <t c="þetta">þetta</t>
        <t c="ár">ár</t>
        <t c=".">.</t>
    </s>
    <s>
        <t c="(">(</t>
        <t c="Af">Af</t>
        <t c="hinum">hinum</t>
        <t c="dánu">dánu</t>
        <t c="eru">eru</t>
        <t c="38">38</t>
        <t c="drukknaðir">drukknaðir</t>
        <t c=",">,</t>
        <t c="12">12</t>
        <t c="dánir">dánir</t>
        <t c="af">af</t>
        <t c="ýmsum">ýmsum</t>
        <t c="öðrum">öðrum</t>
        <t c="slisförum">slysförum</t>
        <t c=",">,</t>
        <t c="en">en</t>
        <t c="hinir">hinir</t>
        <t c="1459">1459</t>
        <t c="á">á</t>
        <t c="sóttarsæng">sóttarsæng</t>
        <t c=")">)</t>
        <t c=".">.</t>
    </s>
    <s>
        <t c="Ritstjóri">Ritstjóri</t>
        <t c=":">:</t>
        <t c="M.">M.</t>
        <t c="Grímsson">Grímsson</t>
        <t c=".">.</t>
    </s>
</document>
