<?xml version="1.0" ?>
<document>
    <s>
        <t c="REYKJAVÍK">REYKJAVÍK</t>
        <t c=".">.</t>
    </s>
    <s>
        <t c="AUGLÝSINGA-">AUGLÝSINGA-</t>
        <t c="OG">OG</t>
        <t c="FRÉTTABLAÐ">FRÉTTABLAÐ</t>
        <t c=".">.</t>
    </s>
    <s>
        <t c="21.">21.</t>
        <t c="tbl.">tbl.</t>
        <t c="1.">1.</t>
        <t c="árg.">árg.</t>
    </s>
    <s>
        <t c="Árgangurinn">Árgangurinn</t>
        <t c="(">(</t>
        <t c="alt">allt</t>
        <t c="að">að</t>
        <t c="20">20</t>
        <t c="—">—</t>
        <t c="25">25</t>
        <t c="tbl.">tbl.</t>
        <t c=")">)</t>
        <t c="kostar">kostar</t>
        <t c="hér">hér</t>
        <t c="í">í</t>
        <t c="bænum">bænum</t>
        <t c="25">25</t>
        <t c="au.">au.</t>
        <t c=",">,</t>
        <t c="en">en</t>
        <t c="50">50</t>
        <t c="au.">au.</t>
        <t c=",">,</t>
        <t c="ef">ef</t>
        <t c="sent">sent</t>
        <t c="er">er</t>
        <t c="með">með</t>
        <t c="póstum">póstum</t>
        <t c=".">.</t>
    </s>
    <s>
        <t c="21.">21.</t>
    </s>
    <s>
        <t c="Sept.">Sept.</t>
        <t c="1900">1900</t>
        <t c=".">.</t>
    </s>
    <s>
        <t c="ALT">ALLT</t>
        <t c="FÆST">FÆST</t>
        <t c="Í">Í</t>
        <t c="THOMSENS">THOMSENS</t>
        <t c="BÚÐ">BÚÐ</t>
        <t c=".">.</t>
    </s>
    <s>
        <t c="ÓVANALEG">ÓVANALEG</t>
        <t c="KJÖR">KJÖR</t>
        <t c="!">!</t>
    </s>
    <s>
        <t c="Frá">Frá</t>
        <t c="því">því</t>
        <t c="í">í</t>
        <t c="dag">dag</t>
        <t c="og">og</t>
        <t c="allan">allan</t>
        <t c="Októbermánuð">Októbermánuð</t>
        <t c="verður">verður</t>
        <t c="í">í</t>
        <t c="Kramvörudeildinni">Búvörudeildinni</t>
        <t c="í">í</t>
        <t c="verzlun">verslun</t>
        <t c="Jóns">Jóns</t>
        <t c="Þórðarsonar">Þórðarsonar</t>
        <t c="gefið">gefið</t>
        <t c="til">til</t>
        <t c="baka">baka</t>
        <t c="5">5</t>
        <t c="—">—</t>
        <t c="15">15</t>
        <t c="aurar">aurar</t>
        <t c="af">af</t>
        <t c="hverri">hverri</t>
        <t c="krónu">krónu</t>
        <t c="sem">sem</t>
        <t c="keypt">keypt</t>
        <t c="er">er</t>
        <t c="fyrir">fyrir</t>
        <t c=".">.</t>
    </s>
    <s>
        <t c="Þettað">Þetta</t>
        <t c="ætti">ætti</t>
        <t c="fólk">fólk</t>
        <t c="að">að</t>
        <t c="nota">nota</t>
        <t c="sér">sér</t>
        <t c=".">.</t>
    </s>
    <s>
        <t c="Sömuleiðis">Sömuleiðis</t>
        <t c="fá">fá</t>
        <t c="þeir">þeir</t>
        <t c=",">,</t>
        <t c="sem">sem</t>
        <t c="kaupa">kaupa</t>
        <t c="fyrir">fyrir</t>
        <t c="vörur">vörur</t>
        <t c="og">og</t>
        <t c="milliskrift">milliskrift</t>
        <t c="betri">betri</t>
        <t c="kjör">kjör</t>
        <t c="en">en</t>
        <t c="áður">áður</t>
        <t c="á">á</t>
        <t c="sama">sama</t>
        <t c="tíma">tíma</t>
        <t c=".">.</t>
    </s>
    <s>
        <t c="Ofna">Ofna</t>
        <t c="og">og</t>
        <t c="Eldavélar">Eldavélar</t>
        <t c="selur">selur</t>
        <t c="KRISTJÁN">KRISTJÁN</t>
        <t c="ÞORGRÍMSSON">ÞORGRÍMSSON</t>
        <t c=".">.</t>
    </s>
    <s>
        <t c="Pottmynduð">Afmynduð</t>
        <t c="straupanna">staupanna</t>
        <t c="til">til</t>
        <t c="sölu">sölu</t>
        <t c=".">.</t>
    </s>
    <s>
        <t c="—">—</t>
        <t c="Útg.">Útg.</t>
        <t c="vísar">vísar</t>
        <t c="á">á</t>
        <t c=".">.</t>
    </s>
    <s>
        <t c="Heiðruðum">Heiðruðum</t>
        <t c="almenningi">almenningi</t>
        <t c="í">í</t>
        <t c="Reykjavík">Reykjavík</t>
        <t c="og">og</t>
        <t c="víðsvegar">víðs vegar</t>
        <t c="um">um</t>
        <t c="alt">allt</t>
        <t c="land">land</t>
        <t c=",">,</t>
        <t c="gefst">gefst</t>
        <t c="hér">hér</t>
        <t c="með">með</t>
        <t c="til">til</t>
        <t c="kynna">kynna</t>
        <t c=",">,</t>
        <t c="að">að</t>
        <t c="ég">ég</t>
        <t c="hefi">hefi</t>
        <t c="sett">sett</t>
        <t c="á">á</t>
        <t c="fót">fót</t>
        <t c="mekaniska">mekaníska</t>
        <t c="viðgerðar-vinnustofu">viðgerðar-vinnustofu</t>
        <t c="einnig">einnig</t>
        <t c="hjóldráttar">hjóldráttar</t>
        <t c="og">og</t>
        <t c="fágunarútbúnað">fágunarútbúnað</t>
        <t c="og">og</t>
        <t c="vil">vil</t>
        <t c="ég">ég</t>
        <t c="vinsamleg">vinsamleg</t>
        <t c="benda">benda</t>
        <t c="mönnum">mönnum</t>
        <t c="á">á</t>
        <t c="að">að</t>
        <t c="nota">nota</t>
        <t c="þessa">þessa</t>
        <t c="nýung">nýjung</t>
        <t c=".">.</t>
    </s>
    <s>
        <t c="Hjóldráttur">Hjóldráttur</t>
        <t c="og">og</t>
        <t c="fágun">fágun</t>
        <t c="á">á</t>
        <t c="alls">alls</t>
        <t c="konar">konar</t>
        <t c="stálvörum">stálvörum</t>
        <t c=",">,</t>
        <t c="sérstaklega">sérstaklega</t>
        <t c="skegghnífum">skegghnífum</t>
        <t c="og">og</t>
        <t c="læknaáhöldum">læknabönum</t>
        <t c=",">,</t>
        <t c="Viðgerð">Viðgerð</t>
        <t c="á">á</t>
        <t c="hjólhestum">hjólhestum</t>
        <t c="(">(</t>
        <t c="cykle">rykk</t>
        <t c=",">,</t>
        <t c=")">)</t>
        <t c="byssum">byssum</t>
        <t c=",">,</t>
        <t c="saumavélum">saumavélum</t>
        <t c="og">og</t>
        <t c="alls">alls</t>
        <t c="konar">konar</t>
        <t c="mekaniskum">mekanískum</t>
        <t c="vélum">vélum</t>
        <t c=".">.</t>
    </s>
    <s>
        <t c="Ennfremur">Enn Fremur</t>
        <t c="útbúnað">útbúnað</t>
        <t c="á">á</t>
        <t c="alls">alls</t>
        <t c="konar">konar</t>
        <t c="rafmagnsáhöldum">rafmagnsáhöldum</t>
        <t c=",">,</t>
        <t c="t.">t.</t>
        <t c="d.">d.</t>
    </s>
    <s>
        <t c="húsamálþráðum">húsamálurum</t>
        <t c=",">,</t>
        <t c="hringingaráhöldum">hringingaráhöldum</t>
        <t c="o.">o.</t>
        <t c="fl.">fl.</t>
    </s>
    <s>
        <t c="Steypi">Steypi</t>
        <t c="úr">úr</t>
        <t c="kopar">kopar</t>
        <t c=",">,</t>
        <t c="eir">eir</t>
        <t c="og">og</t>
        <t c="nýsilfri">nýsilfri</t>
        <t c=",">,</t>
        <t c="stykki">stykki</t>
        <t c="sem">sem</t>
        <t c="þarf">þarf</t>
        <t c="að">að</t>
        <t c="setja">setja</t>
        <t c="í">í</t>
        <t c="vélar">vélar</t>
        <t c="að">að</t>
        <t c="nýju">nýju</t>
        <t c=",">,</t>
        <t c="beizlisstengur">beizlisstengur</t>
        <t c="(">(</t>
        <t c="ný">ný</t>
        <t c="mót">mót</t>
        <t c=")">)</t>
        <t c=",">,</t>
        <t c="svipur">svipur</t>
        <t c="o.">o.</t>
        <t c="m.">m.</t>
        <t c="fl.">fl.</t>
    </s>
    <s>
        <t c="Sérstaklega">Sérstaklega</t>
        <t c="skal">skal</t>
        <t c="þess">þess</t>
        <t c="getið">getið</t>
        <t c="að">að</t>
        <t c="ég">ég</t>
        <t c="sel">sel</t>
        <t c="góða">góða</t>
        <t c="og">og</t>
        <t c="ódýra">ódýra</t>
        <t c="rokka">rokka</t>
        <t c=",">,</t>
        <t c="með">með</t>
        <t c="því">því</t>
        <t c="að">að</t>
        <t c="ég">ég</t>
        <t c="hefi">hefi</t>
        <t c="á">á</t>
        <t c="vinnustofu">vinnustofu</t>
        <t c="minni">minni</t>
        <t c="alþekta">alþekkta</t>
        <t c=",">,</t>
        <t c="mjög">mjög</t>
        <t c="góða">góða</t>
        <t c="smiði">smiði</t>
        <t c=",">,</t>
        <t c="sem">sem</t>
        <t c="renna">renna</t>
        <t c="rokka">rokka</t>
        <t c="og">og</t>
        <t c="annað">annað</t>
        <t c="manna">manna</t>
        <t c="bezt">best</t>
        <t c=".">.</t>
    </s>
    <s>
        <t c="Ég">Ég</t>
        <t c="vil">vil</t>
        <t c="leyfa">leyfa</t>
        <t c="mér">mér</t>
        <t c="að">að</t>
        <t c="benda">benda</t>
        <t c="hinum">hinum</t>
        <t c="heiðruðu">heiðruðu</t>
        <t c="trésmiðum">trésmiðum</t>
        <t c="í">í</t>
        <t c="Reykjavík">Reykjavík</t>
        <t c="á">á</t>
        <t c=",">,</t>
        <t c="að">að</t>
        <t c="þeir">þeir</t>
        <t c="geta">geta</t>
        <t c="fengið">fengið</t>
        <t c="rent">rent</t>
        <t c="á">á</t>
        <t c="vinnustofu">vinnustofu</t>
        <t c="minni">minni</t>
        <t c="fljótt">fljótt</t>
        <t c="og">og</t>
        <t c="ódýrt">ódýrt</t>
        <t c="það">það</t>
        <t c="sem">sem</t>
        <t c="þeir">þeir</t>
        <t c="þarfnast">þarfnast</t>
        <t c=".">.</t>
    </s>
    <s>
        <t c="Að">Að</t>
        <t c="endingu">endingu</t>
        <t c="skal">skal</t>
        <t c="þess">þess</t>
        <t c="getið">getið</t>
        <t c=",">,</t>
        <t c="að">að</t>
        <t c="ég">ég</t>
        <t c="panta">panta</t>
        <t c="fyrir">fyrir</t>
        <t c="menn">menn</t>
        <t c="eftir">eftir</t>
        <t c="verðskrá">verðskrá</t>
        <t c="vélar">vélar</t>
        <t c="og">og</t>
        <t c="vélaöld">vélaöld</t>
        <t c="frá">frá</t>
        <t c="hinum">hinum</t>
        <t c="stærstu">stærstu</t>
        <t c="verksmiðjum">verksmiðjum</t>
        <t c="á">á</t>
        <t c="Þýskalandi">Þýskalandi</t>
        <t c=",">,</t>
        <t c="fyrir">fyrir</t>
        <t c="lágt">lágt</t>
        <t c="verð">verð</t>
        <t c=",">,</t>
        <t c="og">og</t>
        <t c="með">með</t>
        <t c="ábyrgð">ábyrgð</t>
        <t c=".">.</t>
    </s>
    <s>
        <t c="W.">W.</t>
        <t c="Alexander">Alexander</t>
        <t c="Helssen">Helsan</t>
        <t c=".">.</t>
    </s>
    <s>
        <t c="Grjótagötu">Grjótagötu</t>
        <t c="4">4</t>
        <t c=".">.</t>
    </s>
    <s>
        <t c="Kirkjustræti">Kirkjustræti</t>
        <t c="8">8</t>
        <t c=".">.</t>
    </s>
    <s>
        <t c="FOR">FOR</t>
        <t c="GEMYTLIGE">GEMYTLIGE</t>
        <t c="MENNESKER">MENNSKIR</t>
        <t c=".">.</t>
    </s>
    <s>
        <t c="Humoristiska">Humoristiska</t>
        <t c="Gemyt">Gert</t>
        <t c=",">,</t>
        <t c="Fixer">Fixar</t>
        <t c="og">og</t>
        <t c="Trylle-Artikler">Trylle-Artikler</t>
        <t c="tíl">til</t>
        <t c="Moro">Moru</t>
        <t c="i">í</t>
        <t c="Selskabet">Elsabet</t>
        <t c=".">.</t>
    </s>
    <s>
        <t c="Model-Photographier">Model-Photographier</t>
        <t c="fra">frá</t>
        <t c="35">35</t>
        <t c="øre">øre</t>
        <t c=".">.</t>
    </s>
    <s>
        <t c="Pikante">Planta</t>
        <t c="Bager">Bagar</t>
        <t c=".">.</t>
    </s>
    <s>
        <t c="Skriv">Skriv</t>
        <t c="efter">efter</t>
        <t c="Prísliste">Píslist</t>
        <t c="!">!</t>
        <t c="!">!</t>
    </s>
    <s>
        <t c="og">og</t>
        <t c="indlæg">andlæg</t>
        <t c="16">16</t>
        <t c="øre">øre</t>
        <t c="i">í</t>
        <t c="islandske">islandske</t>
        <t c="Frimærker">Brimsker</t>
        <t c=".">.</t>
    </s>
    <s>
        <t c="J.">J.</t>
        <t c="A.">A.</t>
        <t c="Larsen">Larsen</t>
        <t c="Lille">Lilli</t>
        <t c="Kongens">Konungs</t>
        <t c=".">.</t>
    </s>
    <s>
        <t c="39">39</t>
        <t c=".">.</t>
    </s>
    <s>
        <t c="Kbhvn">Kyn</t>
        <t c=".">.</t>
    </s>
    <s>
        <t c="Fjárkaup">Fjárkaup</t>
        <t c="í">í</t>
        <t c="haust">haust</t>
        <t c=".">.</t>
    </s>
    <s>
        <t c="Eins">Eins</t>
        <t c="og">og</t>
        <t c="að">að</t>
        <t c="undanförnu">undanförnu</t>
        <t c="kaupi">kaupi</t>
        <t c="ég">ég</t>
        <t c="fé">fé</t>
        <t c=",">,</t>
        <t c="bæði">bæði</t>
        <t c="á">á</t>
        <t c="fæti">fæti</t>
        <t c="og">og</t>
        <t c="eftir">eftir</t>
        <t c="niðurlagi">niðurlagi</t>
        <t c=",">,</t>
        <t c="fyrir">fyrir</t>
        <t c="peninga">peninga</t>
        <t c=",">,</t>
        <t c="en">en</t>
        <t c="það">það</t>
        <t c="skal">skal</t>
        <t c="tekið">tekið</t>
        <t c="fram">fram</t>
        <t c=",">,</t>
        <t c="að">að</t>
        <t c="ég">ég</t>
        <t c="kaupi">kaupi</t>
        <t c="alls">alls</t>
        <t c="ekki">ekki</t>
        <t c="milkar">mylkar</t>
        <t c="ær">ær</t>
        <t c=".">.</t>
    </s>
    <s>
        <t c="Port">Port</t>
        <t c="fyrir">fyrir</t>
        <t c="féð">féð</t>
        <t c="er">er</t>
        <t c="látið">látið</t>
        <t c="í">í</t>
        <t c="té">té</t>
        <t c="ókeypis">ókeypis</t>
        <t c=",">,</t>
        <t c="og">og</t>
        <t c="sömul">sömul</t>
        <t c=".">.</t>
    </s>
    <s>
        <t c="geta">geta</t>
        <t c="þeir">þeir</t>
        <t c=",">,</t>
        <t c="er">er</t>
        <t c="verzla">versla</t>
        <t c="við">við</t>
        <t c="mig">mig</t>
        <t c=",">,</t>
        <t c="fengið">fengið</t>
        <t c="að">að</t>
        <t c="geyma">geyma</t>
        <t c="féð">féð</t>
        <t c="á">á</t>
        <t c="túni">túni</t>
        <t c="kostnaðarlítið">kostnaðarlið</t>
        <t c=".">.</t>
    </s>
    <s>
        <t c="Áreiðanleg">Áreiðanleg</t>
        <t c="viðskifti">viðskipti</t>
        <t c="og">og</t>
        <t c="fljót">fljót</t>
        <t c="afgreiðsla">afgreiðsla</t>
        <t c="fyrir">fyrir</t>
        <t c="alla">alla</t>
        <t c=".">.</t>
    </s>
    <s>
        <t c="Kristján">Kristján</t>
        <t c="Þorgrímsson">Þorgrímsson</t>
        <t c=".">.</t>
    </s>
    <s>
        <t c="Tapetpappír">Tapetpappír</t>
        <t c="bæði">bæði</t>
        <t c="fallegur">fallegur</t>
        <t c=",">,</t>
        <t c="góður">góður</t>
        <t c="og">og</t>
        <t c="ódýr">ódýr</t>
        <t c=",">,</t>
        <t c="fæst">fæst</t>
        <t c="hjá">hjá</t>
        <t c="SIGF.">SIGF.</t>
    </s>
    <s>
        <t c="EYMUNDSSYNI.">EYMUNDSSYNI</t>
    </s>
    <s>
        <t c="Ensku">Ensku</t>
        <t c="kennir">kennir</t>
        <t c="Sigríður">Sigríður</t>
        <t c="Ólafsson">Ólafsson</t>
        <t c=",">,</t>
        <t c="Ingólfsstræti">Ingólfsstræti</t>
        <t c="6">6</t>
        <t c=".">.</t>
    </s>
    <s>
        <t c="Í">Í</t>
        <t c="Veltusundi">Veltusundi</t>
        <t c="nr.">nr.</t>
        <t c="3">3</t>
        <t c=",">,</t>
        <t c="fást">fást</t>
        <t c=":">:</t>
        <t c="Saumavélar">Saumavélar</t>
        <t c=",">,</t>
        <t c="Vasa-Úr">Vasaúr</t>
        <t c=".">.</t>
    </s>
    <s>
        <t c="Stundaklukkur">Stundaklukkur</t>
        <t c=",">,</t>
        <t c="barómetrar">barómeta</t>
        <t c=",">,</t>
        <t c="Kíkirar">Kíkjar</t>
        <t c=",">,</t>
        <t c="Sextantar">Sextantar</t>
        <t c=".">.</t>
    </s>
    <s>
        <t c="Ofangreindir">Ofangreindir</t>
        <t c="munir">munir</t>
        <t c="einnig">einnig</t>
        <t c="teknir">teknir</t>
        <t c="til">til</t>
        <t c="aðgerðar">aðgerðar</t>
        <t c=".">.</t>
    </s>
    <s>
        <t c="M.">M.</t>
        <t c="Benjamínsson">Benjamínsson</t>
        <t c=".">.</t>
    </s>
    <s>
        <t c="Undirskrifnð">Undirskrift</t>
        <t c="veitir">veitir</t>
        <t c="börnum">börnum</t>
        <t c="og">og</t>
        <t c="fullorðum">fullorðnum</t>
        <t c="kenslu">kennslu</t>
        <t c="til">til</t>
        <t c="munns">munns</t>
        <t c="og">og</t>
        <t c="handa">handa</t>
        <t c=".">.</t>
    </s>
    <s>
        <t c="Friðrika">Friðrika</t>
        <t c="Lúðvíksdóttir">Lúðvíksdóttir</t>
        <t c=",">,</t>
        <t c="Laugaveg">Laugaveg</t>
        <t c="5">5</t>
        <t c=".">.</t>
    </s>
    <s>
        <t c="4">4</t>
        <t c="LÆKJARGÖTU">LÆKJARGÖTU</t>
        <t c="4">4</t>
        <t c="fæst">fæst</t>
        <t c="keyptur">keyptur</t>
        <t c="kostur">kostur</t>
        <t c=".">.</t>
    </s>
    <s>
        <t c="Sömuleiðis">Sömuleiðis</t>
        <t c="er">er</t>
        <t c="þar">þar</t>
        <t c="kaffisala">kaffisala</t>
        <t c=",">,</t>
        <t c="sem">sem</t>
        <t c="liggur">liggur</t>
        <t c="vel">vel</t>
        <t c="við">við</t>
        <t c="einkanlega">einkanlega</t>
        <t c="fyrir">fyrir</t>
        <t c="ferðafólk">ferðafólk</t>
        <t c=".">.</t>
    </s>
    <s>
        <t c="María">María</t>
        <t c="Ásgeirsson">Ásgeirsson</t>
        <t c=".">.</t>
    </s>
    <s>
        <t c="Bútungur">Bútungur</t>
        <t c=",">,</t>
        <t c="þur">þurr</t>
        <t c="og">og</t>
        <t c="vel">vel</t>
        <t c="verkaður">verkaður</t>
        <t c="og">og</t>
        <t c="allskonar">allskonar</t>
        <t c="tros">tros</t>
        <t c="fæst">fæst</t>
        <t c="í">í</t>
        <t c="verslun">verslun</t>
        <t c="STURLU">STURLU</t>
        <t c="JÓNSSONAR">JÓNSSONAR</t>
        <t c=".">.</t>
    </s>
    <s>
        <t c="Kväsarvalsinn">Kväsarvalsinn</t>
        <t c=".">.</t>
    </s>
    <s>
        <t c="Hjart-að">hjartað</t>
        <t c="af">af</t>
        <t c="á">á</t>
        <t c="-">-</t>
        <t c="nægj">nægju</t>
        <t c="-">-</t>
        <t c="u">u</t>
        <t c="hlær">hlær</t>
        <t c="í">í</t>
        <t c="mér">mér</t>
        <t c="hve-nær">hvenær</t>
        <t c="sem">sem</t>
        <t c="Kväs-rr-vals">Kväs-rr-vals</t>
        <t c="nefnd">nefnd</t>
        <t c="-">-</t>
        <t c="ur">úr</t>
        <t c="er">er</t>
        <t c=",">,</t>
        <t c="cresc">ceres</t>
        <t c=".">.</t>
    </s>
    <s>
        <t c="hoppa">hoppa</t>
        <t c="'">'</t>
        <t c="eg">ég</t>
        <t c="þá">þá</t>
        <t c="bæð">bæði</t>
        <t c="-">-</t>
        <t c="i">í</t>
        <t c="á">á</t>
        <t c="hæl">hæl</t>
        <t c="og">og</t>
        <t c="tá">tá</t>
        <t c=",">,</t>
        <t c="hringsól">hringsól</t>
        <t c="-">-</t>
        <t c="a">a</t>
        <t c="reik">reik</t>
        <t c="-">-</t>
        <t c="and">and</t>
        <t c="-">-</t>
        <t c="i">í</t>
        <t c="til">til</t>
        <t c="og">og</t>
        <t c="frá">frá</t>
        <t c=".">.</t>
    </s>
    <s>
        <t c="Með">Með</t>
        <t c="-">-</t>
        <t c="an">an</t>
        <t c="ég">ég</t>
        <t c="enn">enn</t>
        <t c="er">er</t>
        <t c="frár">frár</t>
        <t c="á">á</t>
        <t c="fæti">fæti</t>
        <t c=",">,</t>
        <t c="fer">fer</t>
        <t c="ég">ég</t>
        <t c="á">á</t>
        <t c="dans">dans</t>
        <t c=",">,</t>
        <t c="því">því</t>
        <t c="ég">ég</t>
        <t c="elsk">elsk</t>
        <t c="-">-</t>
        <t c="a">a</t>
        <t c="rall">rall</t>
        <t c=",">,</t>
        <t c="“">“</t>
    </s>
    <s>
        <t c="heil-a">heila</t>
        <t c="nótt">nótt</t>
        <t c="ég">ég</t>
        <t c="hopp-að">hoppað</t>
        <t c="gæti">gæti</t>
        <t c="húrr-a">húrra</t>
        <t c="!">!</t>
    </s>
    <s>
        <t c="nú">nú</t>
        <t c="ætti">ætti</t>
        <t c="að">að</t>
        <t c="ver">ver</t>
        <t c="-">-</t>
        <t c="a">a</t>
        <t c="„">„</t>
        <t c="ball.">ball</t>
        <t c="“">“</t>
    </s>
    <s>
        <t c="Dansa">Dansa</t>
        <t c="hann">hann</t>
        <t c="meyjar">meyjar</t>
        <t c="og">og</t>
        <t c="dansa">dansa</t>
        <t c="'">'</t>
        <t c="hann">hann</t>
        <t c="fljóð">fljóð</t>
        <t c=",">,</t>
        <t c="dansa">dansa</t>
        <t c="hann">hann</t>
        <t c="á">á</t>
        <t c="jólunum">jólunum</t>
        <t c="börnin">börnin</t>
        <t c="góð">góð</t>
        <t c=",">,</t>
        <t c="dansa">dansa</t>
        <t c="hann">hann</t>
        <t c="kóngar">kóngar</t>
        <t c="og">og</t>
        <t c="kotungar">kotungar</t>
        <t c=",">,</t>
        <t c="kaupmenn">kaupmenn</t>
        <t c=",">,</t>
        <t c="sjómenn">sjómenn</t>
        <t c="og">og</t>
        <t c="borgarar">borgarar</t>
        <t c=".">.</t>
    </s>
    <s>
        <t c="Meðan">Meðan</t>
        <t c="ég">ég</t>
        <t c="enn">enn</t>
        <t c="er">er</t>
        <t c="frár">frár</t>
        <t c="á">á</t>
        <t c="fæti">fæti</t>
        <t c="o.">o.</t>
        <t c="s.">s.</t>
        <t c="frv.">frv.</t>
    </s>
    <s>
        <t c="Hann">Hann</t>
        <t c="verður">verður</t>
        <t c="raulaður">raulaður</t>
        <t c="heims">heims</t>
        <t c="um">um</t>
        <t c="ból">ból</t>
        <t c=",">,</t>
        <t c="hljómurinn">hljómurinn</t>
        <t c="berst">berst</t>
        <t c="þá">þá</t>
        <t c="um">um</t>
        <t c="norðurpól">norðurpól</t>
        <t c=",">,</t>
        <t c="kannske">kannski</t>
        <t c="hann">hann</t>
        <t c="verði">verði</t>
        <t c="og">og</t>
        <t c="kveðinn">kveðinn</t>
        <t c="þar">þar</t>
        <t c="á">á</t>
        <t c="klakanum">klakanum</t>
        <t c="bar">bar</t>
        <t c="sem">sem</t>
        <t c="hann">hann</t>
        <t c="Nansen">Nansen</t>
        <t c="var">var</t>
        <t c=".">.</t>
    </s>
    <s>
        <t c="Meðan">Meðan</t>
        <t c="ég">ég</t>
        <t c="enn">enn</t>
        <t c="er">er</t>
        <t c="o.">o.</t>
        <t c="s.">s.</t>
        <t c="frv.">frv.</t>
    </s>
    <s>
        <t c="Heyrist">Heyrist</t>
        <t c="hann">hann</t>
        <t c="kveðinn">kveðinn</t>
        <t c="um">um</t>
        <t c="Hafnar">Hafnar</t>
        <t c="torg">torg</t>
        <t c=",">,</t>
        <t c="hann">hann</t>
        <t c="er">er</t>
        <t c="og">og</t>
        <t c="kunnur">kunnur</t>
        <t c="í">í</t>
        <t c="Rómaborg">Rómaborg</t>
        <t c=",">,</t>
        <t c="fallnar">fallnar</t>
        <t c="sálir">sálir</t>
        <t c="í">í</t>
        <t c="Frelsisher">Frelsisher</t>
        <t c="fagna">fagna</t>
        <t c="þegar">þegar</t>
        <t c="hann">hann</t>
        <t c="sunginn">sunginn</t>
        <t c="er">er</t>
        <t c=".">.</t>
    </s>
    <s>
        <t c="Meðan">Meðan</t>
        <t c="ég">ég</t>
        <t c="enn">enn</t>
        <t c="er">er</t>
        <t c="o.">o.</t>
        <t c="s.">s.</t>
        <t c="frv.">frv.</t>
    </s>
    <s>
        <t c="Danskinum">Danskinum</t>
        <t c="höfum">höfum</t>
        <t c="vér">vér</t>
        <t c="dansinn">dansinn</t>
        <t c="frá">frá</t>
        <t c=",">,</t>
        <t c="danskurinn">danskurinn</t>
        <t c="gaf">gaf</t>
        <t c="okkur">okkur</t>
        <t c="stjórnarskrá">stjórnarskrá</t>
        <t c=",">,</t>
        <t c="margt">margt</t>
        <t c="hefir">hefir</t>
        <t c="danskurinn">danskurinn</t>
        <t c="vel">vel</t>
        <t c="oss">oss</t>
        <t c="veitt">veitt</t>
        <t c=",">,</t>
        <t c="viljum">viljum</t>
        <t c="þó">þó</t>
        <t c="kannast">kannast</t>
        <t c="við">við</t>
        <t c="lítið">lítið</t>
        <t c="eitt">eitt</t>
        <t c=".">.</t>
    </s>
    <s>
        <t c="Meðan">Meðan</t>
        <t c="ég">ég</t>
        <t c="enn">enn</t>
        <t c="er">er</t>
        <t c="o.">o.</t>
        <t c="s.">s.</t>
        <t c="frv.">frv.</t>
    </s>
    <s>
        <t c="Plausor">Plausor</t>
        <t c=".">.</t>
    </s>
    <s>
        <t c="Bændur">Bændur</t>
        <t c="hann">hann</t>
        <t c="kyrja">kyrja</t>
        <t c="og">og</t>
        <t c="barónar">barónar</t>
        <t c="í">í</t>
        <t c="brúðkaupsveizlum">brúðkaupsveislum</t>
        <t c="og">og</t>
        <t c="alstaðar">alls staðar</t>
        <t c="hvar">hvar</t>
        <t c="sem">sem</t>
        <t c="að">að</t>
        <t c="glatt">glatt</t>
        <t c="verður">verður</t>
        <t c="hóf">hóf</t>
        <t c="um">um</t>
        <t c="kvöld">kvöld</t>
        <t c=",">,</t>
        <t c="hann">hann</t>
        <t c="verður">verður</t>
        <t c="gestur">gestur</t>
        <t c="á">á</t>
        <t c="næstu">næstu</t>
        <t c="öld">öld</t>
        <t c=".">.</t>
    </s>
    <s>
        <t c="Meðan">Meðan</t>
        <t c="ég">ég</t>
        <t c="enn">enn</t>
        <t c="er">er</t>
        <t c="o.">o.</t>
        <t c="s.">s.</t>
        <t c="frv.">frv.</t>
    </s>
    <s>
        <t c="Musik-nótur">Musik-nótur</t>
        <t c="prentar">prentar</t>
        <t c="engin">engin</t>
        <t c="prentsm.">prentsm.</t>
        <t c="á">á</t>
        <t c="Íslandi">Íslandi</t>
        <t c=",">,</t>
        <t c="nema">nema</t>
        <t c="Aldarprentsmiðja">Aldarprentsmiðja</t>
        <t c=".">.</t>
    </s>
    <s>
        <t c="Kensla">Kennsla</t>
        <t c=".">.</t>
    </s>
    <s>
        <t c="Eins">Eins</t>
        <t c="og">og</t>
        <t c="að">að</t>
        <t c="undanförnu">undanförnu</t>
        <t c=",">,</t>
        <t c="kenni">kenni</t>
        <t c="ég">ég</t>
        <t c="margs">margs</t>
        <t c="konar">konar</t>
        <t c="hannyrðar">hannyrða</t>
        <t c=",">,</t>
        <t c="og">og</t>
        <t c="kenni">kenni</t>
        <t c="börnum">börnum</t>
        <t c=".">.</t>
    </s>
    <s>
        <t c="Sigríður">Sigríður</t>
        <t c="Metúsalemsdóttir">Metúsalemsdóttir</t>
        <t c=",">,</t>
        <t c="Kirkjustræti">Kirkjustræti</t>
        <t c="2">2</t>
        <t c=".">.</t>
    </s>
    <s>
        <t c="Ritstjórí">Ritstjóri</t>
        <t c=",">,</t>
        <t c="Fjallkonunnar">Fjallkonunnar</t>
        <t c="&quot;">&quot;</t>
        <t c="dæmdur">dæmdur</t>
        <t c="fyrir">fyrir</t>
        <t c="meiðyrði">meiðyrði</t>
        <t c=".">.</t>
    </s>
    <s>
        <t c="Þ.">Þ.</t>
        <t c="6.">6.</t>
        <t c="þ.">þ.</t>
        <t c="mán.">mán.</t>
        <t c="var">var</t>
        <t c="ritstj.">ritstj.</t>
    </s>
    <s>
        <t c="Fj.konunnar">fjárkonunnar</t>
        <t c="dæmdur">dæmdur</t>
        <t c="í">í</t>
        <t c="20">20</t>
        <t c="kr.">kr.</t>
        <t c="sekt">sekt</t>
        <t c="auk">auk</t>
        <t c="málskostnaðar">málskostnaðar</t>
        <t c="fyrir">fyrir</t>
        <t c="meiðyrði">meiðyrði</t>
        <t c="um">um</t>
        <t c="hr.">hr.</t>
        <t c="Östlund">Östlund</t>
        <t c="í">í</t>
        <t c="greininni">greininni</t>
        <t c="„">„</t>
        <t c="Afturför">Afturför</t>
        <t c="í">í</t>
        <t c="bókagerð">bókagerð</t>
        <t c="og">og</t>
        <t c="prentiðn">prentiðn</t>
        <t c="“">“</t>
        <t c="með">með</t>
        <t c="undirskrift">undirskrift</t>
        <t c="„">„</t>
        <t c="Bibliofilo.S">Bibliofilo.S</t>
        <t c="“">“</t>
        <t c=",">,</t>
        <t c="sem">sem</t>
        <t c="prentuð">prentuð</t>
        <t c="er">er</t>
        <t c="í">í</t>
        <t c="Fj.k.">e.k.</t>
        <t c=",">,</t>
        <t c="23.">23.</t>
        <t c="tbl.">tbl.</t>
        <t c="þ.">þ.</t>
        <t c="á.">á.</t>
        <t c=",">,</t>
        <t c="er">er</t>
        <t c="út">út</t>
        <t c="kom">kom</t>
        <t c="16">16</t>
        <t c=".">.</t>
    </s>
    <s>
        <t c="Júní">Júní</t>
        <t c=".">.</t>
    </s>
    <s>
        <t c="Hann">Hann</t>
        <t c="var">var</t>
        <t c="sektaður">sektaður</t>
        <t c="fyrir">fyrir</t>
        <t c="illan">illan</t>
        <t c="munnsöfnuð">munnsöfnuð</t>
        <t c="í">í</t>
        <t c="nefndri">nefndri</t>
        <t c="grein">grein</t>
        <t c=",">,</t>
        <t c="og">og</t>
        <t c="voru">voru</t>
        <t c="þessi">þessi</t>
        <t c="orð">orð</t>
        <t c="dæmd">dæmd</t>
        <t c="dauð">dauð</t>
        <t c="og">og</t>
        <t c="ómerk">ómerk</t>
        <t c=":">:</t>
        <t c="—">—</t>
        <t c="„">„</t>
        <t c="er">er</t>
        <t c="mér">mér</t>
        <t c="nær">nær</t>
        <t c="að">að</t>
        <t c="halda">halda</t>
        <t c=",">,</t>
        <t c="að">að</t>
        <t c="guðsmaðurinn">guðsmaðurinn</t>
        <t c="sé">sé</t>
        <t c="meir">meir</t>
        <t c="eða">eða</t>
        <t c="minna">minna</t>
        <t c="sekur">sekur</t>
        <t c="við">við</t>
        <t c="öll">öll</t>
        <t c="þessi">þessi</t>
        <t c="boðorð">boðorð</t>
        <t c="(">(</t>
        <t c="nefnil.">nefnil.</t>
    </s>
    <s>
        <t c="hvað">hvað</t>
        <t c="skírlíft">skírlíft</t>
        <t c="er">er</t>
        <t c="og">og</t>
        <t c="sómasamlegt">sómasamlegt</t>
        <t c=",">,</t>
        <t c="hvað">hvað</t>
        <t c="léttvísi">léttvísi</t>
        <t c="er">er</t>
        <t c=",">,</t>
        <t c="hvað">hvað</t>
        <t c="elskuvert">elskuvert</t>
        <t c="er">er</t>
        <t c="eða">eða</t>
        <t c="gott">gott</t>
        <t c="afspurnar">afspurnar</t>
        <t c=",">,</t>
        <t c="hvað">hvað</t>
        <t c="dygðugt">dygðugt</t>
        <t c="er">er</t>
        <t c=",">,</t>
        <t c="hvað">hvað</t>
        <t c="lofsvert">lofsvert</t>
        <t c="er">er</t>
        <t c=",">,</t>
        <t c="gefið">gefið</t>
        <t c="því">því</t>
        <t c="gaum">gaum</t>
        <t c=")">)</t>
        <t c="í">í</t>
        <t c="riti">riti</t>
        <t c="sínu">sínu</t>
        <t c=",">,</t>
        <t c="nema">nema</t>
        <t c="ég">ég</t>
        <t c="get">get</t>
        <t c="þó">þó</t>
        <t c="undantekið">undantekið</t>
        <t c="eitt">eitt</t>
        <t c="—">—</t>
        <t c="skírlífið">skírlífið</t>
        <t c=",">,</t>
        <t c="það">það</t>
        <t c="er">er</t>
        <t c="satt">satt</t>
        <t c=";">;</t>
        <t c="klám">klám</t>
        <t c="hefir">hefir</t>
        <t c="hann">hann</t>
        <t c="ekki">ekki</t>
        <t c="skrifað">skrifað</t>
        <t c=",">,</t>
        <t c="það">það</t>
        <t c="má">má</t>
        <t c="hann">hann</t>
        <t c="eiga">eiga</t>
        <t c=".">.</t>
        <t c="&quot;">&quot;</t>
    </s>
    <s>
        <t c="Einnig">Einnig</t>
        <t c="voru">voru</t>
        <t c="eftirfarandi">eftirfarandi</t>
        <t c="orð">orð</t>
        <t c="dæmd">dæmd</t>
        <t c="dauð">dauð</t>
        <t c="og">og</t>
        <t c="ómerk">ómerk</t>
        <t c=":">:</t>
        <t c="„">„</t>
        <t c="Hún">Hún</t>
        <t c="sýnir">sýnir</t>
        <t c=".">.</t>
    </s>
    <s>
        <t c=".">.</t>
    </s>
    <s>
        <t c=".">.</t>
    </s>
    <s>
        <t c="að">að</t>
        <t c="Östlund">Östlund</t>
        <t c="fer">fer</t>
        <t c="með">með</t>
        <t c="vísvitandi">vísvitandi</t>
        <t c="ósannindi">ósannindi</t>
        <t c=",">,</t>
        <t c="þar">þar</t>
        <t c="som">som</t>
        <t c="hann">hann</t>
        <t c="ber">ber</t>
        <t c="séra">séra</t>
        <t c="Friðrik">Friðrik</t>
        <t c="fyrir">fyrir</t>
        <t c="því">því</t>
        <t c=",">,</t>
        <t c="að">að</t>
        <t c="þar">þar</t>
        <t c="(">(</t>
        <t c="í">í</t>
        <t c="biblíunni">biblíunni</t>
        <t c=")">)</t>
        <t c="séu">séu</t>
        <t c="engar">engar</t>
        <t c="mótsagnir.">mótsagnir</t>
        <t c="“">“</t>
    </s>
    <s>
        <t c="Verði">Verði</t>
        <t c="sektin">sektin</t>
        <t c="ekki">ekki</t>
        <t c="greidd">greidd</t>
        <t c="í">í</t>
        <t c="tækan">tækan</t>
        <t c="tíma">tíma</t>
        <t c=",">,</t>
        <t c="komi">komi</t>
        <t c="í">í</t>
        <t c="hennar">hennar</t>
        <t c="stað">stað</t>
        <t c="einfalt">einfalt</t>
        <t c="fangelsi">fangelsi</t>
        <t c="í">í</t>
        <t c="6">6</t>
        <t c="daga">daga</t>
        <t c=".">.</t>
    </s>
    <s>
        <t c="Úr">Úr</t>
        <t c="bænum">bænum</t>
        <t c=".">.</t>
    </s>
    <s>
        <t c="Ofsaveður">Ofsaveður</t>
        <t c="hefir">hefir</t>
        <t c="verið">verið</t>
        <t c="hér">hér</t>
        <t c="undanfarna">undanfarna</t>
        <t c="daga">daga</t>
        <t c="af">af</t>
        <t c="útsuðri">útsuðri</t>
        <t c=",">,</t>
        <t c="einkum">einkum</t>
        <t c="aðfaranótt">aðfaranótt</t>
        <t c="fimtudags">fimmtudags</t>
        <t c=".">.</t>
    </s>
    <s>
        <t c="Hafa">Hafa</t>
        <t c="fiskiskip">fiskiskip</t>
        <t c="sum">sum</t>
        <t c="skemst">skemmst</t>
        <t c="hér">hér</t>
        <t c="meir">meir</t>
        <t c="og">og</t>
        <t c="minna">minna</t>
        <t c=".">.</t>
    </s>
    <s>
        <t c="Skipin">Skipin</t>
        <t c="„">„</t>
        <t c="To">To</t>
        <t c="venner">venur</t>
        <t c="“">“</t>
        <t c="(">(</t>
        <t c="eign">eign</t>
        <t c="G.">G.</t>
        <t c="Zoëga">Zoëga</t>
        <t c=")">)</t>
        <t c="og">og</t>
        <t c="„">„</t>
        <t c="Solide">Sólin</t>
        <t c="“">“</t>
        <t c="(">(</t>
        <t c="eign">eign</t>
        <t c="Magnúsar">Magnúsar</t>
        <t c="Blöndals">Blöndals</t>
        <t c=")">)</t>
        <t c="rákust">rákust</t>
        <t c="á">á</t>
        <t c="hér">hér</t>
        <t c="á">á</t>
        <t c="höfninni">höfninni</t>
        <t c="og">og</t>
        <t c="skemdust">skemmdust</t>
        <t c="bæði">bæði</t>
        <t c="talsvert">talsvert</t>
        <t c=".">.</t>
    </s>
    <s>
        <t c="„">„</t>
        <t c="Solide">Sólin</t>
        <t c="“">“</t>
    </s>
    <s>
        <t c="sökk">sökk</t>
        <t c="hér">hér</t>
        <t c="á">á</t>
        <t c="höfninni">höfninni</t>
        <t c="í">í</t>
        <t c="gær">gær</t>
        <t c="og">og</t>
        <t c="sér">sér</t>
        <t c="að">að</t>
        <t c="eins">eins</t>
        <t c="á">á</t>
        <t c="mastrið">mastrið</t>
        <t c=".">.</t>
    </s>
    <s>
        <t c="—">—</t>
        <t c="„">„</t>
        <t c="Vesta">Vesta</t>
        <t c="“">“</t>
    </s>
    <s>
        <t c="enn">enn</t>
        <t c="ókomin">ókomin</t>
        <t c=".">.</t>
    </s>
    <s>
        <t c="Gefin">Gefin</t>
        <t c="saman">saman</t>
        <t c="í">í</t>
        <t c="hjónaband">hjónaband</t>
        <t c=".">.</t>
    </s>
    <s>
        <t c="11">11</t>
        <t c=".">.</t>
    </s>
    <s>
        <t c="Ag.">A.</t>
        <t c=":">:</t>
        <t c="Guðjón">Guðjón</t>
        <t c="Jónsson">Jónsson</t>
        <t c="járnsmiður">járnsmiður</t>
        <t c="og">og</t>
        <t c="ungfrú">ungfrú</t>
        <t c="Halldóra">Halldóra</t>
        <t c="Hildibrandsdóttir">Hildibrandsdóttir</t>
        <t c="frá">frá</t>
        <t c="Hákoti">Hákoti</t>
        <t c=".">.</t>
    </s>
    <s>
        <t c="25">25</t>
        <t c=".">.</t>
    </s>
    <s>
        <t c="Ág.">Ág.</t>
        <t c=":">:</t>
        <t c="Runólfur">Runólfur</t>
        <t c="Pétursson">Pétursson</t>
        <t c="kaupmaður">kaupmaður</t>
        <t c="og">og</t>
        <t c="ungfrú">ungfrú</t>
        <t c="Arnfríður">Arnfríður</t>
        <t c="Finnbogadóttir">Finnbogadóttir</t>
        <t c="(">(</t>
        <t c="frá">frá</t>
        <t c="Reykjum">Reykjum</t>
        <t c=")">)</t>
        <t c=".">.</t>
    </s>
    <s>
        <t c="18.">18.</t>
    </s>
    <s>
        <t c="Sept.">Sept.</t>
    </s>
    <s>
        <t c="Helgi">Helgi</t>
        <t c="Gíslason">Gíslason</t>
        <t c="skipstjóri">skipstjóri</t>
        <t c="og">og</t>
        <t c="ungfrú">ungfrú</t>
        <t c="Sigurbjörg">Sigurbjörg</t>
        <t c="Halldórsdóttir">Halldórsdóttir</t>
        <t c="frá">frá</t>
        <t c="Skálholtskoti">Skálholtskoti</t>
        <t c=".">.</t>
    </s>
    <s>
        <t c="20">20</t>
        <t c=".">.</t>
    </s>
    <s>
        <t c="Sept.">Sept.</t>
        <t c=":">:</t>
        <t c="Kristmundur">Kristmundur</t>
        <t c="Eysteinsson">Eysteinsson</t>
        <t c="stýrimaður">stýrimaður</t>
        <t c="og">og</t>
        <t c="ungfrú">ungfrú</t>
        <t c="Elín">Elín</t>
        <t c="Jónsdóttir">Jónsdóttir</t>
        <t c="Vesturg.">Vesturg.</t>
        <t c="4">4</t>
        <t c=".">.</t>
    </s>
    <s>
        <t c="Á">Á</t>
        <t c="Laugardaginn">Laugardaginn</t>
        <t c="var">var</t>
        <t c="voru">voru</t>
        <t c="gefin">gefin</t>
        <t c="saman">saman</t>
        <t c="í">í</t>
        <t c="hjónaband">hjónaband</t>
        <t c="cand.">cand.</t>
    </s>
    <s>
        <t c="Pétur">Pétur</t>
        <t c="Hjaltested">Hjaltested</t>
        <t c="og">og</t>
        <t c="frk.">frk.</t>
    </s>
    <s>
        <t c="Soffía">Soffía</t>
        <t c="Finsen">Finsen</t>
        <t c=",">,</t>
        <t c="og">og</t>
        <t c="sömuleiðis">sömuleiðis</t>
        <t c="(">(</t>
        <t c="suður">suður</t>
        <t c="í">í</t>
        <t c="Hafnarfirði">Hafnarfirði</t>
        <t c=")">)</t>
        <t c="Árni">Árni</t>
        <t c="Thorsteinsson">Thorsteinsson</t>
        <t c="ljósmyndari">ljósmyndari</t>
        <t c="og">og</t>
        <t c="frk.">frk.</t>
    </s>
    <s>
        <t c="Helga">Helga</t>
        <t c="Einarsdóttir">Einarsdóttir</t>
        <t c=".">.</t>
    </s>
    <s>
        <t c="Hér">Hér</t>
        <t c="hafa">hafa</t>
        <t c="verið">verið</t>
        <t c="á">á</t>
        <t c="ferðinni">ferðinni</t>
        <t c=":">:</t>
        <t c="Hannes">Hannes</t>
        <t c="Hafsteinn">Hafsteinn</t>
        <t c="sýslumaður">sýslumaður</t>
        <t c="og">og</t>
        <t c="frú">frú</t>
        <t c="hans">hans</t>
        <t c=",">,</t>
        <t c="séra">séra</t>
        <t c="Friðrik">Friðrik</t>
        <t c="Hallgrímsson">Hallgrímsson</t>
        <t c="frá">frá</t>
        <t c="Útskálum">Útskálum</t>
        <t c="og">og</t>
        <t c="frú">frú</t>
        <t c="hans">hans</t>
        <t c=".">.</t>
    </s>
    <s>
        <t c="Af">Af</t>
        <t c="Eyrarbakka">Eyrarbakka</t>
        <t c=":">:</t>
        <t c="Níelsen">Níelsi</t>
        <t c="verzlunarstjóri">verslunarstjóri</t>
        <t c="með">með</t>
        <t c="frú">frú</t>
        <t c="sinni">sinni</t>
        <t c="og">og</t>
        <t c="dætrum">dætrum</t>
        <t c=",">,</t>
        <t c="stúdent">stúdent</t>
        <t c="Sigfús">Sigfús</t>
        <t c="Einarsson">Einarsson</t>
        <t c="og">og</t>
        <t c="unnusta">unnusta</t>
        <t c="hans">hans</t>
        <t c="Halldóra">Halldóra</t>
        <t c="Guðmundsdóttir">Guðmundsdóttir</t>
        <t c=",">,</t>
        <t c="og">og</t>
        <t c="Sigurður">Sigurður</t>
        <t c="Eiríksson">Eiríksson</t>
        <t c="organisti">organisti</t>
        <t c=".">.</t>
    </s>
    <s>
        <t c="Af">Af</t>
        <t c="Akranesi">Akranesi</t>
        <t c=":">:</t>
        <t c="verzlunarstjórarnir">verslunarstjórarnir</t>
        <t c="Magnús">Magnús</t>
        <t c="Ólafsson">Ólafsson</t>
        <t c="og">og</t>
        <t c="ívar">ívar</t>
        <t c="Helgason">Helgason</t>
        <t c=",">,</t>
        <t c="læknir">læknir</t>
        <t c="Ólafur">Ólafur</t>
        <t c="Finsen">Finsen</t>
        <t c="og">og</t>
        <t c="frú">frú</t>
        <t c="hans">hans</t>
        <t c=",">,</t>
        <t c="og">og</t>
        <t c="Kristmann">Kristmann</t>
        <t c="Tómasson">Tómasson</t>
        <t c=".">.</t>
    </s>
    <s>
        <t c="Hér">Hér</t>
        <t c="hafa">hafa</t>
        <t c="og">og</t>
        <t c="verið">verið</t>
        <t c="Páll">Páll</t>
        <t c="læknir">læknir</t>
        <t c="Blöndal">Blöndal</t>
        <t c="í">í</t>
        <t c="Ey">Ey</t>
        <t c="og">og</t>
        <t c="sonur">sonur</t>
        <t c="hans">hans</t>
        <t c="Jón">Jón</t>
        <t c="með">með</t>
        <t c="frú">frú</t>
        <t c="sinni">sinni</t>
        <t c=",">,</t>
        <t c="frú">frú</t>
        <t c="Jensína">Jensína</t>
        <t c="Matthíasdóttir">Matthíasdóttir</t>
        <t c="Straumfirði">Straumfirði</t>
        <t c=",">,</t>
        <t c="Torfi">Torfi</t>
        <t c="Markússon">Markússon</t>
        <t c="skipstjóri">skipstjóri</t>
        <t c="af">af</t>
        <t c="ísafirði">ísafirði</t>
        <t c="(">(</t>
        <t c="kom">kom</t>
        <t c="að">að</t>
        <t c="vestan">vestan</t>
        <t c="með">með</t>
        <t c="Heimdalli">Heimdalli</t>
        <t c=")">)</t>
        <t c="og">og</t>
        <t c="séra">séra</t>
        <t c="Hálfdán">Hálfdán</t>
        <t c="Guðjónsson">Guðjónsson</t>
        <t c="frá">frá</t>
        <t c="Breiðabólsstað">Breiðabólsstað</t>
        <t c="í">í</t>
        <t c="Vesturhópi">Vesturhópi</t>
        <t c=".">.</t>
    </s>
    <s>
        <t c="Með">Með</t>
        <t c="„">„</t>
        <t c="Skálholt">Skálholt</t>
        <t c="“">“</t>
        <t c="kom">kom</t>
        <t c="margt">margt</t>
        <t c="farþegja">farþega</t>
        <t c=",">,</t>
        <t c="þar">þar</t>
        <t c="á">á</t>
        <t c="meðal">meðal</t>
        <t c="Stefán">Stefán</t>
        <t c="ritstjóri">ritstjóri</t>
        <t c="Runólfsson">Runólfsson</t>
        <t c="af">af</t>
        <t c="Ísaf.">Ísaf.</t>
        <t c=",">,</t>
        <t c="Ólafur">Ólafur</t>
        <t c="Hjaltested">Hjaltested</t>
        <t c="verzlunarerindreki">verslunarerindreki</t>
        <t c="o.">o.</t>
        <t c="fl.">fl.</t>
        <t c="o.">o.</t>
        <t c="11">11</t>
        <t c=".">.</t>
    </s>
    <s>
        <t c="Dánir">Dánir</t>
        <t c="í">í</t>
        <t c="Reykjavíkursókn">Reykjavíkursókn</t>
        <t c=".">.</t>
    </s>
    <s>
        <t c="22.">22.</t>
    </s>
    <s>
        <t c="Júlí">Júlí</t>
        <t c=":">:</t>
        <t c="Ágúst">Ágúst</t>
        <t c="Thorberg">Thorberg</t>
        <t c="Gunnarsson">Gunnarsson</t>
        <t c="(">(</t>
        <t c="drengur">drengur</t>
        <t c="á">á</t>
        <t c="1.">1.</t>
        <t c="ári">ári</t>
        <t c=")">)</t>
        <t c=",">,</t>
        <t c="Laugaveg">Laugaveg</t>
        <t c="35">35</t>
        <t c=".">.</t>
    </s>
    <s>
        <t c="26">26</t>
        <t c=":">:</t>
        <t c="Anna">Anna</t>
        <t c="Eiríksdóttir">Eiríksdóttir</t>
        <t c=",">,</t>
        <t c="ekkja">ekkja</t>
        <t c="(">(</t>
        <t c="45">45</t>
        <t c="ára">ára</t>
        <t c=")">)</t>
        <t c="úr">úr</t>
        <t c="Biskupstungnahreppi">Biskupstungnahreppi</t>
        <t c=".">.</t>
    </s>
    <s>
        <t c="31.">31.</t>
        <t c=":">:</t>
        <t c="Ásgeir">Ásgeir</t>
        <t c="Guðjónsson">Guðjónsson</t>
        <t c="á">á</t>
        <t c="Tóptum">Tóftum</t>
        <t c="(">(</t>
        <t c="á">á</t>
        <t c="1.">1.</t>
        <t c="ári">ári</t>
        <t c=")">)</t>
        <t c=".">.</t>
    </s>
    <s>
        <t c="2">2</t>
        <t c=".">.</t>
    </s>
    <s>
        <t c="Ág.">Ág.</t>
        <t c=":">:</t>
        <t c="Sigríður">Sigríður</t>
        <t c="Þórðardóttir">Þórðardóttir</t>
        <t c=",">,</t>
        <t c="gift">gift</t>
        <t c="kona">kona</t>
        <t c="í">í</t>
        <t c="Nýlendugötu">Nýlendugötu</t>
        <t c="(">(</t>
        <t c="33">33</t>
        <t c=")">)</t>
        <t c=".">.</t>
    </s>
    <s>
        <t c="2.">2.</t>
        <t c=":">:</t>
        <t c="Guðný">Guðný</t>
        <t c="Möller">Möller</t>
        <t c=",">,</t>
        <t c="gift">gift</t>
        <t c="kona">kona</t>
        <t c="af">af</t>
        <t c="Eyrarbakka">Eyrarbakka</t>
        <t c="(">(</t>
        <t c="56">56</t>
        <t c=")">)</t>
        <t c=".">.</t>
    </s>
    <s>
        <t c="12.">12.</t>
        <t c=":">:</t>
        <t c="Bergur">Bergur</t>
        <t c="Sigurðsson">Sigurðsson</t>
        <t c=",">,</t>
        <t c="sjúkl.">sjúkl.</t>
        <t c="á">á</t>
        <t c="Holdsveikrasp.">Holdsveikrasp.</t>
        <t c="(">(</t>
        <t c="33">33</t>
        <t c=")">)</t>
        <t c=".">.</t>
    </s>
    <s>
        <t c="10.">10.</t>
        <t c=":">:</t>
        <t c="Jón">Jón</t>
        <t c="Guðmundsson">Guðmundsson</t>
        <t c=",">,</t>
        <t c="ekkill">ekkill</t>
        <t c="á">á</t>
        <t c="Norðurreykjum">Norður-Reykjum</t>
        <t c="(">(</t>
        <t c="70">70</t>
        <t c=")">)</t>
        <t c=".">.</t>
    </s>
    <s>
        <t c="14.">14.</t>
        <t c=":">:</t>
        <t c="Ingibjörg">Ingibjörg</t>
        <t c="Pálsdóttir">Pálsdóttir</t>
        <t c=",">,</t>
        <t c="stúlka">stúlka</t>
        <t c="(">(</t>
        <t c="á">á</t>
        <t c="2.">2.</t>
        <t c="ári">ári</t>
        <t c=")">)</t>
        <t c=".">.</t>
    </s>
    <s>
        <t c="14.">14.</t>
        <t c=":">:</t>
        <t c="Eyjólfur">Eyjólfur</t>
        <t c="Guðmundsson">Guðmundsson</t>
        <t c="(">(</t>
        <t c="á">á</t>
        <t c="1.">1.</t>
        <t c="ári">ári</t>
        <t c=")">)</t>
        <t c="við">við</t>
        <t c="Grettisgötu">Grettisgötu</t>
        <t c=".">.</t>
    </s>
    <s>
        <t c="17.">17.</t>
        <t c=":">:</t>
        <t c="Steinn">Steinn</t>
        <t c="Haraldsson">Haraldsson</t>
        <t c="á">á</t>
        <t c="Holdsveikrasp.">Holdsveikrasp.</t>
        <t c="(">(</t>
        <t c="24.">24.</t>
        <t c=")">)</t>
        <t c="24.">24.</t>
        <t c=":">:</t>
        <t c="Kristrún">Kristrún</t>
        <t c="Helgadóttir">Helgadóttir</t>
        <t c="frá">frá</t>
        <t c="Villingaholti">Villingaholti</t>
        <t c=".">.</t>
    </s>
    <s>
        <t c="30.">30.</t>
        <t c=":">:</t>
        <t c="Samúel">Samúel</t>
        <t c="Richter">Richter</t>
        <t c="verzl.maður">verkmaður</t>
        <t c="frá">frá</t>
        <t c="Stykkishólmi">Stykkishólmi</t>
        <t c="(">(</t>
        <t c="24">24</t>
        <t c=")">)</t>
        <t c=".">.</t>
    </s>
    <s>
        <t c="2">2</t>
        <t c=".">.</t>
    </s>
    <s>
        <t c="Sept.">Sept.</t>
        <t c=":">:</t>
        <t c="Guðný">Guðný</t>
        <t c="Guðmundsdóttir">Guðmundsdóttir</t>
        <t c=",">,</t>
        <t c="ekkja">ekkja</t>
        <t c="á">á</t>
        <t c="Grímsstaðaholti">Grímsstaðaholti</t>
        <t c="(">(</t>
        <t c="73">73</t>
        <t c=")">)</t>
        <t c=".">.</t>
    </s>
    <s>
        <t c="7.">7.</t>
        <t c=":">:</t>
        <t c="Markúsína">Markúsína</t>
        <t c="Markúsdóttir">Markúsdóttir</t>
        <t c="frá">frá</t>
        <t c="Patreksfirði">Patreksfirði</t>
        <t c="(">(</t>
        <t c="27">27</t>
        <t c=")">)</t>
        <t c=".">.</t>
    </s>
    <s>
        <t c="4.">4.</t>
        <t c=":">:</t>
        <t c="Jóhanna">Jóhanna</t>
        <t c="Markúsína">Markúsína</t>
        <t c="Matthíasdóttir">Matthíasdóttir</t>
        <t c="gift">gift</t>
        <t c="kona">kona</t>
        <t c="frá">frá</t>
        <t c="Borgarnesi">Borgarnesi</t>
        <t c="(">(</t>
        <t c="42">42</t>
        <t c=")">)</t>
        <t c=".">.</t>
    </s>
    <s>
        <t c="9.">9.</t>
        <t c=":">:</t>
        <t c="Þorleifur">Þorleifur</t>
        <t c="Árnason">Árnason</t>
        <t c="(">(</t>
        <t c="á">á</t>
        <t c="1.">1.</t>
        <t c="ári">ári</t>
        <t c=")">)</t>
        <t c="frá">frá</t>
        <t c="Lágholti">Lágholti</t>
        <t c=".">.</t>
    </s>
    <s>
        <t c="13.">13.</t>
        <t c=":">:</t>
        <t c="Sölvi">Sölvi</t>
        <t c="Brynjólfsson">Brynjólfsson</t>
        <t c="frá">frá</t>
        <t c="Nikulásarkoti">Nikulásarkoti</t>
        <t c="(">(</t>
        <t c="á">á</t>
        <t c="1.">1.</t>
        <t c="ári">ári</t>
        <t c=")">)</t>
        <t c=".">.</t>
    </s>
    <s>
        <t c="6.">6.</t>
        <t c=":">:</t>
        <t c="Kristján">Kristján</t>
        <t c="Árnason">Árnason</t>
        <t c="af">af</t>
        <t c="Laugavegi">Laugavegi</t>
        <t c="(">(</t>
        <t c="á">á</t>
        <t c="1.">1.</t>
        <t c="ári">ári</t>
        <t c=")">)</t>
        <t c=".">.</t>
    </s>
    <s>
        <t c="Leiðarvísir">Leiðarvísir</t>
        <t c="til">til</t>
        <t c="lífsábyrgðar">lífsábyrgðar</t>
        <t c="fæst">fæst</t>
        <t c="ókeypis">ókeypis</t>
        <t c="hjá">hjá</t>
        <t c="ritstjórunum">ritstjórunum</t>
        <t c="og">og</t>
        <t c="hjá">hjá</t>
        <t c="dr.">dr.</t>
        <t c="J.">J.</t>
        <t c="Jónassen">Jónassen</t>
        <t c=",">,</t>
        <t c="sem">sem</t>
        <t c="einnig">einnig</t>
        <t c="gefur">gefur</t>
        <t c="þeim">þeim</t>
        <t c=",">,</t>
        <t c="sem">sem</t>
        <t c="vilja">vilja</t>
        <t c="tryggja">tryggja</t>
        <t c="líf">líf</t>
        <t c="sitt">sitt</t>
        <t c=",">,</t>
        <t c="allar">allar</t>
        <t c="nauðsynlegar">nauðsynlegar</t>
        <t c="upplýsingar">upplýsingar</t>
        <t c=".">.</t>
    </s>
    <s>
        <t c="Good-Templar">Goodtemplari</t>
        <t c=",">,</t>
        <t c="einasta">einasta</t>
        <t c="bindindisblað">bindindisblað</t>
        <t c="landsins">landsins</t>
        <t c=".">.</t>
    </s>
    <s>
        <t c="—">—</t>
        <t c="ómissandi">ómissandi</t>
        <t c="fyrir">fyrir</t>
        <t c="þá">þá</t>
        <t c=",">,</t>
        <t c="sem">sem</t>
        <t c="vilja">vilja</t>
        <t c="fylgjast">fylgjast</t>
        <t c="með">með</t>
        <t c="í">í</t>
        <t c="bindindismálinu">bindindismálinu</t>
        <t c=".">.</t>
    </s>
    <s>
        <t c="í">í</t>
        <t c="honum">honum</t>
        <t c="er">er</t>
        <t c="ágæt">ágæt</t>
        <t c="saga">saga</t>
        <t c=",">,</t>
        <t c="sem">sem</t>
        <t c="hvervetna">hvarvetna</t>
        <t c="hefir">hefir</t>
        <t c="verið">verið</t>
        <t c="vel">vel</t>
        <t c="tekið">tekið</t>
        <t c="um">um</t>
        <t c="hinn">hinn</t>
        <t c="mentaða">menntaða</t>
        <t c="heim">heim</t>
        <t c=".">.</t>
    </s>
    <s>
        <t c="Bráðum">Bráðum</t>
        <t c="byrjar">byrjar</t>
        <t c="ný">ný</t>
        <t c="saga">saga</t>
        <t c=",">,</t>
        <t c="sem">sem</t>
        <t c="er">er</t>
        <t c="orðin">orðin</t>
        <t c="heimsfræg">heimsfræg</t>
        <t c=",">,</t>
        <t c="bæði">bæði</t>
        <t c="sem">sem</t>
        <t c="bindindissaga">bindindissaga</t>
        <t c="og">og</t>
        <t c="sem">sem</t>
        <t c="listaverk">listaverk</t>
        <t c=".">.</t>
    </s>
    <s>
        <t c="Haltu">Haltu</t>
        <t c="„">„</t>
        <t c="Good-Templar">Goodtemplari</t>
        <t c="“">“</t>
        <t c="í">í</t>
        <t c="eitt">eitt</t>
        <t c="ár">ár</t>
        <t c="og">og</t>
        <t c="þig">þig</t>
        <t c="mun">mun</t>
        <t c="ekki">ekki</t>
        <t c="iðra">iðra</t>
        <t c=".">.</t>
    </s>
    <s>
        <t c="Lækningabókin">Lækningabókin</t>
        <t c=",">,</t>
        <t c="Hjálp">Hjálp</t>
        <t c="í">í</t>
        <t c="viðlögum">viðlögum</t>
        <t c="og">og</t>
        <t c="Barnfóstran">Barnfóstran</t>
        <t c=",">,</t>
        <t c="ómissandi">ómissandi</t>
        <t c="bækur">bækur</t>
        <t c="fyrir">fyrir</t>
        <t c="hvert">hvert</t>
        <t c="heimili">heimili</t>
        <t c=".">.</t>
    </s>
    <s>
        <t c="Fást">Fást</t>
        <t c="hjá">hjá</t>
        <t c="Dr.">Dr.</t>
        <t c="JÓNASSEN">JÓNASSEN</t>
        <t c=".">.</t>
    </s>
    <s>
        <t c="JÓNAS">JÓNAS</t>
        <t c="JÓNSSON">JÓNSSON</t>
        <t c="kaupir">kaupir</t>
        <t c="Frímerki">Frímerki</t>
        <t c=".">.</t>
    </s>
    <s>
        <t c="Allir">Allir</t>
        <t c="austanmenn">austanmenn</t>
        <t c=",">,</t>
        <t c="sem">sem</t>
        <t c="koma">koma</t>
        <t c="til">til</t>
        <t c="bæjarins">bæjarins</t>
        <t c=",">,</t>
        <t c="sjá">sjá</t>
        <t c="„">„</t>
        <t c="Reykjavík">Reykjavík</t>
        <t c="“">“</t>
        <t c=".">.</t>
    </s>
    <s>
        <t c="Svona">Svona</t>
        <t c="fór">fór</t>
        <t c="það">það</t>
        <t c=".">.</t>
    </s>
    <s>
        <t c="Lag">Lag</t>
        <t c="sem">sem</t>
        <t c="við">við</t>
        <t c="hrakfallabálk">hrakfallabálk</t>
        <t c=".">.</t>
    </s>
    <s>
        <t c="Ávalt">Ávalt</t>
        <t c="liggur">liggur</t>
        <t c="upp">upp</t>
        <t c="og">og</t>
        <t c="niður">niður</t>
        <t c="ættleiða">ættleiða</t>
        <t c=",">,</t>
        <t c="stríð">stríð</t>
        <t c="og">og</t>
        <t c="friður">friður</t>
        <t c=",">,</t>
        <t c="það">það</t>
        <t c="eru">eru</t>
        <t c="sköp">sköp</t>
        <t c="sem">sem</t>
        <t c="skiptast">skiptast</t>
        <t c="á">á</t>
        <t c=";">;</t>
        <t c="að">að</t>
        <t c="kvöldi">kvöldi</t>
        <t c="þar">þar</t>
        <t c="er">er</t>
        <t c="kominn">kominn</t>
        <t c="gráður">gráður</t>
        <t c=",">,</t>
        <t c="sem">sem</t>
        <t c="kæti">kæti</t>
        <t c="var">var</t>
        <t c="að">að</t>
        <t c="morgni">morgni</t>
        <t c="og">og</t>
        <t c="hlátur">hlátur</t>
        <t c=".">.</t>
    </s>
    <s>
        <t c="Fram">Fram</t>
        <t c="í">í</t>
        <t c="veginn">veginn</t>
        <t c="fæstir">fæstir</t>
        <t c="sjá">sjá</t>
        <t c=".">.</t>
    </s>
    <s>
        <t c="þingkosningar">þingkosningar</t>
        <t c="þannig">þannig</t>
        <t c="fóru">fóru</t>
        <t c=";">;</t>
        <t c="þessir">þessir</t>
        <t c="Valtýsliðar">Varðliðar</t>
        <t c="stóru">stóru</t>
        <t c="féllu">féllu</t>
        <t c=",">,</t>
        <t c="en">en</t>
        <t c="hinir">hinir</t>
        <t c="fengu">fengu</t>
        <t c="ráð">ráð</t>
        <t c=".">.</t>
    </s>
    <s>
        <t c="Svonar">Svona</t>
        <t c="að">að</t>
        <t c="trúa">trúa</t>
        <t c="á">á</t>
        <t c="mátt">mátt</t>
        <t c="og">og</t>
        <t c="meginn">megin</t>
        <t c=",">,</t>
        <t c="maður">maður</t>
        <t c="er">er</t>
        <t c="reir">reir</t>
        <t c="'">'</t>
        <t c="af">af</t>
        <t c="vindi">vindi</t>
        <t c="sleginn">sleginn</t>
        <t c=",">,</t>
        <t c="sem">sem</t>
        <t c="ekkert">ekkert</t>
        <t c="getur">getur</t>
        <t c="af">af</t>
        <t c="eigin">eigin</t>
        <t c="dáð">dáð</t>
        <t c=".">.</t>
    </s>
    <s>
        <t c="Ef">Ef</t>
        <t c="allir">allir</t>
        <t c="væru">væru</t>
        <t c="á">á</t>
        <t c="einu">einu</t>
        <t c="bandi">bandi</t>
        <t c=",">,</t>
        <t c="eining">eining</t>
        <t c="væri">væri</t>
        <t c="í">í</t>
        <t c="hverju">hverju</t>
        <t c="landi">landi</t>
        <t c=",">,</t>
        <t c="aldrei">aldrei</t>
        <t c="heyrðist">heyrðist</t>
        <t c="þras">þras</t>
        <t c="um">um</t>
        <t c="þing">þing</t>
        <t c=",">,</t>
        <t c="en">en</t>
        <t c="það">það</t>
        <t c="er">er</t>
        <t c="eins">eins</t>
        <t c="og">og</t>
        <t c="stjórnar">stjórnar</t>
        <t c="standi">standi</t>
        <t c="stýri">stýri</t>
        <t c="jafnan">jafnan</t>
        <t c="einhver">einhver</t>
        <t c="fjandi">fjandi</t>
        <t c=",">,</t>
        <t c="þar">þar</t>
        <t c="er">er</t>
        <t c="fult">fullt</t>
        <t c="af">af</t>
        <t c="þvergirðing">þvergirðing</t>
        <t c=".">.</t>
    </s>
    <s>
        <t c="Plausor">Plausor</t>
        <t c=".">.</t>
    </s>
    <s>
        <t c="Skata">Skata</t>
        <t c="söltuð">söltuð</t>
        <t c="og">og</t>
        <t c="verkuð">verkuð</t>
        <t c="fæst">fæst</t>
        <t c="hjá">hjá</t>
        <t c="BIRNI">BIRNI</t>
        <t c="KRISTJÁNSSYNI">KRISTJÁNSSYNI</t>
        <t c="í">í</t>
        <t c="Reykjavík">Reykjavík</t>
        <t c=".">.</t>
    </s>
    <s>
        <t c="Hjá">Hjá</t>
        <t c="MARKÚSI">MARKÚSI</t>
        <t c="ÞORSTEINSSYNI">ÞORSTEINSSYNI</t>
        <t c="Laugaveg">Laugaveg</t>
        <t c="47">47</t>
        <t c="fást">fást</t>
        <t c="til">til</t>
        <t c="kaups">kaups</t>
        <t c="brúkaðar">brúkaðar</t>
        <t c="Saumavélar">Saumavélar</t>
        <t c="og">og</t>
        <t c="Harmonium">Harmoníum</t>
        <t c="(">(</t>
        <t c="Orgel">Orgel</t>
        <t c=")">)</t>
        <t c=".">.</t>
    </s>
    <s>
        <t c="Sömuleiðis">Sömuleiðis</t>
        <t c="fást">fást</t>
        <t c="alls">alls</t>
        <t c="konnr">konur</t>
        <t c="aðgerðir">aðgerðir</t>
        <t c="á">á</t>
        <t c="ofangreindum">ofangreindum</t>
        <t c="munum">munum</t>
        <t c=".">.</t>
    </s>
    <s>
        <t c="Töframærin">Töfrahring</t>
        <t c=".">.</t>
    </s>
    <s>
        <t c="(">(</t>
        <t c="Sjá">Sjá</t>
        <t c="III.">III.</t>
    </s>
    <s>
        <t c="árg.">árg.</t>
        <t c="„">„</t>
        <t c="Hauks">Hauks</t>
        <t c="“">“</t>
        <t c=".">.</t>
        <t c=")">)</t>
    </s>
    <s>
        <t c="Árni">Árni</t>
        <t c="Árnason">Árnason</t>
        <t c="skósmiður">skósmiður</t>
        <t c="á">á</t>
        <t c="Eyrarbakka">Eyrarbakka</t>
        <t c="tekur">tekur</t>
        <t c="að">að</t>
        <t c="sér">sér</t>
        <t c="smíði">smíði</t>
        <t c="og">og</t>
        <t c="aðgerð">aðgerð</t>
        <t c="á">á</t>
        <t c="alls">alls</t>
        <t c="konar">konar</t>
        <t c="skófatnaði">skófatnaði</t>
        <t c="fyrir">fyrir</t>
        <t c="mjög">mjög</t>
        <t c="lágt">lágt</t>
        <t c="verð">verð</t>
        <t c=".">.</t>
    </s>
    <s>
        <t c="Alt">Allt</t>
        <t c="fljótt">fljótt</t>
        <t c="og">og</t>
        <t c="vel">vel</t>
        <t c="af">af</t>
        <t c="hendi">hendi</t>
        <t c="leyst">leyst</t>
        <t c=".">.</t>
    </s>
    <s>
        <t c="Hvergi">Hvergi</t>
        <t c="betri">betri</t>
        <t c="kjör">kjör</t>
        <t c="á">á</t>
        <t c="Bakkanum">Bakkanum</t>
        <t c=".">.</t>
    </s>
    <s>
        <t c="Munið">Munið</t>
        <t c=",">,</t>
        <t c="að">að</t>
        <t c="bezt">best</t>
        <t c="er">er</t>
        <t c="að">að</t>
        <t c="auglýsa">auglýsa</t>
        <t c="í">í</t>
        <t c="„">„</t>
        <t c="Reykjavík">Reykjavík</t>
        <t c="“">“</t>
        <t c=".">.</t>
    </s>
    <s>
        <t c="„">„</t>
        <t c="ÆSKAN">ÆSKAN</t>
        <t c="“">“</t>
        <t c=".">.</t>
    </s>
    <s>
        <t c="barnablað">barnablað</t>
        <t c="með">með</t>
        <t c="myndum">myndum</t>
        <t c="(">(</t>
        <t c="og">og</t>
        <t c="með">með</t>
        <t c="skrautprentuðu">skrautprentuðu</t>
        <t c="Jólablaði">Jólablaði</t>
        <t c=")">)</t>
        <t c=";">;</t>
        <t c="ætti">ætti</t>
        <t c="að">að</t>
        <t c="vera">vera</t>
        <t c="til">til</t>
        <t c="á">á</t>
        <t c="hverju">hverju</t>
        <t c="barnaheimili">barnaheimili</t>
        <t c=".">.</t>
    </s>
    <s>
        <t c="Kostar">Kostar</t>
        <t c="að">að</t>
        <t c="eins">eins</t>
        <t c="1">1</t>
        <t c="kr.">kr.</t>
        <t c="hér">hér</t>
        <t c="í">í</t>
        <t c="Reykjavík">Reykjavík</t>
        <t c="og">og</t>
        <t c="1">1</t>
        <t c="kr.">kr.</t>
        <t c="20">20</t>
        <t c="au.">au.</t>
        <t c="úti">úti</t>
        <t c="um">um</t>
        <t c="land">land</t>
        <t c=".">.</t>
    </s>
    <s>
        <t c="í">í</t>
        <t c="kaupbæti">kaupbæti</t>
        <t c="til">til</t>
        <t c="heimila">heimila</t>
        <t c="barnanna">barnanna</t>
        <t c="er">er</t>
        <t c="„">„</t>
        <t c="Reykjavík">Reykjavík</t>
        <t c="“">“</t>
        <t c="og">og</t>
        <t c="gæti">gæti</t>
        <t c="það">það</t>
        <t c="blað">blað</t>
        <t c="eitt">eitt</t>
        <t c="vel">vel</t>
        <t c="verið">verið</t>
        <t c="1">1</t>
        <t c="kr.">kr.</t>
        <t c="og">og</t>
        <t c="20">20</t>
        <t c="au.">au.</t>
        <t c="virði">virði</t>
        <t c=",">,</t>
        <t c="eftir">eftir</t>
        <t c="verði">verði</t>
        <t c="sumra">sumra</t>
        <t c="blaða">blaða</t>
        <t c=".">.</t>
    </s>
    <s>
        <t c="Eins">Eins</t>
        <t c="og">og</t>
        <t c="áður">áður</t>
        <t c="veiti">veiti</t>
        <t c="ég">ég</t>
        <t c="stúlkum">stúlkum</t>
        <t c="í">í</t>
        <t c="vetur">vetur</t>
        <t c="tilsögn">tilsögn</t>
        <t c="í">í</t>
        <t c="alls">alls</t>
        <t c="konar">konar</t>
        <t c="hannyrðum">hannyrðum</t>
        <t c=".">.</t>
    </s>
    <s>
        <t c="Kenslan">Kennslan</t>
        <t c="byrjar">byrjar</t>
        <t c="&quot;">&quot;</t>
        <t c="eftir">eftir</t>
        <t c="1">1</t>
        <t c=".">.</t>
    </s>
    <s>
        <t c="Október">Október</t>
        <t c=".">.</t>
    </s>
    <s>
        <t c="Hjá">Hjá</t>
        <t c="mér">mér</t>
        <t c="fást">fást</t>
        <t c="alls">alls</t>
        <t c="konar">konar</t>
        <t c="áteiknuð">áteiknuð</t>
        <t c="stykki">stykki</t>
        <t c="til">til</t>
        <t c="ísaums">ísaums</t>
        <t c="(">(</t>
        <t c="hvít">hvít</t>
        <t c="og">og</t>
        <t c="mislit">mislit</t>
        <t c=")">)</t>
        <t c="og">og</t>
        <t c="alt">allt</t>
        <t c="verkefni">verkefni</t>
        <t c="til">til</t>
        <t c="hannyrða">hannyrða</t>
        <t c=",">,</t>
        <t c="silki">silki</t>
        <t c="o.">o.</t>
        <t c="fl.">fl.</t>
    </s>
    <s>
        <t c="Áteikning">Teikning</t>
        <t c="á">á</t>
        <t c="flauel">flauel</t>
        <t c=",">,</t>
        <t c="silki">silki</t>
        <t c=",">,</t>
        <t c="klæði">klæði</t>
        <t c=",">,</t>
        <t c="angóla">angóla</t>
        <t c=",">,</t>
        <t c="hörlérept">hörléreft</t>
        <t c="og">og</t>
        <t c="hvors">hvors</t>
        <t c="konar">konar</t>
        <t c="tau">tau</t>
        <t c=",">,</t>
        <t c="er">er</t>
        <t c="fljótt">fljótt</t>
        <t c="og">og</t>
        <t c="vel">vel</t>
        <t c="af">af</t>
        <t c="hendi">hendi</t>
        <t c="leyst">leyst</t>
        <t c=".">.</t>
    </s>
    <s>
        <t c="Ingibjörg">Ingibjörg</t>
        <t c="Bjarnason">Bjarnason</t>
        <t c=",">,</t>
        <t c="Aðalstræti">Aðalstræti</t>
        <t c=".">.</t>
    </s>
    <s>
        <t c="7">7</t>
        <t c=".">.</t>
    </s>
    <s>
        <t c="Guðrún">Guðrún</t>
        <t c="Daníelsdóttir">Daníelsdóttir</t>
        <t c="Þingholtsstræti">Þingholtsstræti</t>
        <t c="9">9</t>
        <t c="tekur">tekur</t>
        <t c="að">að</t>
        <t c="sér">sér</t>
        <t c=",">,</t>
        <t c="eins">eins</t>
        <t c="og">og</t>
        <t c="að">að</t>
        <t c="undanförnu">undanförnu</t>
        <t c=",">,</t>
        <t c="að">að</t>
        <t c="kenna">kenna</t>
        <t c="börnum">börnum</t>
        <t c="frá">frá</t>
        <t c="1">1</t>
        <t c=".">.</t>
    </s>
    <s>
        <t c="Október">Október</t>
        <t c=".">.</t>
    </s>
    <s>
        <t c="Einnig">Einnig</t>
        <t c="veiti">veiti</t>
        <t c="ég">ég</t>
        <t c="stúlkum">stúlkum</t>
        <t c="tilsögn">tilsögn</t>
        <t c="í">í</t>
        <t c="dönsku">dönsku</t>
        <t c="og">og</t>
        <t c="„">„</t>
        <t c="guitarspili">gítarspili</t>
        <t c="“">“</t>
        <t c=".">.</t>
    </s>
    <s>
        <t c="Nokkrir">Nokkrir</t>
        <t c="menn">menn</t>
        <t c="geta">geta</t>
        <t c="fengið">fengið</t>
        <t c="þjónustu">þjónustu</t>
        <t c="nú">nú</t>
        <t c="þegar">þegar</t>
        <t c=".">.</t>
    </s>
    <s>
        <t c="Útg.">Útg.</t>
        <t c="vísar">vísar</t>
        <t c="á">á</t>
        <t c=".">.</t>
    </s>
    <s>
        <t c="Sunnanfari">Sunnanfari</t>
        <t c="í">í</t>
        <t c="Reykjavík">Reykjavík</t>
        <t c=",">,</t>
        <t c="árg.">árg.</t>
    </s>
    <s>
        <t c="VI.">VI.</t>
    </s>
    <s>
        <t c="og">og</t>
        <t c="VII.">VII.</t>
    </s>
    <s>
        <t c="á">á</t>
        <t c="kr.">kr.</t>
        <t c="2,50">2,50</t>
        <t c=".">.</t>
    </s>
    <s>
        <t c="Notið">Notið</t>
        <t c="tækifærið">tækifærið</t>
    </s>
    <s>
        <t c="SVEITAMENN">SVEITAMENN</t>
    </s>
    <s>
        <t c="Eins">Eins</t>
        <t c="og">og</t>
        <t c="í">í</t>
        <t c="fyrra">fyrra</t>
        <t c="kaupi">kaupi</t>
        <t c="ég">ég</t>
        <t c="undirskrifaður">undirskrifaður</t>
        <t c="fé">fé</t>
        <t c="í">í</t>
        <t c="haust">haust</t>
        <t c="á">á</t>
        <t c="fæti">fæti</t>
        <t c="eða">eða</t>
        <t c="eftir">eftir</t>
        <t c="niðurlagi">niðurlagi</t>
        <t c="eftir">eftir</t>
        <t c="því">því</t>
        <t c="sem">sem</t>
        <t c="um">um</t>
        <t c="semur">semur</t>
        <t c=",">,</t>
        <t c="gegn">gegn</t>
        <t c="lægstu">lægstu</t>
        <t c="þóknun">þóknun</t>
        <t c=".">.</t>
    </s>
    <s>
        <t c="Peningaborgun">Peningaborgun</t>
        <t c="út">út</t>
        <t c="í">í</t>
        <t c="hönd">hönd</t>
        <t c=".">.</t>
    </s>
    <s>
        <t c="Reykjavík">Reykjavík</t>
        <t c=",">,</t>
        <t c="20">20</t>
        <t c=".">.</t>
    </s>
    <s>
        <t c="September">September</t>
        <t c="1900">1900</t>
        <t c=".">.</t>
    </s>
    <s>
        <t c="Siggeir">Siggeir</t>
        <t c="Torfason">Torfason</t>
        <t c="Laugaveg">Laugaveg</t>
        <t c="10">10</t>
        <t c=".">.</t>
    </s>
    <s>
        <t c="I">Í</t>
        <t c="verslun">verslun</t>
        <t c="Jóns">Jóns</t>
        <t c="Þórðarsonar">Þórðarsonar</t>
        <t c="fæst">fæst</t>
        <t c="smjöri">smjöri</t>
        <t c="stærri">stærri</t>
        <t c="kaupum">kaupum</t>
        <t c="55">55</t>
        <t c="—">—</t>
        <t c="60">60</t>
        <t c="aura">aura</t>
        <t c="pundið">pundið</t>
        <t c=",">,</t>
        <t c="og">og</t>
        <t c="vandað">vandað</t>
        <t c="skilvindusmjör">skilvindusmjör</t>
        <t c="á">á</t>
        <t c="63">63</t>
        <t c="—">—</t>
        <t c="68">68</t>
        <t c="pr.">pr.</t>
        <t c="pd">pd</t>
        <t c=".">.</t>
    </s>
    <s>
        <t c="Ég">Ég</t>
        <t c="undirrituð">undirrituð</t>
        <t c="tek">tek</t>
        <t c="að">að</t>
        <t c="mér">mér</t>
        <t c="að">að</t>
        <t c="kenna">kenna</t>
        <t c="Fortepiano-Spil">Fortepíanóspil</t>
        <t c=".">.</t>
    </s>
    <s>
        <t c="Guðrún">Guðrún</t>
        <t c="Helgadóttir">Helgadóttir</t>
        <t c="6">6</t>
        <t c="Vonarstr">Vonarár</t>
        <t c=".">.</t>
    </s>
    <s>
        <t c="6">6</t>
        <t c=".">.</t>
    </s>
    <s>
        <t c="Undirskrifuð">Undirskrifuð</t>
        <t c="selur">selur</t>
        <t c="eins">eins</t>
        <t c="og">og</t>
        <t c="að">að</t>
        <t c="undanförnu">undanförnu</t>
        <t c="fæði">fæði</t>
        <t c="og">og</t>
        <t c="einstakar">einstakar</t>
        <t c="máltíðir">máltíðir</t>
        <t c="í">í</t>
        <t c="haust">haust</t>
        <t c="og">og</t>
        <t c="komandi">komandi</t>
        <t c="vetur">vetur</t>
        <t c=".">.</t>
    </s>
    <s>
        <t c="Þórunn">Þórunn</t>
        <t c="Eiríksdóttir">Eiríksdóttir</t>
        <t c=".">.</t>
    </s>
    <s>
        <t c="Pakkalitir">Pakkaðir</t>
        <t c="eru">eru</t>
        <t c="beztir">bestir</t>
        <t c="hjá">hjá</t>
        <t c="C.">C.</t>
        <t c="ZIMSEN">ZIMSEN</t>
        <t c=".">.</t>
    </s>
    <s>
        <t c="Hákarl">Hákarl</t>
        <t c="fæst">fæst</t>
        <t c="í">í</t>
        <t c="verzl.">verst</t>
    </s>
    <s>
        <t c="Jóns">Jóns</t>
        <t c="Þórðarsonar">Þórðarsonar</t>
        <t c=".">.</t>
    </s>
    <s>
        <t c="Munið">Munið</t>
        <t c="eftír">eftir</t>
        <t c="að">að</t>
        <t c="panta">panta</t>
        <t c="ykkur">ykkur</t>
        <t c="Limmonaði">Límonaði</t>
        <t c=",">,</t>
        <t c="Sodavatn">Sódavatn</t>
        <t c=",">,</t>
        <t c="Edik">Edik</t>
        <t c="og">og</t>
        <t c="Gerpulver">Gerpúlver</t>
        <t c=",">,</t>
        <t c="sæta">sæta</t>
        <t c="og">og</t>
        <t c="súra">súra</t>
        <t c="saft">saft</t>
        <t c=",">,</t>
        <t c="margar">margar</t>
        <t c="tegundir">tegundir</t>
        <t c=".">.</t>
    </s>
    <s>
        <t c="Hvergi">Hvergi</t>
        <t c="eins">eins</t>
        <t c="gott">gott</t>
        <t c="og">og</t>
        <t c="ódýrt">ódýrt</t>
        <t c=".">.</t>
    </s>
    <s>
        <t c="Verðlisti">Verðlisti</t>
        <t c="sendist">sendist</t>
        <t c="ef">ef</t>
        <t c="óskað">óskað</t>
        <t c="er">er</t>
        <t c=".">.</t>
    </s>
    <s>
        <t c="Gosdrykkjaverksmiðjan">Gosdrykkjaverksmiðjan</t>
        <t c="„">„</t>
        <t c="GEYSIR">GEYSIR</t>
        <t c="“">“</t>
        <t c="Rvík.">Rvík.</t>
    </s>
    <s>
        <t c="Karlmanns">Karlmanns</t>
        <t c="fatnaður">fatnaður</t>
        <t c="mjög">mjög</t>
        <t c="ódýr">ódýr</t>
        <t c="í">í</t>
        <t c="verzlun">verslun</t>
        <t c="Sturlu">Sturlu</t>
        <t c="Jónssonar">Jónssonar</t>
        <t c=".">.</t>
    </s>
    <s>
        <t c="FÖT">FÖT</t>
        <t c="fyrir">fyrir</t>
        <t c="mánaðarafborgun">mánaðarafborgun</t>
        <t c="fást">fást</t>
        <t c="HJÁ">HJÁ</t>
        <t c="R.">R.</t>
        <t c="ANDERSON">ANDERSON</t>
        <t c=".">.</t>
    </s>
    <s>
        <t c="Ragnheiður">Ragnheiður</t>
        <t c="Jensdóttir">Jensdóttir</t>
        <t c="tekur">tekur</t>
        <t c="að">að</t>
        <t c="sér">sér</t>
        <t c="að">að</t>
        <t c="kenna">kenna</t>
        <t c="börnum">börnum</t>
        <t c="frá">frá</t>
        <t c="1">1</t>
        <t c=".">.</t>
    </s>
    <s>
        <t c="Okt.">Okt.</t>
        <t c="næstkomandi">næstkomandi</t>
        <t c=",">,</t>
        <t c="bæði">bæði</t>
        <t c="til">til</t>
        <t c="munns">munns</t>
        <t c="og">og</t>
        <t c="handa">handa</t>
        <t c=",">,</t>
        <t c="fyrir">fyrir</t>
        <t c="mjög">mjög</t>
        <t c="væga">væga</t>
        <t c="borgun">borgun</t>
        <t c=".">.</t>
    </s>
    <s>
        <t c="Menn">Menn</t>
        <t c="snúi">snúi</t>
        <t c="sér">sér</t>
        <t c="til">til</t>
        <t c="yfirdómara">yfirdómara</t>
        <t c="Jóns">Jóns</t>
        <t c="Jenssonar">Jenssonar</t>
        <t c=".">.</t>
    </s>
    <s>
        <t c="Allir">Allir</t>
        <t c=",">,</t>
        <t c="sem">sem</t>
        <t c="til">til</t>
        <t c="bæjarins">bæjarins</t>
        <t c="koma">koma</t>
        <t c="ættu">ættu</t>
        <t c="að">að</t>
        <t c="muna">muna</t>
        <t c="eftir">eftir</t>
        <t c="að">að</t>
        <t c="kaupa">kaupa</t>
        <t c="föt">föt</t>
        <t c="sín">sín</t>
        <t c="og">og</t>
        <t c="láta">láta</t>
        <t c="sauma">sauma</t>
        <t c="á">á</t>
        <t c="saumastofunni">saumastofunni</t>
        <t c="í">í</t>
        <t c="Bankastræti">Bankastræti</t>
        <t c="14">14</t>
        <t c=".">.</t>
    </s>
    <s>
        <t c="Ódýrasta">Ódýrasta</t>
        <t c="saumastofan">saumastofan</t>
        <t c="í">í</t>
        <t c="bænum">bænum</t>
        <t c=".">.</t>
    </s>
    <s>
        <t c="Undirskrifuð">Undirskrifuð</t>
        <t c="veitir">veitir</t>
        <t c="stúlkum">stúlkum</t>
        <t c="og">og</t>
        <t c="stúlkubörnum">stúlkubörnum</t>
        <t c="tilsögn">tilsögn</t>
        <t c="í">í</t>
        <t c="ýmiss">ýmiss</t>
        <t c="konar">konar</t>
        <t c="hannyrðum">hannyrðum</t>
        <t c=",">,</t>
        <t c="svo">svo</t>
        <t c="sem">sem</t>
        <t c="flatsaum">flatsaum</t>
        <t c=",">,</t>
        <t c="harðangursaum">harðangursaum</t>
        <t c=",">,</t>
        <t c="hedebosaum">hedebosaum</t>
        <t c=",">,</t>
        <t c="venedisku">benedisku</t>
        <t c="broderíi">broderi</t>
        <t c=",">,</t>
        <t c="frönsku">frönsku</t>
        <t c="broderíi">broderi</t>
        <t c=",">,</t>
        <t c="Point-lace">Point-lace</t>
        <t c="broderíi">broderi</t>
        <t c=",">,</t>
        <t c="snúrubroderíi">snúrubroderíi</t>
        <t c=",">,</t>
        <t c="kunstbroderíi">kunstbroderíi</t>
        <t c="og">og</t>
        <t c="rósabandasaum">rósabandasaum</t>
        <t c=".">.</t>
    </s>
    <s>
        <t c="Einnig">Einnig</t>
        <t c="teikna">teikna</t>
        <t c="ég">ég</t>
        <t c="á">á</t>
        <t c="tau">tau</t>
        <t c="og">og</t>
        <t c="klæði">klæði</t>
        <t c=".">.</t>
    </s>
    <s>
        <t c="Eftir">Eftir</t>
        <t c="1">1</t>
        <t c=".">.</t>
    </s>
    <s>
        <t c="Okt.">Okt.</t>
    </s>
    <s>
        <t c="er">er</t>
        <t c="mig">mig</t>
        <t c="að">að</t>
        <t c="hitta">hitta</t>
        <t c="í">í</t>
        <t c="húsinu">húsinu</t>
        <t c="nr.">nr.</t>
        <t c="21">21</t>
        <t c="við">við</t>
        <t c="Vesturgötu">Vesturgötu</t>
        <t c=".">.</t>
    </s>
    <s>
        <t c="Barnaskólanum">Barnaskólanum</t>
        <t c=",">,</t>
        <t c="Rvík">Rvík</t>
        <t c=",">,</t>
        <t c="12/9">12/9</t>
        <t c="1900">1900</t>
        <t c=".">.</t>
    </s>
    <s>
        <t c="Anna">Anna</t>
        <t c="Magnúsdóttir">Magnúsdóttir</t>
        <t c=".">.</t>
    </s>
    <s>
        <t c="Barnaskóli">Barnaskóli</t>
        <t c="Reykjavíkur">Reykjavíkur</t>
    </s>
    <s>
        <t c="Á">Á</t>
        <t c="næstkomandi">næstkomandi</t>
        <t c="vetri">vetri</t>
        <t c="verður">verður</t>
        <t c=",">,</t>
        <t c="ef">ef</t>
        <t c="minst">minnst</t>
        <t c="20">20</t>
        <t c="börn">börn</t>
        <t c="koma">koma</t>
        <t c="með">með</t>
        <t c="20">20</t>
        <t c="kr.">kr.</t>
        <t c="skólagjald">skólagjald</t>
        <t c="hvert">hvert</t>
        <t c=",">,</t>
        <t c="bætt">bætt</t>
        <t c="bekk">bekk</t>
        <t c="ofan">ofan</t>
        <t c="við">við</t>
        <t c="skólann">skólann</t>
        <t c="til">til</t>
        <t c="framhaldsnáms">framhaldsnáms</t>
        <t c=",">,</t>
        <t c="og">og</t>
        <t c="verður">verður</t>
        <t c="enska">enska</t>
        <t c="ein">ein</t>
        <t c="helzta">helsta</t>
        <t c="námsgreinin">námsgreinin</t>
        <t c=".">.</t>
    </s>
    <s>
        <t c="Þeir">Þeir</t>
        <t c="sem">sem</t>
        <t c="koma">koma</t>
        <t c="vilja">vilja</t>
        <t c="börnum">börnum</t>
        <t c="sínum">sínum</t>
        <t c="í">í</t>
        <t c="þennan">þennan</t>
        <t c="aukabekk">aukabið</t>
        <t c=",">,</t>
        <t c="gefi">gefi</t>
        <t c="sig">sig</t>
        <t c="fram">fram</t>
        <t c="sem">sem</t>
        <t c="fyrst">fyrst</t>
        <t c="við">við</t>
        <t c="Sigurð">Sigurð</t>
        <t c="kennara">kennara</t>
        <t c="Jónsson">Jónsson</t>
        <t c="í">í</t>
        <t c="barnaskólahúsinu">barnaskólahúsinu</t>
        <t c="og">og</t>
        <t c="gefur">gefur</t>
        <t c="hann">hann</t>
        <t c="allar">allar</t>
        <t c="upplýsingar">upplýsingar</t>
        <t c="um">um</t>
        <t c="kensluna">kennsluna</t>
        <t c="i">í</t>
        <t c="þessum">þessum</t>
        <t c="aukabekk">aukabið</t>
        <t c=".">.</t>
    </s>
    <s>
        <t c="Skólanefndin">Skólanefndin</t>
        <t c=".">.</t>
    </s>
    <s>
        <t c="Morðið">Morðið</t>
        <t c="á">á</t>
        <t c="Jörfa">Jörfa</t>
        <t c=".">.</t>
    </s>
    <s>
        <t c="(">(</t>
        <t c="hjá">hjá</t>
        <t c="III.">III.</t>
    </s>
    <s>
        <t c="árg.">árg.</t>
        <t c="„">„</t>
        <t c="Hauks">Hauks</t>
        <t c="“">“</t>
        <t c=".">.</t>
        <t c=")">)</t>
    </s>
    <s>
        <t c="Valgerður">Valgerður</t>
        <t c="Johnsen">Johnsen</t>
        <t c=",">,</t>
        <t c="Laugaveg">Laugaveg</t>
        <t c="15">15</t>
        <t c=",">,</t>
        <t c="kennir">kennir</t>
        <t c="alls">alls</t>
        <t c="konar">konar</t>
        <t c="hannyrðir">hannyrðir</t>
        <t c=",">,</t>
        <t c="eins">eins</t>
        <t c="og">og</t>
        <t c="að">að</t>
        <t c="undanförnu">undanförnu</t>
        <t c=",">,</t>
        <t c="svo">svo</t>
        <t c="sem">sem</t>
        <t c="kunstbróderí">kunstbróderí</t>
        <t c=",">,</t>
        <t c="rósabandasaum">rósabandasaum</t>
        <t c=",">,</t>
        <t c="alls">alls</t>
        <t c="konar">konar</t>
        <t c="hvitt">hvítt</t>
        <t c="bróderí">bróderi</t>
        <t c="o.">o.</t>
        <t c="fl.">fl.</t>
    </s>
    <s>
        <t c="Einnig">Einnig</t>
        <t c="að">að</t>
        <t c="kolorera">kolþerna</t>
        <t c="myndir">myndir</t>
        <t c=".">.</t>
    </s>
    <s>
        <t c="Í">Í</t>
        <t c="Reykjavíkur">Reykjavíkur</t>
        <t c="apóteki">apóteki</t>
        <t c="fæst">fæst</t>
        <t c="til">til</t>
        <t c="fjárböðunar">fjárböðunar</t>
        <t c="Óhreinsuð">Hreinsuð</t>
        <t c="karbólsýra">karbólsýra</t>
        <t c="og">og</t>
        <t c="Sápublönduð">Sýrublönduð</t>
        <t c="karbólsýra">karbólsýra</t>
        <t c=".">.</t>
    </s>
    <s>
        <t c="Dýralækningaráðið">Dýralækningaráðið</t>
        <t c="í">í</t>
        <t c="kaupmannahöfn">kaupmannahöfn</t>
        <t c="hefir">hefir</t>
        <t c="mælt">mælt</t>
        <t c="fram">fram</t>
        <t c="með">með</t>
        <t c="þessum">þessum</t>
        <t c="meðulum">meðulum</t>
        <t c=",">,</t>
        <t c="þar">þar</t>
        <t c="eð">eð</t>
        <t c="þau">þau</t>
        <t c="hafa">hafa</t>
        <t c="reynzt">reynst</t>
        <t c="skaðlaus">skaðlaus</t>
        <t c="fyrir">fyrir</t>
        <t c="ullina">ullina</t>
        <t c="og">og</t>
        <t c="eru">eru</t>
        <t c="bráðdrepandi">bráðdrepandi</t>
        <t c="fyrir">fyrir</t>
        <t c="kláðamaurinn">kláðamaurinn</t>
        <t c=",">,</t>
        <t c="fremur">fremur</t>
        <t c="öðrum">öðrum</t>
        <t c="baðlyfjum">baðlyfjum</t>
        <t c=".">.</t>
    </s>
    <s>
        <t c="Einnig">Einnig</t>
        <t c="fæst">fæst</t>
        <t c="Þur">Þurr</t>
        <t c="karbólsýrusápa">karbólsýruna</t>
        <t c=",">,</t>
        <t c=".">.</t>
        <t c="kreólsápa">kreista</t>
        <t c="'">'</t>
        <t c="og">og</t>
        <t c="Prima">Prima</t>
        <t c="Kreólín">Kreólín</t>
        <t c=".">.</t>
    </s>
    <s>
        <t c="Leiðarvísir">Leiðarvísir</t>
        <t c="til">til</t>
        <t c="notkunar">notkunar</t>
        <t c="fæst">fæst</t>
        <t c=".">.</t>
    </s>
    <s>
        <t c="Michael">Michael</t>
        <t c="L.">L.</t>
        <t c="Lund">Lund</t>
        <t c=".">.</t>
    </s>
    <s>
        <t c="Munið">Munið</t>
        <t c="að">að</t>
        <t c="alls">alls</t>
        <t c="konar">konar</t>
        <t c="úr">úr</t>
        <t c="og">og</t>
        <t c="klukkur">klukkur</t>
        <t c="og">og</t>
        <t c="gullstáss">gullstáss</t>
        <t c="og">og</t>
        <t c="trúlofunarhringir">trúlofunarhringir</t>
        <t c="og">og</t>
        <t c="borðbúnaður">borðbúnaður</t>
        <t c="úr">úr</t>
        <t c="silfri">silfri</t>
        <t c="og">og</t>
        <t c="silfurpletti">silfurpletti</t>
        <t c="fæst">fæst</t>
        <t c="best">best</t>
        <t c="og">og</t>
        <t c="ódýrast">ódýrast</t>
        <t c="hjá">hjá</t>
        <t c="Guðjóni">Guðjóni</t>
        <t c="Sigurðssyni">Sigurðssyni</t>
        <t c=",">,</t>
        <t c="Austurstræti">Austurstræti</t>
        <t c="14">14</t>
        <t c=",">,</t>
        <t c="Reykjavík">Reykjavík</t>
        <t c=".">.</t>
    </s>
    <s>
        <t c="Á">Á</t>
        <t c="sama">sama</t>
        <t c="stað">stað</t>
        <t c="fæst">fæst</t>
        <t c="bezta">besta</t>
        <t c="sort">sort</t>
        <t c="af">af</t>
        <t c="Singers">Singurs</t>
        <t c="stálsaumavélum">stálsaumunum</t>
        <t c=",">,</t>
        <t c="sem">sem</t>
        <t c="eru">eru</t>
        <t c="viðurkendar">viðurkenndar</t>
        <t c="að">að</t>
        <t c="vera">vera</t>
        <t c="hinar">hinar</t>
        <t c="beztu">bestu</t>
        <t c=".">.</t>
    </s>
    <s>
        <t c="-">-</t>
        <t c="Þessar">Þessar</t>
        <t c="saumavélar">saumavélar</t>
        <t c="fást">fást</t>
        <t c="hvergi">hvergi</t>
        <t c="annarsstaðar">annars staðar</t>
        <t c="á">á</t>
        <t c="Suðurlandi">Suðurlandi</t>
        <t c=".">.</t>
    </s>
    <s>
        <t c="MYNDIR">MYNDIR</t>
        <t c="(">(</t>
        <t c="lithograf-">litugrar</t>
        <t c=",">,</t>
        <t c="olietryk-">olietryk-</t>
        <t c="og">og</t>
        <t c="koparstungumyndir">koparstungumyndir</t>
        <t c=")">)</t>
        <t c=",">,</t>
        <t c="ALLS">ALLS</t>
        <t c="KONAR">KONAR</t>
        <t c="RAMMAR">RAMMAR</t>
        <t c=",">,</t>
        <t c="SPEGILGLER">SPEGILGLER</t>
        <t c="og">og</t>
        <t c="gott">gott</t>
        <t c="gler">gler</t>
        <t c="yfir">yfir</t>
        <t c="myndir">myndir</t>
        <t c=".">.</t>
    </s>
    <s>
        <t c="Alt">Allt</t>
        <t c="mjög">mjög</t>
        <t c="ódýrt">ódýrt</t>
        <t c="eftir">eftir</t>
        <t c="gæðum">gæðum</t>
        <t c=".">.</t>
    </s>
    <s>
        <t c="LÍKKISTUR">LÍKKISTUR</t>
        <t c="mikið">mikið</t>
        <t c="og">og</t>
        <t c="lítið">lítið</t>
        <t c="skreyttar">skreyttar</t>
        <t c="(">(</t>
        <t c="eftir">eftir</t>
        <t c="óskum">óskum</t>
        <t c=")">)</t>
        <t c=".">.</t>
    </s>
    <s>
        <t c="Sömuleiðis">Sömuleiðis</t>
        <t c="fást">fást</t>
        <t c="alls">alls</t>
        <t c="konar">konar</t>
        <t c="húsgögn">húsgögn</t>
        <t c="smíðuð">smíðuð</t>
        <t c="með">með</t>
        <t c="nýjasta">nýjasta</t>
        <t c="lagi">lagi</t>
        <t c=".">.</t>
    </s>
    <s>
        <t c="Eyv.">Eyv.</t>
    </s>
    <s>
        <t c="Árnason">Árnason</t>
        <t c=",">,</t>
        <t c="Laufásveg">Laufásveg</t>
        <t c="4">4</t>
        <t c=".">.</t>
    </s>
    <s>
        <t c="Alþýðuskólinn">Alþýðuskólinn</t>
        <t c="í">í</t>
        <t c="Reykjavík">Reykjavík</t>
    </s>
    <s>
        <t c="íslenzka">íslenska</t>
        <t c=",">,</t>
        <t c="danska">danska</t>
        <t c=",">,</t>
        <t c="enska">enska</t>
        <t c=",">,</t>
        <t c=",">,</t>
        <t c="reikningur">reikningur</t>
        <t c=",">,</t>
        <t c="landafræði">landafræði</t>
        <t c=",">,</t>
        <t c="náttúrusaga">náttúrusaga</t>
        <t c=",">,</t>
        <t c="saga">saga</t>
        <t c=".">.</t>
    </s>
    <s>
        <t c="—">—</t>
        <t c="Góð">Góð</t>
        <t c="kensla">kennsla</t>
        <t c=".">.</t>
    </s>
    <s>
        <t c="Beztu">Bestu</t>
        <t c="kjör">kjör</t>
        <t c=".">.</t>
    </s>
    <s>
        <t c="Gefið">Gefið</t>
        <t c="yður">yður</t>
        <t c="sem">sem</t>
        <t c="fyrst">fyrst</t>
        <t c="fram">fram</t>
        <t c="við">við</t>
        <t c="Hjálmar">Hjálmar</t>
        <t c="Sigurðsson">Sigurðsson</t>
        <t c=".">.</t>
    </s>
    <s>
        <t c="Sagradavín">Sagradavín</t>
        <t c="og">og</t>
        <t c="Maltextrakt">Maltextrakt</t>
        <t c="með">með</t>
        <t c="Kína">Kína</t>
        <t c="og">og</t>
        <t c="járni">járni</t>
        <t c=",">,</t>
        <t c="þessi">þessi</t>
        <t c="ágætu">ágætu</t>
        <t c="hægða">hægða</t>
        <t c="og">og</t>
        <t c="styrkingarlyf">styrkingarlyf</t>
        <t c=",">,</t>
        <t c="selur">selur</t>
        <t c="BJÖRN">BJÖRN</t>
        <t c="KRISTJÁNSSON">KRISTJÁNSSON</t>
        <t c=".">.</t>
    </s>
    <s>
        <t c="Herbergi">Herbergi</t>
        <t c="2-3">2-3</t>
        <t c="óskast">óskast</t>
        <t c="til">til</t>
        <t c="leigu">leigu</t>
        <t c="frá">frá</t>
        <t c="1">1</t>
        <t c=".">.</t>
    </s>
    <s>
        <t c="Okt.">Okt.</t>
    </s>
    <s>
        <t c="Útg.">Útg.</t>
        <t c="vísar">vísar</t>
        <t c="á">á</t>
        <t c=".">.</t>
    </s>
    <s>
        <t c="Matvörubirgðir">Matvörubúðir</t>
        <t c=":">:</t>
    </s>
    <s>
        <t c="Bankabyggið">Bankabyggið</t>
        <t c="góða">góða</t>
        <t c=",">,</t>
        <t c="Hrísgrjón">Hrísgrjón</t>
        <t c=",">,</t>
        <t c="Rúgmjöl">Rúgmjöl</t>
        <t c=",">,</t>
        <t c="Hveiti">Hveiti</t>
        <t c=",">,</t>
        <t c="Baunir">Baunir</t>
        <t c=",">,</t>
        <t c="Kaffi">Kaffi</t>
        <t c=",">,</t>
        <t c="Sykur">Sykur</t>
        <t c=",">,</t>
        <t c="Exportkaffi">Exportkaffi</t>
        <t c=",">,</t>
        <t c="Baðlyfin">Baðlyfin</t>
        <t c="beztu">bestu</t>
        <t c=",">,</t>
        <t c="Fiskilínur">Fiskilínur</t>
        <t c=",">,</t>
        <t c="Kaðlar">Kaðlar</t>
        <t c=",">,</t>
        <t c="Lampar">Lampar</t>
        <t c="og">og</t>
        <t c="Lampaglös">Lampaglös</t>
        <t c="og">og</t>
        <t c="margt">margt</t>
        <t c="fleira">fleira</t>
        <t c="er">er</t>
        <t c="nýkomið">nýkomið</t>
        <t c="til">til</t>
        <t c="verzlunar">verslunar</t>
        <t c="Björns">Björns</t>
        <t c="Kristjánssonar">Kristjánssonar</t>
        <t c="í">í</t>
        <t c="Reykjavík">Reykjavík</t>
        <t c=".">.</t>
    </s>
    <s>
        <t c="Kennslubækur">Kennslubækur</t>
        <t c="með">með</t>
        <t c="myndum">myndum</t>
    </s>
    <s>
        <t c="Stafrófskver">Stafrófskver</t>
        <t c="Nýtt">Nýtt</t>
        <t c="barnagull">barnagull</t>
        <t c="Lýsing">Lýsing</t>
        <t c="Íslands">Íslands</t>
        <t c="eftir">eftir</t>
        <t c="Þ.">Þ.</t>
        <t c="Thoroddsen">Thoroddsen</t>
        <t c="og">og</t>
        <t c="fleiri">fleiri</t>
        <t c="góðar">góðar</t>
        <t c="bækur">bækur</t>
        <t c="fást">fást</t>
        <t c="hjá">hjá</t>
        <t c="Sigurði">Sigurði</t>
        <t c="Jónssyni">Jónssyni</t>
        <t c=",">,</t>
        <t c="bókb.">bókb.</t>
    </s>
    <s>
        <t c="Gegn">Gegn</t>
        <t c="mánaðarafborgun">mánaðarafborgun</t>
        <t c="fást">fást</t>
        <t c="tilbúin">tilbúin</t>
        <t c="karlmannsföt">karlmannsföt</t>
        <t c="eftir">eftir</t>
        <t c="samkomulagi">samkomulagi</t>
        <t c="hjá">hjá</t>
        <t c="H.">H.</t>
        <t c="Andersen">Andersen</t>
    </s>
    <s>
        <t c="NÝTT">NÝTT</t>
        <t c="!">!</t>
    </s>
    <s>
        <t c="-">-</t>
        <t c="NÝTT">NÝTT</t>
        <t c="!">!</t>
    </s>
    <s>
        <t c="-">-</t>
        <t c="NÝTT">NÝTT</t>
        <t c="!">!</t>
    </s>
    <s>
        <t c="Gömul">Gömul</t>
        <t c="föt">föt</t>
        <t c="gerð">gerð</t>
        <t c="ný">ný</t>
        <t c=".">.</t>
    </s>
    <s>
        <t c="Upplituð">Upplituð</t>
        <t c="föt">föt</t>
        <t c="fást">fást</t>
        <t c="bustuð">burstuð</t>
        <t c="upp">upp</t>
        <t c="og">og</t>
        <t c="pressuð">pressuð</t>
        <t c="úr">úr</t>
        <t c="ný-uppfundnu">ný-uppfundnu</t>
        <t c="efni">efni</t>
        <t c=",">,</t>
        <t c="sem">sem</t>
        <t c="ég">ég</t>
        <t c="nú">nú</t>
        <t c="hefi">hefi</t>
        <t c="fengið">fengið</t>
        <t c="frá">frá</t>
        <t c="útlöndum">útlöndum</t>
        <t c=".">.</t>
    </s>
    <s>
        <t c="Guðm.">Guðm.</t>
    </s>
    <s>
        <t c="Sigurðsson">Sigurðsson</t>
        <t c=",">,</t>
        <t c="Bankastræti">Bankastræti</t>
        <t c="14">14</t>
        <t c=".">.</t>
    </s>
    <s>
        <t c="Útg.">Útg.</t>
        <t c="og">og</t>
        <t c="ábm.">ábm.</t>
        <t c=":">:</t>
        <t c="Þorv.">Þorv.</t>
    </s>
    <s>
        <t c="Þorvarðsson">Þorvarðsson</t>
        <t c=".">.</t>
    </s>
    <s>
        <t c="Aldar-Prentsmiðjan">Aldar-Prentsmiðjan</t>
        <t c=".">.</t>
    </s>
    <s>
        <t c="—">—</t>
        <t c="Rvík.">Rvík.</t>
    </s>
    <s>
        <t c="Pappírinn">Pappírinn</t>
        <t c="frá">frá</t>
        <t c="Jóni">Jóni</t>
        <t c="Ólafssyni">Ólafssyni</t>
        <t c=".">.</t>
    </s>
</document>
