<?xml version="1.0" ?>
<document>
    <s>
        <t c="REYKJAVÍK">REYKJAVÍK</t>
        <t c=".">.</t>
    </s>
    <s>
        <t c="AUGLÝSINGA-">AUGLÝSINGA-</t>
        <t c="OG">OG</t>
        <t c="FRÉTTABLAÐ">FRÉTTABLAÐ</t>
        <t c=".">.</t>
    </s>
    <s>
        <t c="11.">11.</t>
        <t c="tbl.">tbl.</t>
        <t c="1.">1.</t>
        <t c="árg.">árg.</t>
    </s>
    <s>
        <t c="Árgangurinn">Árgangurinn</t>
        <t c="(">(</t>
        <t c="alt">allt</t>
        <t c="að">að</t>
        <t c="20">20</t>
        <t c="—">—</t>
        <t c="25">25</t>
        <t c="tbl.">tbl.</t>
        <t c=")">)</t>
        <t c="kostar">kostar</t>
        <t c="hér">hér</t>
        <t c="í">í</t>
        <t c="bænum">bænum</t>
        <t c="25">25</t>
        <t c="au.">au.</t>
        <t c=",">,</t>
        <t c="en">en</t>
        <t c="50">50</t>
        <t c="au.">au.</t>
        <t c=",">,</t>
        <t c="ef">ef</t>
        <t c="sent">sent</t>
        <t c="er">er</t>
        <t c="með">með</t>
        <t c="póstum">póstum</t>
        <t c=".">.</t>
    </s>
    <s>
        <t c="22.">22.</t>
    </s>
    <s>
        <t c="Júní">Júní</t>
        <t c="1900">1900</t>
        <t c=".">.</t>
    </s>
    <s>
        <t c="☛">☛</t>
        <t c="ALT">ALLT</t>
        <t c="FÆST">FÆST</t>
        <t c="Í">Í</t>
        <t c="THOMSENS">THOMSENS</t>
        <t c="BÚÐ">BÚÐ</t>
        <t c=".">.</t>
    </s>
    <s>
        <t c="☚">☚</t>
    </s>
    <s>
        <t c="„">„</t>
        <t c="ÆSKAN">ÆSKAN</t>
        <t c="“">“</t>
    </s>
    <s>
        <t c="BARNABLAÐ">BARNABLAÐ</t>
        <t c="MEÐ">MEÐ</t>
        <t c="MYNDUM">MYNDUM</t>
        <t c="kemur">kemur</t>
        <t c="út">út</t>
        <t c="tvisvar">tvisvar</t>
        <t c="í">í</t>
        <t c="mánuði">mánuði</t>
        <t c=",">,</t>
        <t c="kostar">kostar</t>
        <t c="1.20">1.20</t>
        <t c="utan">utan</t>
        <t c="Reykjavíkur">Reykjavíkur</t>
        <t c=",">,</t>
        <t c="en">en</t>
        <t c="1">1</t>
        <t c="kr.">kr.</t>
        <t c="árg.">árg.</t>
        <t c="hér">hér</t>
        <t c="í">í</t>
        <t c="bænum">bænum</t>
        <t c=".">.</t>
    </s>
    <s>
        <t c="Blaðið">Blaðið</t>
        <t c="„">„</t>
        <t c="Reykjavík">Reykjavík</t>
        <t c="“">“</t>
        <t c="fylgir">fylgir</t>
        <t c="með">með</t>
        <t c="í">í</t>
        <t c="kaupbætir">kaupbætir</t>
        <t c="á">á</t>
        <t c="öll">öll</t>
        <t c="heimili">heimili</t>
        <t c="þar">þar</t>
        <t c="sem">sem</t>
        <t c="‚">‚</t>
        <t c="Æskan">Æskan</t>
        <t c="‘">‘</t>
    </s>
    <s>
        <t c="er">er</t>
        <t c="keypt">keypt</t>
        <t c=".">.</t>
    </s>
    <s>
        <t c="☛">☛</t>
        <t c="NÝ">NÝ</t>
        <t c="BÓK">BÓK</t>
        <t c="!">!</t>
    </s>
    <s>
        <t c="Ut">Út</t>
        <t c="er">er</t>
        <t c="komin">komin</t>
        <t c="bókin">bókin</t>
        <t c=":">:</t>
        <t c="SPÁDÓMAR">SPÁDÓMAR</t>
        <t c="FRELSARANS">FRELSARANS</t>
        <t c="OG">OG</t>
        <t c="UPPFYLLING">UPPFYLLING</t>
        <t c="ÞEIRRA">ÞEIRRA</t>
        <t c="SAMKVÆMT">SAMKVÆMT</t>
        <t c="RITNINGUNNI">RITNINGUNNI</t>
        <t c="OG">OG</t>
        <t c="MANNKYNSSÖGUNNI.">MANNKYNSSÖGUNNI</t>
    </s>
    <s>
        <t c="EFTIR">EFTIR</t>
        <t c="J.">J.</t>
        <t c="G.">G.</t>
        <t c="MATTESON">MATTASON</t>
        <t c=".">.</t>
    </s>
    <s>
        <t c="Bók">Bók</t>
        <t c="þessi">þessi</t>
        <t c="er">er</t>
        <t c="þýdd">þýdd</t>
        <t c="úr">úr</t>
        <t c="dönsku">dönsku</t>
        <t c=".">.</t>
    </s>
    <s>
        <t c="Hefir">Hefir</t>
        <t c="hún">hún</t>
        <t c="vakið">vakið</t>
        <t c="allmikla">allmikla</t>
        <t c="eftirtekt">eftirtekt</t>
        <t c="bæði">bæði</t>
        <t c="á">á</t>
        <t c="Norðurlöndum">Norðurlöndum</t>
        <t c="og">og</t>
        <t c="annarstaðar">annars staðar</t>
        <t c=",">,</t>
        <t c="þar">þar</t>
        <t c="sem">sem</t>
        <t c="hún">hún</t>
        <t c="er">er</t>
        <t c="orðin">orðin</t>
        <t c="kunn">kunn</t>
        <t c=".">.</t>
    </s>
    <s>
        <t c="Auk">Auk</t>
        <t c="þess">þess</t>
        <t c=",">,</t>
        <t c="að">að</t>
        <t c="hún">hún</t>
        <t c="er">er</t>
        <t c="gefin">gefin</t>
        <t c="út">út</t>
        <t c="á">á</t>
        <t c="norðurlandamálunum">norðurlandamálunum</t>
        <t c=",">,</t>
        <t c="hefir">hefir</t>
        <t c="hún">hún</t>
        <t c="verið">verið</t>
        <t c="þýdd">þýdd</t>
        <t c="á">á</t>
        <t c="ensku">ensku</t>
        <t c="og">og</t>
        <t c="þýzku">þýsku</t>
        <t c=".">.</t>
    </s>
    <s>
        <t c="Efni">Efni</t>
        <t c="hennar">hennar</t>
        <t c="er">er</t>
        <t c="að">að</t>
        <t c="benda">benda</t>
        <t c="á">á</t>
        <t c="það">það</t>
        <t c=",">,</t>
        <t c="hvernig">hvernig</t>
        <t c="spádómar">spádómar</t>
        <t c="Jesú">Jesú</t>
        <t c="Krists">Krists</t>
        <t c="í">í</t>
        <t c="nýja">nýja</t>
        <t c="testamentinu">testamentinu</t>
        <t c="hafa">hafa</t>
        <t c="komið">komið</t>
        <t c="fram">fram</t>
        <t c=",">,</t>
        <t c="og">og</t>
        <t c="er">er</t>
        <t c="jafnan">jafnan</t>
        <t c="vitnað">vitnað</t>
        <t c="í">í</t>
        <t c="veraldarsöguna">veraldarsöguna</t>
        <t c="til">til</t>
        <t c="þess">þess</t>
        <t c="að">að</t>
        <t c="sýna">sýna</t>
        <t c="það">það</t>
        <t c=".">.</t>
    </s>
    <s>
        <t c="Verð">Verð</t>
        <t c="2">2</t>
        <t c="kr.">kr.</t>
        <t c="50">50</t>
        <t c="au.">au.</t>
        <t c="—">—</t>
        <t c="Aðal-útsölumaður">Aðal-útsölumaður</t>
        <t c=":">:</t>
        <t c="David">David</t>
        <t c="Östlund">Östlund</t>
        <t c=",">,</t>
        <t c="Reykjavík">Reykjavík</t>
        <t c=".">.</t>
    </s>
    <s>
        <t c="Þeir">Þeir</t>
        <t c=",">,</t>
        <t c="sem">sem</t>
        <t c="panta">panta</t>
        <t c="hjá">hjá</t>
        <t c="mér">mér</t>
        <t c="utan">utan</t>
        <t c="úr">úr</t>
        <t c="sveitum">sveitum</t>
        <t c="Saumavélar">Saumavélar</t>
        <t c=",">,</t>
        <t c="Stundaklukkur">Stundaklukkur</t>
        <t c="eða">eða</t>
        <t c="Vasaúr">Vasaúr</t>
        <t c=",">,</t>
        <t c="verða">verða</t>
        <t c="að">að</t>
        <t c="tiltaka">tiltaka</t>
        <t c=",">,</t>
        <t c="hvað">hvað</t>
        <t c="hluturinn">hluturinn</t>
        <t c="megi">megi</t>
        <t c="kosta">kosta</t>
        <t c="minst">minnst</t>
        <t c="eða">eða</t>
        <t c="mest">mest</t>
        <t c=".">.</t>
    </s>
    <s>
        <t c="Reykjavík">Reykjavík</t>
        <t c=",">,</t>
        <t c="20">20</t>
        <t c=".">.</t>
    </s>
    <s>
        <t c="Júní">Júní</t>
        <t c="1900">1900</t>
        <t c=".">.</t>
    </s>
    <s>
        <t c="Magnús">Magnús</t>
        <t c="Benjamínsson">Benjamínsson</t>
        <t c=",">,</t>
        <t c="úrsmiður">úrsmiður</t>
        <t c=".">.</t>
    </s>
    <s>
        <t c="Frækorn">Frækorn</t>
        <t c="koma">koma</t>
        <t c="út">út</t>
        <t c="þ.">þ.</t>
        <t c="1.">1.</t>
        <t c="og">og</t>
        <t c="15">15</t>
        <t c=".">.</t>
    </s>
    <s>
        <t c="í">í</t>
        <t c="hverjum">hverjum</t>
        <t c="mánuði">mánuði</t>
        <t c=".">.</t>
    </s>
    <s>
        <t c="—">—</t>
        <t c="Stuttar">Stuttar</t>
        <t c="greinir">greinir</t>
        <t c="og">og</t>
        <t c="sögur">sögur</t>
        <t c=",">,</t>
        <t c="kristilegs">kristilegs</t>
        <t c="og">og</t>
        <t c="siðferðilegs">siðferðilegs</t>
        <t c="efnis">efnis</t>
        <t c=",">,</t>
        <t c="ýms">ýmis</t>
        <t c="fróðleikur">fróðleikur</t>
        <t c=",">,</t>
        <t c="góður">góður</t>
        <t c="og">og</t>
        <t c="gagnlegur">gagnlegur</t>
        <t c="fyrir">fyrir</t>
        <t c="alla">alla</t>
        <t c=".">.</t>
    </s>
    <s>
        <t c="—">—</t>
        <t c="Verðið">Verðið</t>
        <t c="er">er</t>
        <t c="að">að</t>
        <t c="eins">eins</t>
        <t c="1">1</t>
        <t c="kr.">kr.</t>
        <t c="50">50</t>
        <t c="au.">au.</t>
        <t c="um">um</t>
        <t c="árið">árið</t>
        <t c=".">.</t>
    </s>
    <s>
        <t c="Útg.">Útg.</t>
    </s>
    <s>
        <t c="D.">D.</t>
        <t c="Østlund">Ætlun</t>
        <t c=",">,</t>
        <t c="Reykjavík">Reykjavík</t>
        <t c=".">.</t>
    </s>
    <s>
        <t c="Daníel">Daníel</t>
        <t c="Símonarson">Símonarson</t>
        <t c="söðlasmiður">söðlasmiður</t>
        <t c="í">í</t>
        <t c="Þingholtsstr.">Þingholtsstr.</t>
        <t c="9">9</t>
        <t c="hefir">hefir</t>
        <t c="til">til</t>
        <t c="sölu">sölu</t>
        <t c="Söðla">Söðla</t>
        <t c="og">og</t>
        <t c="Hnakka">Hnakka</t>
        <t c="með">með</t>
        <t c="góðu">góðu</t>
        <t c="verði">verði</t>
        <t c=".">.</t>
    </s>
    <s>
        <t c="Einnig">Einnig</t>
        <t c="2">2</t>
        <t c="vel">vel</t>
        <t c="vandaða">vandaða</t>
        <t c="Járnvirkjahnakka">Járnvirkjahnakka</t>
        <t c="með">með</t>
        <t c="svínaskinnssetu">svínaskinnssetu</t>
        <t c=",">,</t>
        <t c="með">með</t>
        <t c="niðursettu">niðursettu</t>
        <t c="verði">verði</t>
        <t c=".">.</t>
    </s>
    <s>
        <t c="Pakkalitir">Pakkaðir</t>
        <t c="eru">eru</t>
        <t c="beztir">bestir</t>
        <t c="hjá">hjá</t>
        <t c="C.">C.</t>
        <t c="ZIMSEN">ZIMSEN</t>
        <t c=".">.</t>
    </s>
    <s>
        <t c="Gegn">Gegn</t>
        <t c="mánaðarafborgun">mánaðarafborgun</t>
        <t c="fást">fást</t>
        <t c="tilbúin">tilbúin</t>
        <t c="karlmannsföt">karlmannsföt</t>
        <t c="eftir">eftir</t>
        <t c="samkomulagi">samkomulagi</t>
        <t c="hjá">hjá</t>
        <t c="H.">H.</t>
        <t c="Andersen">Andersen</t>
        <t c=".">.</t>
    </s>
    <s>
        <t c="Munið">Munið</t>
        <t c="að">að</t>
        <t c="alls">alls</t>
        <t c="konar">konar</t>
        <t c="úr">úr</t>
        <t c="og">og</t>
        <t c="klukkur">klukkur</t>
        <t c="og">og</t>
        <t c="gullstáss">gullstáss</t>
        <t c="og">og</t>
        <t c="trúlofunarhringir">trúlofunarhringir</t>
        <t c="og">og</t>
        <t c="borðbúnaður">borðbúnaður</t>
        <t c="úr">úr</t>
        <t c="silfri">silfri</t>
        <t c="og">og</t>
        <t c="silfurpletti">silfurpletti</t>
        <t c="fæst">fæst</t>
        <t c="bezt">best</t>
        <t c="og">og</t>
        <t c="ódýrast">ódýrast</t>
        <t c="hjá">hjá</t>
        <t c="Guðjóni">Guðjóni</t>
        <t c="Sigurðssyni">Sigurðssyni</t>
        <t c=",">,</t>
        <t c="Austurstræti">Austurstræti</t>
        <t c="14">14</t>
        <t c=",">,</t>
        <t c="Reykjavík">Reykjavík</t>
        <t c=".">.</t>
    </s>
    <s>
        <t c="Á">Á</t>
        <t c="sama">sama</t>
        <t c="stað">stað</t>
        <t c="fæst">fæst</t>
        <t c="bezta">besta</t>
        <t c="sort">sort</t>
        <t c="af">af</t>
        <t c="Singers">Singurs</t>
        <t c="stálsaumavélum">stálsaumunum</t>
        <t c=",">,</t>
        <t c="sem">sem</t>
        <t c="eru">eru</t>
        <t c="viðurkendar">viðurkenndar</t>
        <t c="að">að</t>
        <t c="vera">vera</t>
        <t c="hinar">hinar</t>
        <t c="beztu">bestu</t>
        <t c=".">.</t>
    </s>
    <s>
        <t c="—">—</t>
        <t c="Þessar">Þessar</t>
        <t c="saumavélar">saumavélar</t>
        <t c="fást">fást</t>
        <t c="hvergi">hvergi</t>
        <t c="annarsstaðar">annars staðar</t>
        <t c="á">á</t>
        <t c="Suðurlandi">Suðurlandi</t>
        <t c=".">.</t>
    </s>
    <s>
        <t c="Sundmagar">Sundmagar</t>
        <t c=",">,</t>
        <t c="vel">vel</t>
        <t c="verkaðir">verkaðir</t>
        <t c=",">,</t>
        <t c="verða">verða</t>
        <t c="keyptir">keyptir</t>
        <t c="fyrir">fyrir</t>
        <t c="PENINGA">PENINGA</t>
        <t c="við">við</t>
        <t c="verzl.">verst</t>
        <t c="„">„</t>
        <t c="EDINBORG">EDINBORG</t>
        <t c="“">“</t>
        <t c="í">í</t>
        <t c="Keflavík">Keflavík</t>
        <t c=",">,</t>
        <t c="Stokkseyri">Stokkseyri</t>
        <t c="og">og</t>
        <t c="Reykjavík">Reykjavík</t>
        <t c=".">.</t>
    </s>
    <s>
        <t c="Ásgeir">Ásgeir</t>
        <t c="Sigurðsson">Sigurðsson</t>
        <t c=".">.</t>
    </s>
    <s>
        <t c="SAUMASTOFAN">SAUMASTOFAN</t>
        <t c="Í">Í</t>
        <t c="14">14</t>
        <t c="BANKASTRÆTI">BANKASTRÆTI</t>
        <t c="14">14</t>
        <t c="selur">selur</t>
        <t c="mönnum">mönnum</t>
        <t c="mjög">mjög</t>
        <t c="ódýrt">ódýrt</t>
        <t c=".">.</t>
    </s>
    <s>
        <t c="Saumalaun">Saumalaun</t>
        <t c="og">og</t>
        <t c="alt">allt</t>
        <t c="sem">sem</t>
        <t c="til">til</t>
        <t c="fata">fata</t>
        <t c="heyrir">heyrir</t>
        <t c="hvergi">hvergi</t>
        <t c="ódýrara">ódýrara</t>
        <t c=".">.</t>
    </s>
    <s>
        <t c="Mikið">Mikið</t>
        <t c="úrval">úrval</t>
        <t c="af">af</t>
        <t c="fallegum">fallegum</t>
        <t c="og">og</t>
        <t c="ódýrum">ódýrum</t>
        <t c="fataefnum">fataefnum</t>
        <t c=".">.</t>
    </s>
    <s>
        <t c="Mjög">Mjög</t>
        <t c="fljót">fljót</t>
        <t c="afgreiðsla">afgreiðsla</t>
        <t c="eftir">eftir</t>
        <t c="óskum">óskum</t>
        <t c=".">.</t>
    </s>
    <s>
        <t c="Nú">Nú</t>
        <t c="seljast">seljast</t>
        <t c="tilbúin">tilbúin</t>
        <t c="föt">föt</t>
        <t c="mjög">mjög</t>
        <t c="niðursettu">niðursettu</t>
        <t c="verði">verði</t>
        <t c="hjá">hjá</t>
        <t c="mjer">mér</t>
        <t c=".">.</t>
    </s>
    <s>
        <t c="Skoðið">Skoðið</t>
        <t c="þau">þau</t>
        <t c="áður">áður</t>
        <t c="en">en</t>
        <t c="þið">þið</t>
        <t c="kaupið">kaupið</t>
        <t c="önnur">önnur</t>
        <t c=".">.</t>
    </s>
    <s>
        <t c="Virðingarfylst">Virðingarfyllst</t>
        <t c=".">.</t>
    </s>
    <s>
        <t c="GUÐM.">GUÐM.</t>
    </s>
    <s>
        <t c="SIGURÐSSON">SIGURÐSSON</t>
        <t c=",">,</t>
        <t c="KLÆÐSKERI.">KLÆÐSKERI</t>
    </s>
    <s>
        <t c="Skrifari">Skrifari</t>
        <t c=",">,</t>
        <t c="sem">sem</t>
        <t c="er">er</t>
        <t c="fljótur">fljótur</t>
        <t c="og">og</t>
        <t c="skrifar">skrifar</t>
        <t c="læsilega">læsilega</t>
        <t c=",">,</t>
        <t c="getur">getur</t>
        <t c="fengið">fengið</t>
        <t c="skriftir">skriftir</t>
        <t c="4">4</t>
        <t c="stundir">stundir</t>
        <t c="á">á</t>
        <t c="dag">dag</t>
        <t c="nokkra">nokkra</t>
        <t c="daga">daga</t>
        <t c=",">,</t>
        <t c="fyrir">fyrir</t>
        <t c="25">25</t>
        <t c="au.">au.</t>
        <t c="um">um</t>
        <t c="kl.stund">kostun</t>
        <t c=".">.</t>
    </s>
    <s>
        <t c="JÓN">JÓN</t>
        <t c="ÓLAFSSON">ÓLAFSSON</t>
        <t c=",">,</t>
        <t c="bóksali">bóksali</t>
        <t c=".">.</t>
    </s>
    <s>
        <t c="Öll">Öll</t>
        <t c="skáldrit">skáldrit</t>
        <t c="H.">H.</t>
        <t c="Ibsens">Ibsens</t>
        <t c="(">(</t>
        <t c="nýja">nýja</t>
        <t c="útgáfan">útgáfan</t>
        <t c=")">)</t>
        <t c="eru">eru</t>
        <t c="til">til</t>
        <t c="sölu">sölu</t>
        <t c=".">.</t>
    </s>
    <s>
        <t c="—">—</t>
        <t c="Upplýsingar">Upplýsingar</t>
        <t c="á">á</t>
        <t c="afgr.st">afrit</t>
        <t c=".">.</t>
    </s>
    <s>
        <t c="þessa">þessa</t>
        <t c="blaðs">blaðs</t>
        <t c=".">.</t>
    </s>
    <s>
        <t c="Brúðurin">Brúðurin</t>
        <t c="týnd">týnd</t>
        <t c=".">.</t>
    </s>
    <s>
        <t c="Það">Það</t>
        <t c="var">var</t>
        <t c="ró">ró</t>
        <t c="og">og</t>
        <t c="kyrð">kyrrð</t>
        <t c="í">í</t>
        <t c="Reykjavíkurbæ">Reykjavíkurbæ</t>
        <t c="á">á</t>
        <t c="Laugardaginn">Laugardaginn</t>
        <t c="var">var</t>
        <t c=",">,</t>
        <t c="alt">allt</t>
        <t c="fram">fram</t>
        <t c="að">að</t>
        <t c="miðaftni">miðaftni</t>
        <t c=",">,</t>
        <t c="og">og</t>
        <t c="allir">allir</t>
        <t c="í">í</t>
        <t c="næði">næði</t>
        <t c="og">og</t>
        <t c="spekt">spekt</t>
        <t c="við">við</t>
        <t c="vinnu">vinnu</t>
        <t c="sína">sína</t>
        <t c=".">.</t>
    </s>
    <s>
        <t c="Vatnsdælurnar">Vatnsdælurnar</t>
        <t c="voru">voru</t>
        <t c="búnar">búnar</t>
        <t c="að">að</t>
        <t c="fá">fá</t>
        <t c="hvíld">hvíld</t>
        <t c=",">,</t>
        <t c="og">og</t>
        <t c="fréttir">fréttir</t>
        <t c="var">var</t>
        <t c="ekki">ekki</t>
        <t c="að">að</t>
        <t c="fá">fá</t>
        <t c="hvernig">hvernig</t>
        <t c="sem">sem</t>
        <t c="leitað">leitað</t>
        <t c="var">var</t>
        <t c=".">.</t>
    </s>
    <s>
        <t c="Og">Og</t>
        <t c="þá">þá</t>
        <t c="var">var</t>
        <t c="auðvitað">auðvitað</t>
        <t c="ekkert">ekkert</t>
        <t c="að">að</t>
        <t c="tala">tala</t>
        <t c="um">um</t>
        <t c=".">.</t>
    </s>
    <s>
        <t c="Alt">Allt</t>
        <t c="í">í</t>
        <t c="einu">einu</t>
        <t c="rofnaði">rofnaði</t>
        <t c="þögnin">þögnin</t>
        <t c=",">,</t>
        <t c="því">því</t>
        <t c="öllum">öllum</t>
        <t c="klukkum">klukkum</t>
        <t c="dómkirkjunnar">dómkirkjunnar</t>
        <t c="var">var</t>
        <t c="hringt">hringt</t>
        <t c="í">í</t>
        <t c="sífellu">sífellu</t>
        <t c=",">,</t>
        <t c="svo">svo</t>
        <t c="kvað">kvað</t>
        <t c="við">við</t>
        <t c="í">í</t>
        <t c="öllum">öllum</t>
        <t c="bænum">bænum</t>
        <t c=".">.</t>
    </s>
    <s>
        <t c="Hugðu">Hugðu</t>
        <t c="sumir">sumir</t>
        <t c="það">það</t>
        <t c="herklukku">herklukku</t>
        <t c="vera">vera</t>
        <t c=";">;</t>
        <t c="skeggöld">skeggöld</t>
        <t c="og">og</t>
        <t c="skálma">skálma</t>
        <t c="væri">væri</t>
        <t c="runnin">runnin</t>
        <t c="upp">upp</t>
        <t c=",">,</t>
        <t c="og">og</t>
        <t c="væri">væri</t>
        <t c="Guðmundur">Guðmundur</t>
        <t c="kominn">kominn</t>
        <t c="með">með</t>
        <t c="botnverpingana">botnvörpungana</t>
        <t c=",">,</t>
        <t c="vini">vini</t>
        <t c="sína">sína</t>
        <t c="til">til</t>
        <t c="að">að</t>
        <t c="hertaka">hertaka</t>
        <t c="bæinn">bæinn</t>
        <t c=".">.</t>
    </s>
    <s>
        <t c="—">—</t>
        <t c="En">En</t>
        <t c="brátt">brátt</t>
        <t c="kom">kom</t>
        <t c="það">það</t>
        <t c="í">í</t>
        <t c="ljós">ljós</t>
        <t c=",">,</t>
        <t c="að">að</t>
        <t c="engin">engin</t>
        <t c="mundi">mundi</t>
        <t c="orustan">orustan</t>
        <t c="háð">háð</t>
        <t c=",">,</t>
        <t c="enda">enda</t>
        <t c="ómuðu">ómuðu</t>
        <t c="kirkjuklukkurnar">kirkjuklukkurnar</t>
        <t c="blíðara">blíðara</t>
        <t c="en">en</t>
        <t c="svo">svo</t>
        <t c=",">,</t>
        <t c="að">að</t>
        <t c="þetta">þetta</t>
        <t c="gæti">gæti</t>
        <t c="verið">verið</t>
        <t c="herklukkuhljómur">herklukkuhljómur</t>
        <t c=".">.</t>
    </s>
    <s>
        <t c="„">„</t>
        <t c="Það">Það</t>
        <t c="á">á</t>
        <t c="náttúrlega">náttúrlega</t>
        <t c="að">að</t>
        <t c="fara">fara</t>
        <t c="að">að</t>
        <t c="gifta">gifta</t>
        <t c="í">í</t>
        <t c="kirkjunni">kirkjunni</t>
        <t c="“">“</t>
        <t c=",">,</t>
        <t c="sögðu">sögðu</t>
        <t c="ungu">ungu</t>
        <t c="stúlkurnar">stúlkurnar</t>
        <t c=".">.</t>
    </s>
    <s>
        <t c="Og">Og</t>
        <t c="röðuðu">röðuðu</t>
        <t c="þær">þær</t>
        <t c="sér">sér</t>
        <t c="út">út</t>
        <t c="í">í</t>
        <t c="gluggana">gluggana</t>
        <t c=",">,</t>
        <t c="þar">þar</t>
        <t c="sem">sem</t>
        <t c="þær">þær</t>
        <t c="bjuggust">bjuggust</t>
        <t c="við">við</t>
        <t c=",">,</t>
        <t c="að">að</t>
        <t c="brúðurin">brúðurin</t>
        <t c="gengi">gengi</t>
        <t c="fram">fram</t>
        <t c="hjá">hjá</t>
        <t c=".">.</t>
    </s>
    <s>
        <t c="Og">Og</t>
        <t c="það">það</t>
        <t c="var">var</t>
        <t c="hringt">hringt</t>
        <t c="og">og</t>
        <t c="hringt">hringt</t>
        <t c=",">,</t>
        <t c="hringt">hringt</t>
        <t c="í">í</t>
        <t c="sífellu">sífellu</t>
        <t c="og">og</t>
        <t c="hvíldarlaust">hvíldarlaust</t>
        <t c=".">.</t>
    </s>
    <s>
        <t c="Og">Og</t>
        <t c="stúlkunum">stúlkunum</t>
        <t c="heyrðist">heyrðist</t>
        <t c="klukkurnar">klukkurnar</t>
        <t c="segja">segja</t>
        <t c=":">:</t>
        <t c="„">„</t>
        <t c="Elskan">Elskan</t>
        <t c="mín">mín</t>
        <t c="!">!</t>
        <t c="“">“</t>
    </s>
    <s>
        <t c="Elskan">Elskan</t>
        <t c="mín">mín</t>
        <t c="!">!</t>
        <t c="“">“</t>
        <t c=".">.</t>
    </s>
    <s>
        <t c="Og">Og</t>
        <t c="stúlkurnar">stúlkurnar</t>
        <t c="þyrptust">þyrptust</t>
        <t c="að">að</t>
        <t c="gluggunum">gluggunum</t>
        <t c="og">og</t>
        <t c="gægðust">gægðust</t>
        <t c="út">út</t>
        <t c="um">um</t>
        <t c="hverja">hverja</t>
        <t c="smugu">smugu</t>
        <t c="milli">milli</t>
        <t c="gluggatjaldanna">gluggatjaldanna</t>
        <t c="og">og</t>
        <t c="gegn">gegn</t>
        <t c="um">um</t>
        <t c="þau">þau</t>
        <t c=".">.</t>
    </s>
    <s>
        <t c="Allar">Allar</t>
        <t c="langaði">langaði</t>
        <t c="þær">þær</t>
        <t c="til">til</t>
        <t c="að">að</t>
        <t c="sjá">sjá</t>
        <t c="—">—</t>
        <t c="brúðurina">brúðurin</t>
        <t c=",">,</t>
        <t c="hvítklædda">hvítklædda</t>
        <t c=",">,</t>
        <t c="sem">sem</t>
        <t c="nú">nú</t>
        <t c="ætti">ætti</t>
        <t c="að">að</t>
        <t c="fara">fara</t>
        <t c="inn">inn</t>
        <t c="að">að</t>
        <t c="altarinu">altarinu</t>
        <t c="til">til</t>
        <t c="að">að</t>
        <t c="fá">fá</t>
        <t c="hugsjónir">hugsjónir</t>
        <t c="sínar">sínar</t>
        <t c="uppfyltar">uppfylltar</t>
        <t c="eða">eða</t>
        <t c="—">—</t>
        <t c="fótum">fótum</t>
        <t c="troðnar">troðnar</t>
        <t c=".">.</t>
    </s>
    <s>
        <t c="Í">Í</t>
        <t c="brjóstum">brjóstum</t>
        <t c="þeirra">þeirra</t>
    </s>
    <s>
        <t c="vaknaði">vaknaði</t>
        <t c="einhver">einhver</t>
        <t c="óljós">óljós</t>
        <t c="þrá">þrá</t>
        <t c=",">,</t>
        <t c="kviknaði">kviknaði</t>
        <t c="ljósgeisli">ljósgeisli</t>
        <t c=",">,</t>
        <t c="hjá">hjá</t>
        <t c="sumum">sumum</t>
        <t c="skærari">skærari</t>
        <t c=",">,</t>
        <t c="sumum">sumum</t>
        <t c="daufari">daufari</t>
        <t c=",">,</t>
        <t c="sem">sem</t>
        <t c="dró">dró</t>
        <t c="þær">þær</t>
        <t c="vísvitandi">vísvitandi</t>
        <t c="eða">eða</t>
        <t c="óafvitandi">óafvitandi</t>
        <t c="með">með</t>
        <t c="sívaxandi">sívaxandi</t>
        <t c="afli">afli</t>
        <t c=",">,</t>
        <t c="líkt">líkt</t>
        <t c="og">og</t>
        <t c="töfra-aflið">töfraaflið</t>
        <t c=",">,</t>
        <t c="sem">sem</t>
        <t c="dró">dró</t>
        <t c="skipið">skipið</t>
        <t c="hans">hans</t>
        <t c="Sindbaðs">Sinnaðs</t>
        <t c="upp">upp</t>
        <t c="að">að</t>
        <t c="Segulbjarginu">Helbjarginu</t>
        <t c=".">.</t>
    </s>
    <s>
        <t c="Og">Og</t>
        <t c="þær">þær</t>
        <t c="heyrðu">heyrðu</t>
        <t c="í">í</t>
        <t c="anda">anda</t>
        <t c="fótatak">fótatak</t>
        <t c="brúðurinnar">brúarinnar</t>
        <t c=",">,</t>
        <t c="hægt">hægt</t>
        <t c="og">og</t>
        <t c="létt">létt</t>
        <t c=",">,</t>
        <t c="en">en</t>
        <t c="þó">þó</t>
        <t c="heyrðu">heyrðu</t>
        <t c="þær">þær</t>
        <t c="í">í</t>
        <t c="taktslögum">útslögum</t>
        <t c="þess">þess</t>
        <t c=",">,</t>
        <t c="svo">svo</t>
        <t c="sein">sein</t>
        <t c="hvíslað">hvíslað</t>
        <t c="væri">væri</t>
        <t c="í">í</t>
        <t c="sífellu">sífellu</t>
        <t c=":">:</t>
        <t c="„">„</t>
        <t c="Í">Í</t>
        <t c="dag">dag</t>
        <t c="mér">mér</t>
        <t c="en">en</t>
        <t c="á">á</t>
        <t c="morgun">morgun</t>
        <t c="þér.">þér</t>
        <t c="“">“</t>
    </s>
    <s>
        <t c="En">En</t>
        <t c="það">það</t>
        <t c="leið">leið</t>
        <t c="og">og</t>
        <t c="beið">beið</t>
        <t c=".">.</t>
    </s>
    <s>
        <t c="Hringingunum">Hringingunum</t>
        <t c="hélt">hélt</t>
        <t c="áfram">áfram</t>
        <t c=",">,</t>
        <t c="en">en</t>
        <t c="það">það</t>
        <t c="kom">kom</t>
        <t c="—">—</t>
        <t c="engin">engin</t>
        <t c="brúður">brúður</t>
        <t c=".">.</t>
    </s>
    <s>
        <t c="En">En</t>
        <t c="ungu">ungu</t>
        <t c="stúlkurnar">stúlkurnar</t>
        <t c="stóðu">stóðu</t>
        <t c="á">á</t>
        <t c="öndinni">öndinni</t>
        <t c="af">af</t>
        <t c="eftirvæntingu">eftirvæntingu</t>
        <t c=".">.</t>
    </s>
    <s>
        <t c="Og">Og</t>
        <t c="þar">þar</t>
        <t c="varð">varð</t>
        <t c="þögn">þögn</t>
        <t c=",">,</t>
        <t c="steinþögn">steinþögn</t>
        <t c=",">,</t>
        <t c="en">en</t>
        <t c="það">það</t>
        <t c="hefir">hefir</t>
        <t c="ekki">ekki</t>
        <t c="oft">oft</t>
        <t c="borið">borið</t>
        <t c="við">við</t>
        <t c="síðan">síðan</t>
        <t c="heimurinn">heimurinn</t>
        <t c="varð">varð</t>
        <t c="til">til</t>
        <t c=",">,</t>
        <t c="þar">þar</t>
        <t c="sem">sem</t>
        <t c="margar">margar</t>
        <t c="ungar">ungar</t>
        <t c="stúlkur">stúlkur</t>
        <t c="eru">eru</t>
        <t c="saman">saman</t>
        <t c="komnar">komnar</t>
        <t c=".">.</t>
    </s>
    <s>
        <t c="En">En</t>
        <t c="þar">þar</t>
        <t c="kom">kom</t>
        <t c="engin">engin</t>
        <t c="brúður">brúður</t>
        <t c=".">.</t>
    </s>
    <s>
        <t c="Og">Og</t>
        <t c="stúlkurnar">stúlkurnar</t>
        <t c="tóku">tóku</t>
        <t c="að">að</t>
        <t c="ráðgast">ráðgast</t>
        <t c="um">um</t>
        <t c=",">,</t>
        <t c="hvað">hvað</t>
        <t c="gera">gera</t>
        <t c="skyldi">skyldi</t>
        <t c=".">.</t>
    </s>
    <s>
        <t c="Og">Og</t>
        <t c="þær">þær</t>
        <t c="urðu">urðu</t>
        <t c="ásáttar">ásáttar</t>
        <t c="um">um</t>
        <t c=",">,</t>
        <t c="að">að</t>
        <t c="ein">ein</t>
        <t c="þeirra">þeirra</t>
        <t c="skyldi">skyldi</t>
        <t c="fara">fara</t>
        <t c="og">og</t>
        <t c="ganga">ganga</t>
        <t c="í">í</t>
        <t c="brúðurinnar">brúarinnar</t>
        <t c="stað">stað</t>
        <t c=".">.</t>
    </s>
    <s>
        <t c="En">En</t>
        <t c="engin">engin</t>
        <t c="vildi">vildi</t>
        <t c="gefa">gefa</t>
        <t c="sig">sig</t>
        <t c="fram">fram</t>
        <t c=",">,</t>
        <t c="og">og</t>
        <t c="engin">engin</t>
        <t c="vildi">vildi</t>
        <t c="stinga">stinga</t>
        <t c="upp">upp</t>
        <t c="á">á</t>
        <t c="annari">annari</t>
        <t c=",">,</t>
        <t c="og">og</t>
        <t c="ekki">ekki</t>
        <t c="var">var</t>
        <t c="þeim">þeim</t>
        <t c="um">um</t>
        <t c="að">að</t>
        <t c="varpa">varpa</t>
        <t c="hlutkesti">hlutkesti</t>
        <t c=",">,</t>
        <t c="því">því</t>
        <t c="sérhver">sérhver</t>
        <t c="hugsaði">hugsaði</t>
        <t c="með">með</t>
        <t c="sjálfri">sjálfri</t>
        <t c="sér">sér</t>
        <t c=":">:</t>
        <t c="„">„</t>
        <t c="Annaðhvort">Annaðhvort</t>
        <t c="hlýt">hlýt</t>
        <t c="ég">ég</t>
        <t c="að">að</t>
        <t c="verða">verða</t>
        <t c="fyrir">fyrir</t>
        <t c="því">því</t>
        <t c=",">,</t>
        <t c="og">og</t>
        <t c="ég">ég</t>
        <t c="vil">vil</t>
        <t c="ekki">ekki</t>
        <t c="fara">fara</t>
        <t c="að">að</t>
        <t c="gera">gera</t>
        <t c="það">það</t>
        <t c="fyrir">fyrir</t>
        <t c="þær">þær</t>
        <t c=",">,</t>
        <t c="eða">eða</t>
        <t c="Manga">Manga</t>
        <t c="eða">eða</t>
        <t c="Gerða">Gerða</t>
        <t c="verður">verður</t>
        <t c="fyrir">fyrir</t>
        <t c="því">því</t>
        <t c="og">og</t>
        <t c="þær">þær</t>
        <t c="eiga">eiga</t>
        <t c="það">það</t>
        <t c="ekki">ekki</t>
        <t c="fremur">fremur</t>
        <t c="skilið">skilið</t>
        <t c="en">en</t>
        <t c="ég.">ég</t>
        <t c="“">“</t>
    </s>
    <s>
        <t c="Og">Og</t>
        <t c="þær">þær</t>
        <t c="stóðu">stóðu</t>
        <t c="agndofa">agndofa</t>
        <t c=",">,</t>
        <t c="og">og</t>
        <t c="vissu">vissu</t>
        <t c="ekki">ekki</t>
        <t c=",">,</t>
        <t c="hvernig">hvernig</t>
        <t c="þær">þær</t>
        <t c="ættu">ættu</t>
        <t c="að">að</t>
        <t c="ráða">ráða</t>
        <t c="úr">úr</t>
        <t c="þessum">þessum</t>
        <t c="vandræðum">vandræðum</t>
        <t c=".">.</t>
    </s>
    <s>
        <t c="En">En</t>
        <t c="alt">allt</t>
        <t c="í">í</t>
        <t c="einu">einu</t>
        <t c="kom">kom</t>
        <t c="ein">ein</t>
        <t c="stúlkan">stúlkan</t>
        <t c="þjótandi">þjótandi</t>
        <t c="inn">inn</t>
        <t c="og">og</t>
        <t c="mælti">mælti</t>
        <t c=":">:</t>
        <t c="„">„</t>
        <t c="Það">Það</t>
        <t c="er">er</t>
        <t c="hreint">hreint</t>
        <t c="engin">engin</t>
        <t c="gifting">gifting</t>
        <t c=".">.</t>
    </s>
    <s>
        <t c="Það">Það</t>
        <t c="er">er</t>
        <t c="bara">bara</t>
        <t c="verið">verið</t>
        <t c="að">að</t>
        <t c="hringja">hringja</t>
        <t c="inn">inn</t>
        <t c="hátíð">hátíð</t>
        <t c="í">í</t>
        <t c="minningu">minningu</t>
        <t c="þess">þess</t>
        <t c=",">,</t>
        <t c="að">að</t>
        <t c="Ísland">Ísland</t>
        <t c="hefir">hefir</t>
        <t c="verið">verið</t>
        <t c="kristið">kristið</t>
        <t c="í">í</t>
        <t c="900">900</t>
        <t c="ár">ár</t>
        <t c=".">.</t>
    </s>
    <s>
        <t c="Vagn">Vagn</t>
        <t c=".">.</t>
    </s>
    <s>
        <t c="Við">Við</t>
        <t c="spegilinn">spegilinn</t>
        <t c=".">.</t>
    </s>
    <s>
        <t c="I.">I.</t>
        <t c="Björn">Björn</t>
        <t c=".">.</t>
    </s>
    <s>
        <t c="Lag">Lag</t>
        <t c=":">:</t>
        <t c="Höfðingjasiðina">Höfðingjasiðina</t>
        <t c="höfum">höfum</t>
        <t c="við">við</t>
        <t c=".">.</t>
    </s>
    <s>
        <t c="Ó">Ó</t>
        <t c=",">,</t>
        <t c="nú">nú</t>
        <t c="er">er</t>
        <t c="þó">þó</t>
        <t c="gaman">gaman</t>
        <t c=",">,</t>
        <t c="það">það</t>
        <t c="segi">segi</t>
        <t c="’">’</t>
        <t c="eg">ég</t>
        <t c="satt">satt</t>
        <t c="að">að</t>
        <t c="sjá">sjá</t>
        <t c="sig">sig</t>
        <t c="í">í</t>
        <t c="spegli">spegli</t>
        <t c="með">með</t>
        <t c="Búahatt">Búrahátt</t>
        <t c=";">;</t>
        <t c="hér">hér</t>
        <t c="þekst">þekst</t>
        <t c="hafa">hafa</t>
        <t c="aldrei">aldrei</t>
        <t c="nein">nein</t>
        <t c="þvílík">þvílík</t>
        <t c="börð">börð</t>
        <t c=",">,</t>
        <t c="með">með</t>
        <t c="þeim">þeim</t>
        <t c="mætti">mætti</t>
        <t c="refta">refta</t>
        <t c="’">’</t>
        <t c="yfir">yfir</t>
        <t c="Grindaskörð">Grindaskörð</t>
        <t c=",">,</t>
        <t c="en">en</t>
        <t c="annars">annars</t>
        <t c="mér">mér</t>
        <t c="skilst">skilst</t>
        <t c="að">að</t>
        <t c="þarfleg">þarfleg</t>
        <t c="þing">þing</t>
        <t c="þeir">þeir</t>
        <t c="muni">muni</t>
        <t c="verða">verða</t>
        <t c="hér">hér</t>
        <t c="alt">allt</t>
        <t c="um">um</t>
        <t c="kring">kring</t>
        <t c="og">og</t>
        <t c="verja">verja</t>
        <t c="’">’</t>
        <t c="oss">oss</t>
        <t c="fyrir">fyrir</t>
        <t c="vindi">vindi</t>
        <t c="’">’</t>
        <t c="og">og</t>
        <t c="snjó">snjó</t>
        <t c=",">,</t>
        <t c="svo">svo</t>
        <t c="vér">vér</t>
        <t c="getum">getum</t>
        <t c="lifað">lifað</t>
        <t c="í">í</t>
        <t c="ró">ró</t>
        <t c=".">.</t>
    </s>
    <s>
        <t c="Ó">Ó</t>
        <t c=",">,</t>
        <t c="Rósa">Rósa</t>
        <t c="!">!</t>
    </s>
    <s>
        <t c="ó">ó</t>
        <t c=",">,</t>
        <t c="Rósa">Rósa</t>
        <t c="!">!</t>
    </s>
    <s>
        <t c="Nú">Nú</t>
        <t c="líttu">líttu</t>
        <t c="á">á</t>
        <t c="hattinn">hattinn</t>
        <t c="minn">minn</t>
        <t c="!">!</t>
    </s>
    <s>
        <t c="—">—</t>
        <t c="Lítst">Líst</t>
        <t c="ekki">ekki</t>
        <t c="þér">þér</t>
        <t c="ó">ó</t>
        <t c=",">,</t>
        <t c="Rósa">Rósa</t>
        <t c="!">!</t>
    </s>
    <s>
        <t c="ó">ó</t>
        <t c=",">,</t>
        <t c="Rósa">Rósa</t>
        <t c="!">!</t>
    </s>
    <s>
        <t c="það">það</t>
        <t c="höfuðdjásn">höfuðdjásn</t>
        <t c="hæfi">hæfi</t>
        <t c="bezt">best</t>
        <t c="mér">mér</t>
        <t c="!">!</t>
    </s>
    <s>
        <t c="Til">Til</t>
        <t c="útlanda">útlanda</t>
        <t c="höfum">höfum</t>
        <t c="vér">vér</t>
        <t c="allmargt">allmargt</t>
        <t c="sótt">sótt</t>
        <t c=",">,</t>
        <t c="já">já</t>
        <t c=",">,</t>
        <t c="„">„</t>
        <t c="ífluguna">fluguna</t>
        <t c="“">“</t>
        <t c="og">og</t>
        <t c="skarlatssótt">skarlatssótt</t>
        <t c=",">,</t>
        <t c="og">og</t>
        <t c="vín">vín</t>
        <t c="og">og</t>
        <t c="Brama">Brama</t>
        <t c="og">og</t>
        <t c="Voltakross">Vírkross</t>
        <t c=",">,</t>
        <t c="sem">sem</t>
        <t c="varnar">varnar</t>
        <t c="kvillum">kvillum</t>
        <t c="og">og</t>
        <t c="styrkir">styrkir</t>
        <t c="oss">oss</t>
        <t c=",">,</t>
        <t c="en">en</t>
        <t c="Búahattinn">Búraháttinn</t>
        <t c="ég">ég</t>
        <t c="beztan">bestan</t>
        <t c="tel">tel</t>
        <t c="með">með</t>
        <t c="börðin">börðin</t>
        <t c="stóru">stóru</t>
        <t c=",">,</t>
        <t c="sem">sem</t>
        <t c="skýla">skýla</t>
        <t c="vel">vel</t>
        <t c=";">;</t>
        <t c="ég">ég</t>
        <t c="held">held</t>
        <t c="þau">þau</t>
        <t c="nái">nái</t>
        <t c="yfir">yfir</t>
        <t c="heila">heila</t>
        <t c="jörð">jörð</t>
        <t c=",">,</t>
        <t c="—">—</t>
        <t c="víst">víst</t>
        <t c="hálfa">hálfa</t>
        <t c="leið">leið</t>
        <t c="suður">suður</t>
        <t c="í">í</t>
        <t c="Fjörð">Fjörð</t>
        <t c=".">.</t>
    </s>
    <s>
        <t c="Ó">Ó</t>
        <t c=",">,</t>
        <t c="Rósa">Rósa</t>
        <t c="!">!</t>
    </s>
    <s>
        <t c="ó">ó</t>
        <t c=",">,</t>
        <t c="Rósa">Rósa</t>
        <t c="!">!</t>
    </s>
    <s>
        <t c="Nú">Nú</t>
        <t c="set">set</t>
        <t c="ég">ég</t>
        <t c="upp">upp</t>
        <t c="hattinn">hattinn</t>
        <t c="og">og</t>
        <t c="horfðu">horfðu</t>
        <t c="nú">nú</t>
        <t c="á">á</t>
        <t c="!">!</t>
    </s>
    <s>
        <t c="Ó">Ó</t>
        <t c=",">,</t>
        <t c="Rósa">Rósa</t>
        <t c="!">!</t>
    </s>
    <s>
        <t c="ó">ó</t>
        <t c=",">,</t>
        <t c="Rósa">Rósa</t>
        <t c="!">!</t>
    </s>
    <s>
        <t c="Ja">Ja</t>
        <t c=",">,</t>
        <t c="hérna">hérna</t>
        <t c="’">’</t>
        <t c="er">er</t>
        <t c="þó">þó</t>
        <t c="nokkuð">nokkuð</t>
        <t c="að">að</t>
        <t c="sjá">sjá</t>
        <t c="!">!</t>
    </s>
    <s>
        <t c="Hann">Hann</t>
        <t c="Jónas">Jónas</t>
        <t c="í">í</t>
        <t c="fiskinum">fiskinum</t>
        <t c="forðum">forðum</t>
        <t c="var">var</t>
        <t c=",">,</t>
        <t c="—">—</t>
        <t c="oss">oss</t>
        <t c="fræða">fræða</t>
        <t c="’">’</t>
        <t c="á">á</t>
        <t c="því">því</t>
        <t c="gamlar">gamlar</t>
        <t c="ritningar">ritningar</t>
        <t c=",">,</t>
        <t c="—">—</t>
        <t c="en">en</t>
        <t c="eftir">eftir</t>
        <t c="það">það</t>
        <t c="bjó">bjó</t>
        <t c="hann">hann</t>
        <t c="í">í</t>
        <t c="undralund">undraland</t>
        <t c="og">og</t>
        <t c="ánægður">ánægður</t>
        <t c="var">var</t>
        <t c="hann">hann</t>
        <t c="þá">þá</t>
        <t c="hverja">hverja</t>
        <t c="stund">stund</t>
        <t c=",">,</t>
        <t c="og">og</t>
        <t c="svo">svo</t>
        <t c="verður">verður</t>
        <t c="mér">mér</t>
        <t c="og">og</t>
        <t c="í">í</t>
        <t c="sinni">sinni</t>
        <t c="glatt">glatt</t>
        <t c=",">,</t>
        <t c="er">er</t>
        <t c="set">set</t>
        <t c="ég">ég</t>
        <t c="upp">upp</t>
        <t c="þennan">þennan</t>
        <t c="Búahatt">Búrahátt</t>
        <t c=",">,</t>
        <t c="í">í</t>
        <t c="hretviðrum">hretviðrum</t>
        <t c="öllum">öllum</t>
        <t c="þá">þá</t>
        <t c="hef">hef</t>
        <t c="ég">ég</t>
        <t c="skjól">skjól</t>
        <t c="og">og</t>
        <t c="hann">hann</t>
        <t c="skýlir">skýlir</t>
        <t c="mér">mér</t>
        <t c="fyrir">fyrir</t>
        <t c="sól">sól</t>
        <t c=".">.</t>
    </s>
    <s>
        <t c="—">—</t>
        <t c="Ó">Ó</t>
        <t c=",">,</t>
        <t c="Rósa">Rósa</t>
        <t c="!">!</t>
    </s>
    <s>
        <t c="ó">ó</t>
        <t c=",">,</t>
        <t c="Rósa">Rósa</t>
        <t c="!">!</t>
    </s>
    <s>
        <t c="Nú">Nú</t>
        <t c="bregð">bregð</t>
        <t c="ég">ég</t>
        <t c="mér">mér</t>
        <t c="líka">líka</t>
        <t c="’">’</t>
        <t c="út">út</t>
        <t c="í">í</t>
        <t c="bónorðsför">bónorðsför</t>
        <t c="—">—</t>
        <t c="þey">þey</t>
        <t c="!">!</t>
    </s>
    <s>
        <t c="Ó">Ó</t>
        <t c=",">,</t>
        <t c="Rósa">Rósa</t>
        <t c="!">!</t>
    </s>
    <s>
        <t c="ó">ó</t>
        <t c=",">,</t>
        <t c="Rósa">Rósa</t>
        <t c="!">!</t>
    </s>
    <s>
        <t c="því">því</t>
        <t c="nú">nú</t>
        <t c="segir">segir</t>
        <t c="engin">engin</t>
        <t c="mér">mér</t>
        <t c="nei">nei</t>
        <t c="!">!</t>
    </s>
    <s>
        <t c="Plausor">Plausor</t>
        <t c=".">.</t>
    </s>
    <s>
        <t c="Í">Í</t>
        <t c="næsta">næsta</t>
        <t c="blaði">blaði</t>
        <t c="syngur">syngur</t>
        <t c="Rósa">Rósa</t>
        <t c=".">.</t>
    </s>
    <s>
        <t c="Leiðréttingar">Leiðréttingar</t>
        <t c=".">.</t>
    </s>
    <s>
        <t c="Í">Í</t>
        <t c="blaðinu">blaðinu</t>
        <t c="„">„</t>
        <t c="Frækorn">Frækorn</t>
        <t c="“">“</t>
        <t c="er">er</t>
        <t c="misprentað">misprentun</t>
        <t c=":">:</t>
        <t c="á">á</t>
        <t c="bls.">bls.</t>
        <t c="12">12</t>
        <t c=",">,</t>
        <t c="2.">2.</t>
        <t c="d.">d.</t>
        <t c=",">,</t>
        <t c="13.">13.</t>
        <t c="l.">l.</t>
        <t c=":">:</t>
        <t c="ladem">lada</t>
        <t c="f.">f.</t>
    </s>
    <s>
        <t c="eadem">exem</t>
        <t c="á">á</t>
        <t c="bls.">bls.</t>
        <t c="23">23</t>
        <t c=",">,</t>
        <t c="1.">1.</t>
        <t c="d.">d.</t>
        <t c=",">,</t>
        <t c="23.">23.</t>
        <t c="l.">l.</t>
        <t c="og">og</t>
        <t c="2.">2.</t>
        <t c="d.">d.</t>
        <t c="5.">5.</t>
        <t c="l.">l.</t>
        <t c=":">:</t>
        <t c="þar">þar</t>
        <t c="f.">f.</t>
        <t c="þær">þær</t>
        <t c="Þessar">Þessar</t>
        <t c="villur">villur</t>
        <t c="bið">bið</t>
        <t c="ég">ég</t>
        <t c="lesendur">lesendur</t>
        <t c="að">að</t>
        <t c="gera">gera</t>
        <t c="svo">svo</t>
        <t c="vel">vel</t>
        <t c="að">að</t>
        <t c="lagfæra">lagfæra</t>
        <t c="í">í</t>
        <t c="eintökum">eintökum</t>
        <t c="sínum">sínum</t>
        <t c=",">,</t>
        <t c="svo">svo</t>
        <t c="að">að</t>
        <t c="ekki">ekki</t>
        <t c="þurfi">þurfi</t>
        <t c="að">að</t>
        <t c="koma">koma</t>
        <t c="fyrir">fyrir</t>
        <t c="neinn">neinn</t>
        <t c="það">það</t>
        <t c=",">,</t>
        <t c="sem">sem</t>
        <t c="kom">kom</t>
        <t c="hér">hér</t>
        <t c="um">um</t>
        <t c="daginn">daginn</t>
        <t c="fyrir">fyrir</t>
        <t c="mann">mann</t>
        <t c=",">,</t>
        <t c="er">er</t>
        <t c="var">var</t>
        <t c="að">að</t>
        <t c="hengja">hengja</t>
        <t c="hattinn">hattinn</t>
        <t c="sinn">sinn</t>
        <t c="á">á</t>
        <t c="—">—</t>
        <t c="prentvillu">prentvillu</t>
        <t c=",">,</t>
        <t c="sem">sem</t>
        <t c="fyrir">fyrir</t>
        <t c="löngu">löngu</t>
        <t c="var">var</t>
        <t c="leiðrétt">leiðrétt</t>
        <t c="í">í</t>
        <t c="sjálfu">sjálfu</t>
        <t c="blaðinu">blaðinu</t>
        <t c=".">.</t>
    </s>
    <s>
        <t c="Útg.">Útg.</t>
        <t c="„">„</t>
        <t c="Frækorna">Frækorna</t>
        <t c="“">“</t>
        <t c=".">.</t>
    </s>
    <s>
        <t c="Úr">Úr</t>
        <t c="bœnum">bænum</t>
        <t c=".">.</t>
    </s>
    <s>
        <t c="Á">Á</t>
        <t c="Laugardaginn">Laugardaginn</t>
        <t c="var">var</t>
        <t c="hringt">hringt</t>
        <t c="kirkjuklukkum">kirkjuklukkum</t>
        <t c="frá">frá</t>
        <t c="6">6</t>
        <t c="—">—</t>
        <t c="7">7</t>
        <t c="síðd.">síðd.</t>
        <t c="og">og</t>
        <t c="hófst">hófst</t>
        <t c="þar">þar</t>
        <t c="með">með</t>
        <t c="hátíð">hátíð</t>
        <t c="í">í</t>
        <t c="minningu">minningu</t>
        <t c="900">900</t>
        <t c="ára">ára</t>
        <t c="afmælis">afmælis</t>
        <t c="kristninnar">kristninnar</t>
        <t c="hér">hér</t>
        <t c="á">á</t>
        <t c="landi">landi</t>
        <t c=".">.</t>
    </s>
    <s>
        <t c="Á">Á</t>
        <t c="sunnudagsmorguninn">sunnudagsmorguninn</t>
        <t c=",">,</t>
        <t c="kl.">kl.</t>
        <t c="8">8</t>
        <t c=",">,</t>
        <t c="ómuðu">ómuðu</t>
        <t c="sálmalög">sálmasöng</t>
        <t c="hátíðlega">hátíðlega</t>
        <t c="frá">frá</t>
        <t c="kirkjuturninum">kirkjuturninum</t>
        <t c=";">;</t>
        <t c="var">var</t>
        <t c="þar">þar</t>
        <t c="hornaflokkur">hornaflokkur</t>
        <t c="Helga">Helga</t>
        <t c=".">.</t>
    </s>
    <s>
        <t c="Við">Við</t>
        <t c="hádegismessuna">hádegismessuna</t>
        <t c="var">var</t>
        <t c="kirkjan">kirkjan</t>
        <t c="uppljómuð">uppljómuð</t>
        <t c="sem">sem</t>
        <t c="á">á</t>
        <t c="stórhátíð">stórhátíð</t>
        <t c=",">,</t>
        <t c="enda">enda</t>
        <t c="var">var</t>
        <t c="kirkjan">kirkjan</t>
        <t c="nær">nær</t>
        <t c="troðfull">troðfull</t>
        <t c="af">af</t>
        <t c="fólki">fólki</t>
        <t c=".">.</t>
    </s>
    <s>
        <t c="Gestir">Gestir</t>
        <t c=".">.</t>
    </s>
    <s>
        <t c="Hér">Hér</t>
        <t c="hafa">hafa</t>
        <t c="ýmsir">ýmsir</t>
        <t c="verið">verið</t>
        <t c="á">á</t>
        <t c="ferðinni">ferðinni</t>
        <t c="undanfarandi">undanfarandi</t>
        <t c=":">:</t>
        <t c="Séra">Séra</t>
        <t c="Hálfdán">Hálfdán</t>
        <t c="Guðjónsson">Guðjónsson</t>
        <t c="á">á</t>
        <t c="Breiðabólsstað">Breiðabólsstað</t>
        <t c="í">í</t>
        <t c="Vesturh.">Vesturs</t>
        <t c=",">,</t>
        <t c="Þorv.">Þorv.</t>
        <t c="próf">próf</t>
        <t c=".">.</t>
    </s>
    <s>
        <t c="Jónsson">Jónsson</t>
        <t c="Ísaf.">Ísaf.</t>
        <t c="með">með</t>
        <t c="dóttur">dóttur</t>
        <t c="sinni">sinni</t>
        <t c=",">,</t>
        <t c="héraðsl.">héraðsl.</t>
    </s>
    <s>
        <t c="Þórður">Þórður</t>
        <t c="Thoroddsen">Thoroddsen</t>
        <t c=",">,</t>
        <t c="Þorv.">Þorv.</t>
    </s>
    <s>
        <t c="Björnsson">Björnsson</t>
        <t c="Þorvaldseyri">Þorvaldseyri</t>
        <t c=",">,</t>
        <t c="Árni">Árni</t>
        <t c="Sveinbjörnsson">Sveinbjörnsson</t>
        <t c="frá">frá</t>
        <t c="Oddstöðum">Oddsstöðum</t>
        <t c="í">í</t>
        <t c="Lundreykjadal">Lundarreykjadal</t>
        <t c="o.">o.</t>
        <t c="fl.">fl.</t>
    </s>
    <s>
        <t c="Skipakomur">Skipakomur</t>
        <t c=".">.</t>
    </s>
    <s>
        <t c="2.">2.</t>
    </s>
    <s>
        <t c="Júní">Júní</t>
        <t c="„">„</t>
        <t c="Anna">Anna</t>
        <t c="“">“</t>
        <t c="(">(</t>
        <t c="55">55</t>
        <t c="smál.">smál.</t>
        <t c=",">,</t>
        <t c="sk.stj">síst</t>
        <t c=".">.</t>
    </s>
    <s>
        <t c="Rasmussen">Rasmussen</t>
        <t c=")">)</t>
        <t c="til">til</t>
        <t c="Thomsens">Thomsens</t>
        <t c="verzl.">verst</t>
    </s>
    <s>
        <t c="19.">19.</t>
    </s>
    <s>
        <t c="„">„</t>
        <t c="Surprise">Sorprit</t>
        <t c="“">“</t>
        <t c="(">(</t>
        <t c="55">55</t>
        <t c=",">,</t>
        <t c="Ostmann">Ostinn</t>
        <t c=")">)</t>
        <t c="með">með</t>
        <t c="nauðsynjavörur">nauðsynjavörur</t>
        <t c="til">til</t>
        <t c="Björns">Björns</t>
        <t c="Kristjánssonar">Kristjánssonar</t>
        <t c=",">,</t>
        <t c="frá">frá</t>
        <t c="Hamborg">Hamborg</t>
        <t c=".">.</t>
    </s>
    <s>
        <t c="20">20</t>
        <t c=".">.</t>
    </s>
    <s>
        <t c="„">„</t>
        <t c="Ísafold">Ísafold</t>
        <t c="“">“</t>
    </s>
    <s>
        <t c="(">(</t>
        <t c="193">193</t>
        <t c=",">,</t>
        <t c="Jensen">Jensen</t>
        <t c=")">)</t>
        <t c="til">til</t>
        <t c="Brydes">Brydes</t>
        <t c="verzl.">verst</t>
    </s>
    <s>
        <t c="með">með</t>
        <t c="timbur">timbur</t>
        <t c="o.">o.</t>
        <t c="fl.">fl.</t>
    </s>
    <s>
        <t c="ELDSPÝTUR">ELDSPÝTUR</t>
        <t c="HJÁ">HJÁ</t>
        <t c="THOMSEN">THOMSEN</t>
        <t c="á">á</t>
        <t c="10">10</t>
        <t c="aura">aura</t>
        <t c="Buntið">Búntið</t>
        <t c=".">.</t>
    </s>
    <s>
        <t c="BÓKAVERZLUN">BÓKAVERSLUN</t>
        <t c="SIGF.">SIGF.</t>
    </s>
    <s>
        <t c="EYMUNDSSONAR">EYMUNDSSONAR</t>
        <t c="hefir">hefir</t>
        <t c="til">til</t>
        <t c="sölu">sölu</t>
        <t c=":">:</t>
        <t c="Mikið">Mikið</t>
        <t c="af">af</t>
        <t c="enskum">enskum</t>
        <t c="skemtibókum">skemmtibókum</t>
        <t c=",">,</t>
        <t c="mjög">mjög</t>
        <t c="ódýrum">ódýrum</t>
        <t c=".">.</t>
    </s>
    <s>
        <t c="Allar">Allar</t>
        <t c="í">í</t>
        <t c="bandi">bandi</t>
        <t c=".">.</t>
    </s>
    <s>
        <t c="Talsverðar">Talsverðar</t>
        <t c="byrgðir">byrgðir</t>
        <t c="af">af</t>
        <t c="Panelpappa">Panelpappa</t>
        <t c=",">,</t>
        <t c="sem">sem</t>
        <t c="er">er</t>
        <t c="betri">betri</t>
        <t c="og">og</t>
        <t c="ódýrari">ódýrari</t>
        <t c="en">en</t>
        <t c="menn">menn</t>
        <t c="hafa">hafa</t>
        <t c="átt">átt</t>
        <t c="að">að</t>
        <t c="venjast">venjast</t>
        <t c=".">.</t>
    </s>
    <s>
        <t c="Rúllan">Rúllan</t>
        <t c=",">,</t>
        <t c="sem">sem</t>
        <t c="klæðir">klæðir</t>
        <t c="rúmar">rúmar</t>
        <t c="100">100</t>
        <t c="◻">◻</t>
        <t c="alnir">alnir</t>
        <t c=",">,</t>
        <t c="kostar">kostar</t>
        <t c="að">að</t>
        <t c="eins">eins</t>
        <t c="kr.">kr.</t>
        <t c="6,50">6,50</t>
        <t c=".">.</t>
    </s>
    <s>
        <t c="Með">Með</t>
        <t c="„">„</t>
        <t c="Laura">Laura</t>
        <t c="“">“</t>
        <t c="í">í</t>
        <t c="Júlí">Júlí</t>
        <t c="kemur">kemur</t>
        <t c="mikið">mikið</t>
        <t c="úrval">úrval</t>
        <t c="af">af</t>
        <t c="„">„</t>
        <t c="Tapet-pappír.">Tapet-pappír.</t>
        <t c="“">“</t>
    </s>
    <s>
        <t c="Munstrin">Munstrin</t>
        <t c="einkar">einkar</t>
        <t c="smekkleg">smekkleg</t>
        <t c="og">og</t>
        <t c="pappírinn">pappírinn</t>
        <t c="bæði">bæði</t>
        <t c="góður">góður</t>
        <t c="og">og</t>
        <t c="ódýr">ódýr</t>
        <t c=".">.</t>
    </s>
    <s>
        <t c="Sýnishorn">Sýnishorn</t>
        <t c="af">af</t>
        <t c="honum">honum</t>
        <t c="liggja">liggja</t>
        <t c="frammi">frammi</t>
        <t c=".">.</t>
    </s>
    <s>
        <t c="Enginn">Enginn</t>
        <t c="borgar">borgar</t>
        <t c="betur">betur</t>
        <t c="Sundmaga">Sundmaga</t>
        <t c="en">en</t>
        <t c="ÁSGEIR">ÁSGEIR</t>
        <t c="SIGURÐSSON">SIGURÐSSON</t>
        <t c="Reykjavík">Reykjavík</t>
        <t c=".">.</t>
    </s>
    <s>
        <t c="Guðm.">Guðm.</t>
    </s>
    <s>
        <t c="Magnússon">Magnússon</t>
        <t c=",">,</t>
        <t c="Laugaveg">Laugaveg</t>
        <t c="25">25</t>
        <t c=",">,</t>
        <t c="tekur">tekur</t>
        <t c="að">að</t>
        <t c="sér">sér</t>
        <t c="ritstörf">ritstörf</t>
        <t c="fyrir">fyrir</t>
        <t c="almenning">almenning</t>
        <t c=",">,</t>
        <t c="þýðir">þýðir</t>
        <t c="úr">úr</t>
        <t c="dönsku">dönsku</t>
        <t c="o.">o.</t>
        <t c="fl.">fl.</t>
        <t c="málum">málum</t>
        <t c=",">,</t>
        <t c="og">og</t>
        <t c="pantar">pantar</t>
        <t c="útl">út</t>
        <t c=".">.</t>
    </s>
    <s>
        <t c="bækur">bækur</t>
        <t c="með">með</t>
        <t c="niðursettu">niðursettu</t>
        <t c="verði">verði</t>
        <t c=".">.</t>
    </s>
    <s>
        <t c="Saltfiskur">Saltfiskur</t>
        <t c="vel">vel</t>
        <t c="verkaður">verkaður</t>
        <t c=",">,</t>
        <t c="stór">stór</t>
        <t c="og">og</t>
        <t c="smár">smár</t>
        <t c=",">,</t>
        <t c="og">og</t>
        <t c="ýsa">ýsa</t>
        <t c=",">,</t>
        <t c="verður">verður</t>
        <t c="keyptur">keyptur</t>
        <t c="í">í</t>
        <t c="sumar">sumar</t>
        <t c="fyrir">fyrir</t>
        <t c="PENINGA">PENINGA</t>
        <t c="við">við</t>
        <t c="verzl.">verst</t>
        <t c="„">„</t>
        <t c="EDINBORG">EDINBORG</t>
        <t c="“">“</t>
        <t c="í">í</t>
        <t c="Keflavík">Keflavík</t>
        <t c=",">,</t>
        <t c="Stokkseyri">Stokkseyri</t>
        <t c="og">og</t>
        <t c="Reykjavík">Reykjavík</t>
        <t c=".">.</t>
    </s>
    <s>
        <t c="Ásgeir">Ásgeir</t>
        <t c="Sigurðsson">Sigurðsson</t>
        <t c=".">.</t>
    </s>
    <s>
        <t c="Útg.">Útg.</t>
        <t c="og">og</t>
        <t c="áb.m">áum</t>
        <t c=".">.</t>
    </s>
    <s>
        <t c="Þorv.">Þorv.</t>
    </s>
    <s>
        <t c="Þorvarðsson">Þorvarðsson</t>
        <t c=".">.</t>
    </s>
    <s>
        <t c="Aldar-prentsmiðjan">Aldar-prentsmiðjan</t>
        <t c=".">.</t>
    </s>
    <s>
        <t c="—">—</t>
        <t c="Rvík.">Rvík.</t>
    </s>
    <s>
        <t c="Pappírinn">Pappírinn</t>
        <t c="frá">frá</t>
        <t c="Jóni">Jóni</t>
        <t c="Ólafssyni">Ólafssyni</t>
        <t c=".">.</t>
    </s>
</document>
