<?xml version="1.0" ?>
<document>
    <s>
        <t c="Auglýsíng">Auglýsing</t>
        <t c=".">.</t>
    </s>
    <s>
        <t c="Einsog">Eins Og</t>
        <t c="hið">hið</t>
        <t c="íslenzka">íslenska</t>
        <t c="Bókmentafélag">Bókmenntafélag</t>
        <t c="fyrr">fyrr</t>
        <t c="hefir">hefir</t>
        <t c="í">í</t>
        <t c="Skírnir">Skírnir</t>
        <t c="gjört">gjört</t>
        <t c="það">það</t>
        <t c="kunnugt">kunnugt</t>
        <t c=",">,</t>
        <t c="að">að</t>
        <t c="það">það</t>
        <t c="vilji">vilji</t>
        <t c="álíta">álíta</t>
        <t c="þá">þá</t>
        <t c="fyrir">fyrir</t>
        <t c="meðlimi">meðlimi</t>
        <t c="sína">sína</t>
        <t c="á">á</t>
        <t c="Islandi">Íslandi</t>
        <t c=",">,</t>
        <t c="er">er</t>
        <t c="árliga">árlega</t>
        <t c="veita">veita</t>
        <t c="því">því</t>
        <t c="að">að</t>
        <t c="minnsta">minnsta</t>
        <t c="kosti">kosti</t>
        <t c="1">1</t>
        <t c="rbd.">rbd.</t>
        <t c="silfrs">silfurs</t>
        <t c="tillag">tillag</t>
        <t c=",">,</t>
        <t c="láti">láti</t>
        <t c="og">og</t>
        <t c="til">til</t>
        <t c="merkis">merkis</t>
        <t c="þarum">þar um</t>
        <t c="prenta">prenta</t>
        <t c="nöfn">nöfn</t>
        <t c="þeirra">þeirra</t>
        <t c="meðal">meðal</t>
        <t c="annara">annara</t>
        <t c="meðlima">meðlima</t>
        <t c="sinna">sinna</t>
        <t c="á">á</t>
        <t c="ári">ári</t>
        <t c="hvörju">hverju</t>
        <t c="í">í</t>
        <t c="Skírnir">Skírnir</t>
        <t c=",">,</t>
        <t c="en">en</t>
        <t c="veiti">veiti</t>
        <t c="þeim">þeim</t>
        <t c="sömuleiðis">sömuleiðis</t>
        <t c="árliga">árlega</t>
        <t c="gefins">gefins</t>
        <t c="Skírnir">Skírnir</t>
        <t c="á">á</t>
        <t c="prentpappír">prentpappír</t>
        <t c=",">,</t>
        <t c="meðan">meðan</t>
        <t c="þeir">þeir</t>
        <t c="gefa">gefa</t>
        <t c="tillag">tillag</t>
        <t c="(">(</t>
        <t c="en">en</t>
        <t c="hann">hann</t>
        <t c="kostar">kostar</t>
        <t c="árl.">árl.</t>
        <t c="32">32</t>
        <t c="sk.">sk.</t>
        <t c=",">,</t>
        <t c="eðr">eður</t>
        <t c="þriðja">þriðja</t>
        <t c="part">part</t>
        <t c="ens">hins</t>
        <t c="minnsta">minnsta</t>
        <t c="tillags">tillags</t>
        <t c=")">)</t>
        <t c="-">-</t>
        <t c="þannig">þannig</t>
        <t c="ítrekar">ítrekar</t>
        <t c="nú">nú</t>
        <t c="Félagið">Félagið</t>
        <t c="hérmeð">hér með</t>
        <t c="þetta">þetta</t>
        <t c="sitt">sitt</t>
        <t c="áðrgjörða">aðgjörða</t>
        <t c="tilboð">tilboð</t>
        <t c=",">,</t>
        <t c="og">og</t>
        <t c="vonar">vonar</t>
        <t c=",">,</t>
        <t c="að">að</t>
        <t c="þegar">þegar</t>
        <t c="boð">boð</t>
        <t c="þetta">þetta</t>
        <t c="verðr">verður</t>
        <t c="kunnugt">kunnugt</t>
        <t c="alþýðu">alþýðu</t>
        <t c=",">,</t>
        <t c="muni">muni</t>
        <t c="fleiri">fleiri</t>
        <t c="gefa">gefa</t>
        <t c="sig">sig</t>
        <t c="fram">fram</t>
        <t c=",">,</t>
        <t c="enn">enn</t>
        <t c="híngaðtil">hingað til</t>
        <t c=",">,</t>
        <t c="þarsem">þar sem</t>
        <t c="fáir">fáir</t>
        <t c="hafa">hafa</t>
        <t c="máske">máske</t>
        <t c="að">að</t>
        <t c="undanförnu">undanförnu</t>
        <t c="aðgætt">aðgætt</t>
        <t c="þetta">þetta</t>
        <t c=",">,</t>
        <t c="né">né</t>
        <t c="eru">eru</t>
        <t c="þarum">þar um</t>
        <t c="vitandi">vitandi</t>
        <t c=".">.</t>
    </s>
    <s>
        <t c="Skírnir">Skírnir</t>
        <t c="mun">mun</t>
        <t c="einsog">eins og</t>
        <t c="áðr">áður</t>
        <t c="sendr">sendur</t>
        <t c="til">til</t>
        <t c="sérhvörs">sérhvers</t>
        <t c="kants">kants</t>
        <t c="landsins">landsins</t>
        <t c="með">með</t>
        <t c="fyrstu">fyrstu</t>
        <t c="skipum">skipum</t>
        <t c=",">,</t>
        <t c="svo">svo</t>
        <t c="framt">framt</t>
        <t c="því">því</t>
        <t c="verðr">verður</t>
        <t c="viðkomið">viðkomið</t>
        <t c=",">,</t>
        <t c="og">og</t>
        <t c="ætti">ætti</t>
        <t c="því">því</t>
        <t c="bæði">bæði</t>
        <t c="í">í</t>
        <t c="fróðleiks">fróðleiks</t>
        <t c="og">og</t>
        <t c="nýúngar">nýjungar</t>
        <t c="skyni">skyni</t>
        <t c="að">að</t>
        <t c="vera">vera</t>
        <t c="girniligr">girnilegur</t>
        <t c=".">.</t>
    </s>
    <s>
        <t c="Þeir">Þeir</t>
        <t c=",">,</t>
        <t c="sem">sem</t>
        <t c="nota">nota</t>
        <t c="vilja">vilja</t>
        <t c="sér">sér</t>
        <t c="af">af</t>
        <t c="þessu">þessu</t>
        <t c="tilboði">tilboði</t>
        <t c=",">,</t>
        <t c="biðjast">biðjast</t>
        <t c="annaðhvort">annaðhvort</t>
        <t c="að">að</t>
        <t c="senda">senda</t>
        <t c="tillag">tillag</t>
        <t c="sitt">sitt</t>
        <t c="hérverandi">hóverandi</t>
        <t c="deild">deild</t>
        <t c="Félagsins">Félagsins</t>
        <t c="með">með</t>
        <t c="haustskipum">haustskipum</t>
        <t c=",">,</t>
        <t c="eðr">eður</t>
        <t c="og">og</t>
        <t c="Reykjavíkr">Reykjavíkur</t>
        <t c="deildinni">deildinni</t>
        <t c=",">,</t>
        <t c="eða">eða</t>
        <t c="þá">þá</t>
        <t c=",">,</t>
        <t c="þeir">þeir</t>
        <t c="sem">sem</t>
        <t c="hægra">hægra</t>
        <t c="eiga">eiga</t>
        <t c="þarmeð">þar með</t>
        <t c=",">,</t>
        <t c="næstbúanda">ástbanda</t>
        <t c="Umboðsmanni">Umboðsmanni</t>
        <t c="Félagsins">Félagsins</t>
        <t c="(">(</t>
        <t c="en">en</t>
        <t c="þeir">þeir</t>
        <t c="eru">eru</t>
        <t c="uppreiknaðir">uppreiknaðir</t>
        <t c="í">í</t>
        <t c="Skírnir">Skírnir</t>
        <t c=")">)</t>
        <t c="áðr">áður</t>
        <t c="enn">enn</t>
        <t c="haustskip">haustskip</t>
        <t c="fara">fara</t>
        <t c="frá">frá</t>
        <t c="Islandi">Íslandi</t>
        <t c=",">,</t>
        <t c="svo">svo</t>
        <t c="Félagsdeildin">Félagsdeildin</t>
        <t c="hér">hér</t>
        <t c="geti">geti</t>
        <t c="svo">svo</t>
        <t c="timanliga">tímanlega</t>
        <t c="fengið">fengið</t>
        <t c="nöfn">nöfn</t>
        <t c="þeirra">þeirra</t>
        <t c="að">að</t>
        <t c="vita">vita</t>
        <t c=",">,</t>
        <t c="að">að</t>
        <t c="þau">þau</t>
        <t c="vorið">vorið</t>
        <t c="eptir">eftir</t>
        <t c="komist">komist</t>
        <t c="í">í</t>
        <t c="Skírnir">Skírnir</t>
        <t c=".">.</t>
    </s>
    <s>
        <t c="Þegar">Þegar</t>
        <t c="Skírnir">Skírnir</t>
        <t c="kemr">kemur</t>
        <t c="á">á</t>
        <t c="vorin">vorin</t>
        <t c=",">,</t>
        <t c="fá">fá</t>
        <t c="þeir">þeir</t>
        <t c=",">,</t>
        <t c="einsog">eins og</t>
        <t c="áðr">áður</t>
        <t c="er">er</t>
        <t c="sagt">sagt</t>
        <t c=",">,</t>
        <t c="gefins">gefins</t>
        <t c="exemplar">exemplar</t>
        <t c="hans">hans</t>
        <t c="hjá">hjá</t>
        <t c="næsta">næsta</t>
        <t c="Umboðsmanni">Umboðsmanni</t>
        <t c=",">,</t>
        <t c="er">er</t>
        <t c="þeir">þeir</t>
        <t c="gánga">ganga</t>
        <t c="eptir">eftir</t>
        <t c="því">því</t>
        <t c=",">,</t>
        <t c="og">og</t>
        <t c="sýna">sýna</t>
        <t c="kvitteríngu">kvitteringu</t>
        <t c="fyrir">fyrir</t>
        <t c="tillagi">tillagi</t>
        <t c="sínu">sínu</t>
        <t c=",">,</t>
        <t c="sem">sem</t>
        <t c="Umboðsmaðrinn">Umboðsmaðurinn</t>
        <t c="þá">þá</t>
        <t c="tekr">tekur</t>
        <t c="við">við</t>
        <t c=",">,</t>
        <t c="til">til</t>
        <t c="merkis">merkis</t>
        <t c="um">um</t>
        <t c=",">,</t>
        <t c="að">að</t>
        <t c="þeir">þeir</t>
        <t c="hafi">hafi</t>
        <t c="Skírnir">Skírnir</t>
        <t c="fengið">fengið</t>
        <t c=".">.</t>
    </s>
    <s>
        <t c="Umboðsmenn">Umboðsmenn</t>
        <t c="Félagsins">Félagsins</t>
        <t c="og">og</t>
        <t c="aðrá">aðra</t>
        <t c="þá">þá</t>
        <t c=",">,</t>
        <t c="er">er</t>
        <t c="atgjörðir">aðgjörðir</t>
        <t c="þess">þess</t>
        <t c="þykja">þykja</t>
        <t c="nokkru">nokkru</t>
        <t c="varða">varða</t>
        <t c=",">,</t>
        <t c="biðr">biður</t>
        <t c="það">það</t>
        <t c="að">að</t>
        <t c="veita">veita</t>
        <t c="þessu">þessu</t>
        <t c="málefni">málefni</t>
        <t c="aðstoð">aðstoð</t>
        <t c="og">og</t>
        <t c="ásjá">ásjá</t>
        <t c=";">;</t>
        <t c="má">má</t>
        <t c="því">því</t>
        <t c="að">að</t>
        <t c="eins">eins</t>
        <t c="tilgángi">tilgangi</t>
        <t c="þess">þess</t>
        <t c="með">með</t>
        <t c="útgáfu">útgáfu</t>
        <t c="tíðsritsins">tímaritsins</t>
        <t c="Skírnis">Skírnis</t>
        <t c="verða">verða</t>
        <t c="fullnægt">fullnægt</t>
        <t c=",">,</t>
        <t c="ef">ef</t>
        <t c="hann">hann</t>
        <t c="kemr">kemur</t>
        <t c="í">í</t>
        <t c="margra">margra</t>
        <t c="hendr">hendur</t>
        <t c=".">.</t>
    </s>
    <s>
        <t c="Deild">Deild</t>
        <t c="ens">hins</t>
        <t c="íslenzka">íslenska</t>
        <t c="Bókmentafélags">Bókmenntafélags</t>
        <t c="í">í</t>
        <t c="Kaupmannahöfn">Kaupmannahöfn</t>
        <t c=".">.</t>
    </s>
</document>
