<?xml version="1.0" ?>
<document>
    <s>
        <t c="Auglýsíng">Auglýsing</t>
        <t c=".">.</t>
    </s>
    <s>
        <t c="Þareð">Þar Eð</t>
        <t c="dönskum">dönskum</t>
        <t c="stílsetjurum">stílsetjurum</t>
        <t c="er">er</t>
        <t c="nærri">nærri</t>
        <t c="ómöguligt">ómögulegt</t>
        <t c=",">,</t>
        <t c="að">að</t>
        <t c="lesa">lesa</t>
        <t c="þá">þá</t>
        <t c="íslenzku">íslensku</t>
        <t c="svo">svo</t>
        <t c="kölluðu">kölluðu</t>
        <t c="fljótaskrift">fljótaskrift</t>
        <t c=",">,</t>
        <t c="svo">svo</t>
        <t c="verða">verða</t>
        <t c="prófarkir">prófarkir</t>
        <t c="eptir">eftir</t>
        <t c="þvílíkum">þvílíkum</t>
        <t c="handritum">handritum</t>
        <t c="venjuliga">venjulega</t>
        <t c="svo">svo</t>
        <t c="fullar">fullar</t>
        <t c="af">af</t>
        <t c="prentvillum">prentvillum</t>
        <t c=",">,</t>
        <t c="að">að</t>
        <t c="það">það</t>
        <t c="er">er</t>
        <t c="mesti">mesti</t>
        <t c="tímaspillir">tímaspillir</t>
        <t c="og">og</t>
        <t c="óbæriligt">óbærilegt</t>
        <t c="leiðindastarf">leiðindastarf</t>
        <t c="að">að</t>
        <t c="lagfæra">lagfæra</t>
        <t c="þær">þær</t>
        <t c=";">;</t>
        <t c="verðr">verður</t>
        <t c="því">því</t>
        <t c="félagið">félagið</t>
        <t c="mikilliga">mikillega</t>
        <t c="að">að</t>
        <t c="biðja">biðja</t>
        <t c="góða">góða</t>
        <t c="menn">menn</t>
        <t c="bæði">bæði</t>
        <t c="hér">hér</t>
        <t c="og">og</t>
        <t c="á">á</t>
        <t c="Islandi">Íslandi</t>
        <t c=",">,</t>
        <t c="sem">sem</t>
        <t c="innsenda">innenda</t>
        <t c="reiknínga">reikninga</t>
        <t c="eða">eða</t>
        <t c="hvörskonar">hverskonar</t>
        <t c="rit">rit</t>
        <t c="sem">sem</t>
        <t c="vera">vera</t>
        <t c="kunna">kunna</t>
        <t c=",">,</t>
        <t c="til">til</t>
        <t c="prentunar">prentunar</t>
        <t c="ætluð">ætluð</t>
        <t c=",">,</t>
        <t c="að">að</t>
        <t c="láta">láta</t>
        <t c="þau">þau</t>
        <t c="vera">vera</t>
        <t c="með">með</t>
        <t c="latínu">latínu</t>
        <t c="letri">letri</t>
        <t c="og">og</t>
        <t c="með">með</t>
        <t c="svo">svo</t>
        <t c="glöggri">glöggri</t>
        <t c="hendi">hendi</t>
        <t c=",">,</t>
        <t c="sem">sem</t>
        <t c="kostr">kostur</t>
        <t c="er">er</t>
        <t c="á">á</t>
        <t c=",">,</t>
        <t c="svo">svo</t>
        <t c="það">það</t>
        <t c="þurfi">þurfi</t>
        <t c="ekki">ekki</t>
        <t c="að">að</t>
        <t c="hafa">hafa</t>
        <t c="þann">þann</t>
        <t c="kostnað">kostnað</t>
        <t c="og">og</t>
        <t c="fyrirhöfn">fyrirhöfn</t>
        <t c="að">að</t>
        <t c="láta">láta</t>
        <t c="þau">þau</t>
        <t c="uppskrifa">uppskrifta</t>
        <t c=",">,</t>
        <t c="fyrr">fyrr</t>
        <t c="enn">enn</t>
        <t c="þau">þau</t>
        <t c="séu">séu</t>
        <t c="prentaranum">prentaranum</t>
        <t c="í">í</t>
        <t c="hendr">hendur</t>
        <t c="seld">seld</t>
        <t c=".">.</t>
    </s>
    <s>
        <t c="Þetta">Þetta</t>
        <t c="hið">hið</t>
        <t c="sama">sama</t>
        <t c="hefir">hefir</t>
        <t c="einnig">einnig</t>
        <t c="það">það</t>
        <t c="fyrrverandi">fyrrverandi</t>
        <t c="Lærdómslistafélag">Lærdómslistafélag</t>
        <t c="tvisvar">tvisvar</t>
        <t c="áskilið">áskilið</t>
        <t c="sér">sér</t>
        <t c=",">,</t>
        <t c="fyrst">fyrst</t>
        <t c="í">í</t>
        <t c="samþykktum">samþykktum</t>
        <t c="sínum">sínum</t>
        <t c="og">og</t>
        <t c="síðan">síðan</t>
        <t c="í">í</t>
        <t c="formálanum">formálanum</t>
        <t c="fyrir">fyrir</t>
        <t c="13da">13da</t>
        <t c="bindi">bindi</t>
        <t c="rita">rita</t>
        <t c="sinna">sinna</t>
        <t c="1794">1794</t>
        <t c=";">;</t>
        <t c="vonar">vonar</t>
        <t c="Bókmentafélagið">Bókmenntafélagið</t>
        <t c="nú">nú</t>
        <t c="þess">þess</t>
        <t c="heldr">heldur</t>
        <t c=",">,</t>
        <t c="að">að</t>
        <t c="hlutaðegendr">hlutaðeigendur</t>
        <t c="auðsýni">auðsýni</t>
        <t c="því">því</t>
        <t c="þessa">þessa</t>
        <t c="velvild">velvild</t>
        <t c="og">og</t>
        <t c="eptirlæti">eftirlæti</t>
        <t c=".">.</t>
    </s>
</document>
