<?xml version="1.0" ?>
<document>
    <s>
        <t c="6.">6.</t>
    </s>
    <s>
        <t c="Vísir">Vísir</t>
        <t c="6">6</t>
        <t c=".">.</t>
    </s>
    <s>
        <t c="til">til</t>
        <t c="dagblaðs">dagblaðs</t>
        <t c="í">í</t>
        <t c="Reykjavík">Reykjavík</t>
        <t c="Kemur">Kemur</t>
        <t c="út">út</t>
        <t c="virka">virka</t>
        <t c="daga">daga</t>
        <t c="kl.">kl.</t>
        <t c="11">11</t>
        <t c="árdegis">árdegis</t>
        <t c=".">.</t>
    </s>
    <s>
        <t c="6">6</t>
        <t c="blöð">blöð</t>
        <t c="(">(</t>
        <t c="að">að</t>
        <t c="minsta">minnsta</t>
        <t c="kosti">kosti</t>
        <t c=")">)</t>
        <t c="til">til</t>
        <t c="Jóla">Jóla</t>
        <t c=".">.</t>
    </s>
    <s>
        <t c="Kosta">Kosta</t>
        <t c="áskrifendur">áskrifendur</t>
        <t c="15">15</t>
        <t c="au.">au.</t>
        <t c="—">—</t>
        <t c="Einstök">Einstök</t>
        <t c="3">3</t>
        <t c="au.">au.</t>
    </s>
    <s>
        <t c="Afgreiðsla">Afgreiðsla</t>
        <t c="í">í</t>
        <t c="Bárubúð">Bárubúð</t>
        <t c=".">.</t>
    </s>
    <s>
        <t c="Opin">Opin</t>
        <t c="kl.">kl.</t>
        <t c="11">11</t>
        <t c="árd.">árd.</t>
        <t c="til">til</t>
        <t c="kl.">kl.</t>
        <t c="3">3</t>
        <t c="síðd.">síðd.</t>
    </s>
    <s>
        <t c="Föstud.">Föstud.</t>
        <t c="23">23</t>
        <t c=".">.</t>
    </s>
    <s>
        <t c="Des.">Des.</t>
    </s>
    <s>
        <t c="1910">1910</t>
        <t c=".">.</t>
    </s>
    <s>
        <t c="Þorláksmessa">Þorláksmessa</t>
        <t c="Sól">Sól</t>
        <t c="í">í</t>
        <t c="hádegisstað">hádegisstað</t>
        <t c="kl.">kl.</t>
        <t c="12,27">12,27</t>
        <t c="‘">‘</t>
    </s>
    <s>
        <t c="Háflóð">Háflóð</t>
        <t c="kl.">kl.</t>
        <t c="10,37">10,37</t>
        <t c="‘">‘</t>
    </s>
    <s>
        <t c="árd.">árd.</t>
        <t c="og">og</t>
        <t c="kl.">kl.</t>
        <t c="11,8">11,8</t>
        <t c="‘">‘</t>
    </s>
    <s>
        <t c="síðd.">síðd.</t>
    </s>
    <s>
        <t c="Háfjara">Háfjara</t>
        <t c="kl.">kl.</t>
        <t c="4,49">4,49</t>
        <t c="‘">‘</t>
    </s>
    <s>
        <t c="árd.">árd.</t>
        <t c="og">og</t>
        <t c="kl.">kl.</t>
        <t c="5,20">5,20</t>
        <t c="‘">‘</t>
    </s>
    <s>
        <t c="síðd.">síðd.</t>
    </s>
    <s>
        <t c="Veðrátta">Veðrátta</t>
        <t c="í">í</t>
        <t c="dag">dag</t>
        <t c=".">.</t>
    </s>
    <s>
        <t c="Loftvog">Loftvog</t>
        <t c="Hiti">Hiti</t>
        <t c="Átt">Átt</t>
        <t c="Vindhraði">Vindhraði</t>
        <t c="Veðurlag">Veðurlag</t>
        <t c="Reykjavík">Reykjavík</t>
        <t c="737,5">737,5</t>
        <t c="+1,0">+1,0</t>
        <t c="SV">SV</t>
        <t c="3">3</t>
        <t c="Alskýj">Alskýja</t>
        <t c=".">.</t>
    </s>
    <s>
        <t c="Ísafj">Ísak</t>
        <t c=".">.</t>
    </s>
    <s>
        <t c="737,1">737,1</t>
        <t c="−">−</t>
        <t c="0,5">0,5</t>
        <t c="NA">NA</t>
        <t c="5">5</t>
        <t c="Hríð">Hríð</t>
        <t c="Bl.ós">blæs</t>
        <t c="736,2">736,2</t>
        <t c="+1,9">+1,9</t>
        <t c="V">V</t>
        <t c="4">4</t>
        <t c="Alsk.">Allsk.</t>
    </s>
    <s>
        <t c="Akureyri">Akureyri</t>
        <t c="732,3">732,3</t>
        <t c="+2,5">+2,5</t>
        <t c="SSV">SSV</t>
        <t c="1">1</t>
        <t c="Skýjað">Skýjað</t>
        <t c="Grímsst">Grímsá</t>
        <t c=".">.</t>
    </s>
    <s>
        <t c="699,0">699,0</t>
        <t c="0,0">0,0</t>
        <t c="0">0</t>
        <t c="Alsk.">Allsk.</t>
    </s>
    <s>
        <t c="Seyðisfj.">Seyðisfj.</t>
        <t c="733,9">733,9</t>
        <t c="+5,3">+5,3</t>
        <t c="SV">SV</t>
        <t c="3">3</t>
        <t c="Alsk.">Allsk.</t>
    </s>
    <s>
        <t c="Þórshöfn">Þórshöfn</t>
        <t c="744,6">744,6</t>
        <t c="+7,1">+7,1</t>
        <t c="VSV">VSV</t>
        <t c="6">6</t>
        <t c="Regn">Regn</t>
        <t c="Skýringar">Skýringar</t>
        <t c=":">:</t>
        <t c="N">N</t>
        <t c="=">=</t>
        <t c="norð-">norn</t>
        <t c="eða">eða</t>
        <t c="norðan">norðan</t>
        <t c=",">,</t>
        <t c="A">A</t>
        <t c="=">=</t>
        <t c="aust-">ausa</t>
        <t c="eða">eða</t>
        <t c="austan">austan</t>
        <t c=",">,</t>
        <t c="S">S</t>
        <t c="=">=</t>
        <t c="suð-">suð-</t>
        <t c="eða">eða</t>
        <t c="sunnan">sunnan</t>
        <t c=",">,</t>
        <t c="V">V</t>
        <t c="=">=</t>
        <t c="vest-">vesti</t>
        <t c="eða">eða</t>
        <t c="vestan">vestan</t>
        <t c=".">.</t>
    </s>
    <s>
        <t c="Vindhæð">Vindhæð</t>
        <t c="er">er</t>
        <t c="talin">talin</t>
        <t c="í">í</t>
        <t c="stigum">stigum</t>
        <t c="þannig">þannig</t>
        <t c=":">:</t>
        <t c="0">0</t>
        <t c="=">=</t>
        <t c="logn">logn</t>
        <t c=",">,</t>
        <t c="1">1</t>
        <t c="=">=</t>
        <t c="andvari">andvari</t>
        <t c=",">,</t>
        <t c="2">2</t>
        <t c="=">=</t>
        <t c="kul">kul</t>
        <t c=",">,</t>
        <t c="3">3</t>
        <t c="=">=</t>
        <t c="gola">gola</t>
        <t c=",">,</t>
        <t c="4">4</t>
        <t c="=">=</t>
        <t c="kaldi">kaldi</t>
        <t c=",">,</t>
        <t c="5">5</t>
        <t c="=">=</t>
        <t c="stinningsgola">stinningsgola</t>
        <t c=",">,</t>
        <t c="6">6</t>
        <t c="=">=</t>
        <t c="stinningskaldi">stinningskaldi</t>
        <t c=",">,</t>
        <t c="7">7</t>
        <t c="=">=</t>
        <t c="snarpur">snarpur</t>
        <t c="vindur">vindur</t>
        <t c=",">,</t>
        <t c="8">8</t>
        <t c="=">=</t>
        <t c="hvassviðri">hvassviðri</t>
        <t c=",">,</t>
        <t c="9">9</t>
        <t c="=">=</t>
        <t c="stormur">stormur</t>
        <t c=",">,</t>
        <t c="10">10</t>
        <t c="=">=</t>
        <t c="rok">rok</t>
        <t c=",">,</t>
        <t c="11">11</t>
        <t c="=">=</t>
        <t c="ofsaveður">ofsaveður</t>
        <t c=",">,</t>
        <t c="12">12</t>
        <t c="=">=</t>
        <t c="fárviðri">fárviðri</t>
        <t c=".">.</t>
    </s>
    <s>
        <t c="☛">☛</t>
        <t c="Annað">Annað</t>
        <t c="tölublað">tölublað</t>
        <t c="Vísis">Vísis</t>
        <t c="er">er</t>
        <t c="uppgengið">uppgengið</t>
        <t c=".">.</t>
    </s>
    <s>
        <t c="Nokkur">Nokkur</t>
        <t c="hrein">hrein</t>
        <t c="eintök">eintök</t>
        <t c="verða">verða</t>
        <t c="keypt">keypt</t>
        <t c="háu">háu</t>
        <t c="verði">verði</t>
        <t c="á">á</t>
        <t c="afgreiðslunni">afgreiðslunni</t>
        <t c=".">.</t>
    </s>
    <s>
        <t c="Um">Um</t>
        <t c="Jólin">Jólin</t>
        <t c="(">(</t>
        <t c="þarfar">þarfar</t>
        <t c="upplýsingar">upplýsingar</t>
        <t c=")">)</t>
        <t c=".">.</t>
    </s>
    <s>
        <t c="Dómkirkjan">Dómkirkjan</t>
        <t c=":">:</t>
        <t c="Aðfangadagskveld">Aðfangadagskvöld</t>
        <t c="prjedikar">prédikar</t>
        <t c="sr.">sr.</t>
        <t c="B.">B.</t>
        <t c="J.">J.</t>
        <t c="kl.">kl.</t>
        <t c="6">6</t>
        <t c="—">—</t>
        <t c="Jóladag">Jóladag</t>
        <t c="prjedikar">prédikar</t>
        <t c="sr.">sr.</t>
        <t c="J.">J.</t>
        <t c="Þ.">Þ.</t>
        <t c="kl.">kl.</t>
        <t c="11">11</t>
        <t c="árd.">árd.</t>
        <t c=",">,</t>
        <t c="sr.">sr.</t>
    </s>
    <s>
        <t c="B.">B.</t>
        <t c="J.">J.</t>
        <t c="kl.">kl.</t>
        <t c="1½">1½</t>
        <t c="síðd.">síðd.</t>
        <t c="(">(</t>
        <t c="dönsk">dönsk</t>
        <t c="messa">messa</t>
        <t c=")">)</t>
        <t c="og">og</t>
        <t c="Sig.">Sig.</t>
    </s>
    <s>
        <t c="Á.">Á.</t>
        <t c="Gíslas.">Gíslas.</t>
        <t c="kl.">kl.</t>
        <t c="5">5</t>
        <t c="sd.">sd.</t>
        <t c="—">—</t>
        <t c="2">2</t>
        <t c=".">.</t>
    </s>
    <s>
        <t c="í">í</t>
        <t c="Jólum">Jólum</t>
        <t c="prjedikar">prédikar</t>
        <t c="sr.">sr.</t>
        <t c="Fr.">Fr.</t>
    </s>
    <s>
        <t c="Fr.">Fr.</t>
        <t c="kl.">kl.</t>
        <t c="12">12</t>
        <t c="og">og</t>
        <t c="sr.">sr.</t>
        <t c="J">J</t>
        <t c="Þ.">Þ.</t>
        <t c="kl.">kl.</t>
        <t c="5">5</t>
        <t c=".">.</t>
    </s>
    <s>
        <t c="Fríkirkjan">Fríkirkjan</t>
        <t c=":">:</t>
        <t c="Fríkirkjuprestur">Fríkirkjuprestur</t>
        <t c="sr.">sr.</t>
    </s>
    <s>
        <t c="Ó.">Ó.</t>
        <t c="Ó.">Ó.</t>
        <t c="prjedikar">prédikar</t>
        <t c="Aðfangadag">Aðfangadag</t>
        <t c="kl.">kl.</t>
        <t c="6">6</t>
        <t c="sd.">sd.</t>
        <t c=",">,</t>
        <t c="Jóladag">Jóladag</t>
        <t c="kl.">kl.</t>
        <t c="12">12</t>
        <t c="og">og</t>
        <t c="2.">2.</t>
        <t c="í">í</t>
        <t c="Jólum">Jólum</t>
        <t c="kl.">kl.</t>
        <t c="12">12</t>
        <t c=".">.</t>
    </s>
    <s>
        <t c="Katólska">Katólska</t>
        <t c="kirkjan">kirkjan</t>
        <t c=":">:</t>
        <t c="Jóladag">Jóladag</t>
        <t c="messur">messur</t>
        <t c="kl.">kl.</t>
        <t c="5">5</t>
        <t c=",">,</t>
        <t c="8">8</t>
        <t c="og">og</t>
        <t c="9">9</t>
        <t c="árd.">árd.</t>
        <t c="(">(</t>
        <t c="hámessa">hámessa</t>
        <t c=")">)</t>
        <t c="kl.">kl.</t>
        <t c="6">6</t>
        <t c="e.">e.</t>
        <t c="m.">m.</t>
        <t c="andakt">andakt</t>
        <t c=".">.</t>
    </s>
    <s>
        <t c="2">2</t>
        <t c=".">.</t>
    </s>
    <s>
        <t c="Jóladag">Jóladag</t>
        <t c="kl.">kl.</t>
    </s>
    <s>
        <t c="9">9</t>
        <t c="árd.">árd.</t>
        <t c="(">(</t>
        <t c="hámessa">hámessa</t>
        <t c=")">)</t>
        <t c="kl.">kl.</t>
        <t c="6">6</t>
        <t c="sd.">sd.</t>
        <t c="(">(</t>
        <t c="andakt">andakt</t>
        <t c=")">)</t>
        <t c=".">.</t>
    </s>
    <s>
        <t c="K.">K.</t>
        <t c="F.">F.</t>
        <t c="U.">U.</t>
        <t c="M.">M.</t>
        <t c="Jóladag">Jóladag</t>
        <t c="kl.">kl.</t>
        <t c="8">8</t>
        <t c="árd.">árd.</t>
    </s>
    <s>
        <t c="almenn">almenn</t>
        <t c="samkoma">samkoma</t>
        <t c="kl.">kl.</t>
        <t c="10">10</t>
        <t c="árd.">árd.</t>
        <t c="barnaguðsþjónusta">barnaguðsþjónusta</t>
        <t c="kl.">kl.</t>
        <t c="6">6</t>
        <t c="sd.">sd.</t>
        <t c="drengjafundur">drenglyndur</t>
        <t c="Adventistasamkomur">Adventistasamkomur</t>
        <t c="(">(</t>
        <t c="í">í</t>
        <t c="Sílóam">Sílóum</t>
        <t c=")">)</t>
        <t c=":">:</t>
        <t c="Aðfangadag">Aðfangadag</t>
        <t c="prjedikar">prédikar</t>
        <t c="D.">D.</t>
        <t c="Ö.">Ö.</t>
        <t c="kl.">kl.</t>
        <t c="11">11</t>
        <t c="f.">f.</t>
        <t c="h.">h.</t>
        <t c="og">og</t>
        <t c="Jóladaginn">Jóladaginn</t>
        <t c="kl.">kl.</t>
        <t c="6½">6½</t>
        <t c="síðd">síðu</t>
        <t c="..">..</t>
    </s>
    <s>
        <t c="Metodistasamkomur">Metodistasamkomur</t>
        <t c="(">(</t>
        <t c="í">í</t>
        <t c="Sílóam">Sílóum</t>
        <t c=")">)</t>
        <t c=":">:</t>
        <t c="Aðfangadag">Aðfangadag</t>
        <t c="kl.">kl.</t>
        <t c="7.">7.</t>
        <t c="sd.">sd.</t>
    </s>
    <s>
        <t c="Jóladag">Jóladag</t>
        <t c="kl.">kl.</t>
    </s>
    <s>
        <t c="8½">8½</t>
        <t c="sd.">sd.</t>
        <t c="og">og</t>
        <t c="2">2</t>
        <t c=".">.</t>
    </s>
    <s>
        <t c="Jóladag">Jóladag</t>
        <t c="kl.">kl.</t>
        <t c="8">8</t>
        <t c="sd.">sd.</t>
    </s>
    <s>
        <t c="Hjálpræðisherinn">Hjálpræðisherinn</t>
        <t c=":">:</t>
        <t c="Samkomur">Samkomur</t>
        <t c="Jóladag">Jóladag</t>
        <t c="kl.">kl.</t>
        <t c="6">6</t>
        <t c="—">—</t>
        <t c="11">11</t>
        <t c="árd.">árd.</t>
        <t c="kl.">kl.</t>
        <t c="4">4</t>
        <t c="og">og</t>
        <t c="8">8</t>
        <t c="sd.">sd.</t>
        <t c=",">,</t>
        <t c="2">2</t>
        <t c=".">.</t>
    </s>
    <s>
        <t c="Jóladag">Jóladag</t>
        <t c="kl.">kl.</t>
        <t c="8">8</t>
        <t c="—">—</t>
        <t c="11">11</t>
        <t c="árd.">árd.</t>
        <t c=",">,</t>
        <t c="kl.">kl.</t>
    </s>
    <s>
        <t c="4">4</t>
        <t c="og">og</t>
        <t c="8">8</t>
        <t c="sd.">sd.</t>
        <t c=",">,</t>
        <t c="Nýársnótt">Nýársnótt</t>
        <t c=",">,</t>
        <t c="(">(</t>
        <t c="vökunótt">vökunótt</t>
        <t c=")">)</t>
        <t c="frá">frá</t>
        <t c="kl.">kl.</t>
        <t c="10½">10½</t>
        <t c=".">.</t>
    </s>
    <s>
        <t c="Bæjarpósturinn">Bæjarpósturinn</t>
        <t c=".">.</t>
    </s>
    <s>
        <t c="Á">Á</t>
        <t c="aðfangadag">aðfangadag</t>
        <t c="og">og</t>
        <t c="gamlárskveld">gamlárskvöld</t>
        <t c="verða">verða</t>
        <t c="póstkassarnir">póstkassarnir</t>
        <t c="tæmdir">tæmdir</t>
        <t c="síðdegis">síðdegis</t>
        <t c="kl.">kl.</t>
        <t c="2">2</t>
        <t c="og">og</t>
        <t c="kl.">kl.</t>
        <t c="4">4</t>
        <t c=",">,</t>
        <t c="nema">nema</t>
        <t c="pósthúskassinn">pósthúskassinn</t>
        <t c=",">,</t>
        <t c="hann">hann</t>
        <t c="verður">verður</t>
        <t c="tæmdur">tæmdur</t>
        <t c="kl.">kl.</t>
        <t c="5">5</t>
        <t c="síðdegis">síðdegis</t>
        <t c=".">.</t>
    </s>
    <s>
        <t c="Brjefin">Bréfin</t>
        <t c="borin">borin</t>
        <t c="út">út</t>
        <t c="kl.">kl.</t>
        <t c="6">6</t>
        <t c=".">.</t>
    </s>
    <s>
        <t c="Jóladaginn">Jóladaginn</t>
        <t c="eru">eru</t>
        <t c="kassarnir">kassarnir</t>
        <t c="tæmdir">tæmdir</t>
        <t c="kl.">kl.</t>
        <t c="7½">7½</t>
        <t c="árd.">árd.</t>
    </s>
    <s>
        <t c="Pósthúsinu">Pósthúsinu</t>
        <t c="er">er</t>
        <t c="lokað">lokað</t>
        <t c="kl">kl.</t>
        <t c="5">5</t>
        <t c="síðd.">síðd.</t>
    </s>
    <s>
        <t c="aðfangadag">aðfangadag</t>
        <t c="og">og</t>
        <t c="gamlársdag">gamlársdag</t>
        <t c=",">,</t>
        <t c="en">en</t>
        <t c="frímerki">frímerki</t>
        <t c="fást">fást</t>
        <t c="í">í</t>
        <t c="Söluturninum">Söluturninum</t>
        <t c="fram">fram</t>
        <t c="á">á</t>
        <t c="kveld">kveld</t>
        <t c=".">.</t>
    </s>
    <s>
        <t c="Landpóstar">Landpóstar</t>
        <t c="fara">fara</t>
        <t c=":">:</t>
        <t c="norðan">norðan</t>
        <t c="og">og</t>
        <t c="vestanp">vestan</t>
        <t c=".">.</t>
    </s>
    <s>
        <t c="3.">3.</t>
        <t c="jan.">jan.</t>
        <t c="austanp">austan</t>
        <t c=".">.</t>
    </s>
    <s>
        <t c="9.">9.</t>
        <t c="jan.">jan.</t>
    </s>
    <s>
        <t c="Landsíminn">Landsíminn</t>
        <t c=".">.</t>
    </s>
    <s>
        <t c="Aðfangadag">Aðfangadag</t>
        <t c="og">og</t>
        <t c="gamlársdag">gamlársdag</t>
        <t c="opinn">opinn</t>
        <t c="til">til</t>
        <t c="kl.">kl.</t>
        <t c="7">7</t>
        <t c="sd.">sd.</t>
        <t c="1">1</t>
        <t c=".">.</t>
    </s>
    <s>
        <t c="Jóladag">Jóladag</t>
        <t c="og">og</t>
        <t c="nýársdag">nýársdag</t>
        <t c="opinn">opinn</t>
        <t c="kl.">kl.</t>
    </s>
    <s>
        <t c="8">8</t>
        <t c="—">—</t>
        <t c="10">10</t>
        <t c="árd.">árd.</t>
        <t c="og">og</t>
        <t c="4">4</t>
        <t c="—">—</t>
        <t c="5">5</t>
        <t c="sd.">sd.</t>
    </s>
    <s>
        <t c="Landsbókasafnið">Landsbókasafnið</t>
        <t c="opið">opið</t>
        <t c="milli">milli</t>
        <t c="Jóla">Jóla</t>
        <t c="og">og</t>
        <t c="nýárs">nýárs</t>
        <t c="sem">sem</t>
        <t c="venjulega">venjulega</t>
        <t c=".">.</t>
    </s>
    <s>
        <t c="Landskjalasafnið">Landsskjalasafnið</t>
        <t c="sömuleiðis">sömuleiðis</t>
        <t c=".">.</t>
    </s>
    <s>
        <t c="Forngripasafnið">Forngripasafnið</t>
        <t c=",">,</t>
        <t c="opið">opið</t>
        <t c="3.">3.</t>
        <t c="í">í</t>
        <t c="Jólum">Jólum</t>
        <t c="kl.">kl.</t>
        <t c="12">12</t>
        <t c="—">—</t>
        <t c="2">2</t>
        <t c=".">.</t>
    </s>
    <s>
        <t c="Náttúrugripasafnið">Náttúrugripasafnið</t>
        <t c="opið">opið</t>
        <t c="2">2</t>
        <t c=".">.</t>
    </s>
    <s>
        <t c="Jóladag">Jóladag</t>
        <t c="kl.">kl.</t>
        <t c="1½">1½</t>
        <t c="—">—</t>
        <t c="2½">2½</t>
        <t c=".">.</t>
    </s>
    <s>
        <t c="Leikar">Leikar</t>
        <t c="í">í</t>
        <t c="Iðnó">Iðu</t>
        <t c=".">.</t>
    </s>
    <s>
        <t c="Kinnarhvolssystur">Kinnarhvolssystur</t>
        <t c="eftir">eftir</t>
        <t c="C.">C.</t>
        <t c="Hauch">Haus</t>
        <t c="2.">2.</t>
        <t c="og">og</t>
        <t c="3">3</t>
        <t c=".">.</t>
    </s>
    <s>
        <t c="Jóladag">Jóladag</t>
        <t c="kl.">kl.</t>
    </s>
    <s>
        <t c="8">8</t>
        <t c="sd.">sd.</t>
    </s>
    <s>
        <t c="Iðunn">Iðunn</t>
        <t c="lokuð">lokuð</t>
        <t c="frá">frá</t>
        <t c="1">1</t>
        <t c=".">.</t>
    </s>
    <s>
        <t c="Jóladegi">Jóladegi</t>
        <t c="til">til</t>
        <t c="9">9</t>
        <t c=".">.</t>
    </s>
    <s>
        <t c="Jan.">Jan.</t>
    </s>
    <s>
        <t c="Frá">Frá</t>
        <t c="suðurskautsförinni">suðurskautsförinni</t>
        <t c="sænsku">sænsku</t>
        <t c=".">.</t>
    </s>
    <s>
        <t c="Ágrip">Ágrip</t>
        <t c="er">er</t>
        <t c="nú">nú</t>
        <t c="að">að</t>
        <t c="koma">koma</t>
        <t c="út">út</t>
        <t c="í">í</t>
        <t c="Unga">Unga</t>
        <t c="Íslandi">Íslandi</t>
        <t c=".">.</t>
    </s>
    <s>
        <t c="Unga">Unga</t>
        <t c="Ísland">Ísland</t>
        <t c="er">er</t>
        <t c="besta">besta</t>
        <t c="Jólagjöfin">Jólagjöfin</t>
        <t c=".">.</t>
    </s>
    <s>
        <t c="Nokkrar">Nokkrar</t>
        <t c="endurbættar">endurbættar</t>
        <t c="”">”</t>
        <t c="Smith">Smith</t>
        <t c="Premier">Premin</t>
        <t c="”">”</t>
        <t c="ritvjelar">ritvélar</t>
        <t c="eru">eru</t>
        <t c="til">til</t>
        <t c="sölu">sölu</t>
        <t c="með">með</t>
        <t c="tækifæris">tækifæris</t>
        <t c="verði">verði</t>
        <t c="og">og</t>
        <t c="þægilegum">þægilegum</t>
        <t c="borgunarskilmálum">borgunarskilmálum</t>
        <t c="hjá">hjá</t>
        <t c="G.">G.</t>
        <t c="Gíslason">Gíslason</t>
        <t c="&amp;">&amp;</t>
        <t c="Hay">Hay</t>
        <t c=",">,</t>
        <t c="41">41</t>
        <t c="Lindargötu">Lindargötu</t>
        <t c=".">.</t>
    </s>
    <s>
        <t c="Gjerhveiti">Gerhveiti</t>
        <t c=",">,</t>
        <t c="ágætt">ágætt</t>
        <t c=",">,</t>
        <t c="pd">pd</t>
        <t c=".">.</t>
    </s>
    <s>
        <t c="17">17</t>
        <t c="au.">au.</t>
    </s>
    <s>
        <t c="Alexandra">Alexandra</t>
        <t c="-">-</t>
        <t c="12">12</t>
        <t c="-">-</t>
        <t c="hjá">hjá</t>
        <t c="Luðvig">Ludvig</t>
        <t c="Hafliðasyni">Hafliðasyni</t>
        <t c=".">.</t>
    </s>
    <s>
        <t c="Verðlaunavísan">Verðlaunaðan</t>
        <t c=".">.</t>
    </s>
    <s>
        <t c="Nú">Nú</t>
        <t c="kepptu">kepptu</t>
        <t c="8">8</t>
        <t c="um">um</t>
        <t c="verðlaunin">verðlaunin</t>
        <t c=",">,</t>
        <t c="en">en</t>
        <t c="þau">þau</t>
        <t c="voru">voru</t>
        <t c="stór">stór</t>
        <t c="mynd">mynd</t>
        <t c="af">af</t>
        <t c="Jóni">Jóni</t>
        <t c="Sigurðssyni">Sigurðssyni</t>
        <t c="og">og</t>
        <t c="þar">þar</t>
        <t c="við">við</t>
        <t c="bætast">bætast</t>
        <t c="svo">svo</t>
        <t c="kr.">kr.</t>
        <t c="2.00">2.00</t>
        <t c="Hjer">Hér</t>
        <t c="kemur">kemur</t>
        <t c="verðlaunabotninn">verðlaunabotninn</t>
        <t c=":">:</t>
        <t c="Bravo">Bravó</t>
        <t c="!">!</t>
    </s>
    <s>
        <t c="Ísland">Ísland</t>
        <t c=",">,</t>
        <t c="þar">þar</t>
        <t c="kom">kom</t>
        <t c="það">það</t>
        <t c=",">,</t>
        <t c="þú">þú</t>
        <t c="hefur">hefur</t>
        <t c="vísi">vísi</t>
        <t c="fengið">fengið</t>
        <t c=",">,</t>
        <t c="þótt">þótt</t>
        <t c="hann">hann</t>
        <t c="fari">fari</t>
        <t c="’">’</t>
        <t c="ei">ei</t>
        <t c="stórt">stórt</t>
        <t c="á">á</t>
        <t c="stað">stað</t>
        <t c="strax">strax</t>
        <t c="mun">mun</t>
        <t c="aukast">aukast</t>
        <t c="gengið">gengið</t>
        <t c=".">.</t>
    </s>
    <s>
        <t c="Hjer">Hér</t>
        <t c="eru">eru</t>
        <t c="fleiri">fleiri</t>
        <t c="botnar">botnar</t>
        <t c=":">:</t>
    </s>
    <s>
        <t c="Reykjavíkur">Reykjavíkur</t>
        <t c="besta">besta</t>
        <t c="blað">blað</t>
        <t c="í">í</t>
        <t c="bænum">bænum</t>
        <t c="hefur">hefur</t>
        <t c="gengið">gengið</t>
        <t c=".">.</t>
    </s>
    <s>
        <t c="Styrktu">Styrktu</t>
        <t c="þetta">þetta</t>
        <t c="þarfa">þarfa</t>
        <t c="blað">blað</t>
        <t c="þess">þess</t>
        <t c="svo">svo</t>
        <t c="eflist">eflist</t>
        <t c="gengið">gengið</t>
        <t c=".">.</t>
    </s>
    <s>
        <t c="Þótti">Þótti</t>
        <t c="áhalt">halt</t>
        <t c="um">um</t>
        <t c="þessa">þessa</t>
        <t c="þrjá">þrjá</t>
        <t c=".">.</t>
    </s>
    <s>
        <t c="Karl">Karl</t>
        <t c="Magnússon">Magnússon</t>
        <t c="vitji">vitji</t>
        <t c="verðlaunanna">verðlaunanna</t>
        <t c=".">.</t>
    </s>
    <s>
        <t c="Eftirblað">Eftirbið</t>
        <t c="Vísis">Vísis</t>
        <t c="mun">mun</t>
        <t c="hafa">hafa</t>
        <t c="þennan">þennan</t>
        <t c="verðlaunakveðskap">verðlaunakveðskap</t>
        <t c="einu">einu</t>
        <t c="sinni">sinni</t>
        <t c="í">í</t>
        <t c="viku">viku</t>
        <t c="og">og</t>
        <t c="vinst">vinst</t>
        <t c="þá">þá</t>
        <t c="nægur">nægur</t>
        <t c="tími">tími</t>
        <t c="til">til</t>
        <t c="að">að</t>
        <t c="ganga">ganga</t>
        <t c="vel">vel</t>
        <t c="frá">frá</t>
        <t c="botnunum">botnunum</t>
        <t c=".">.</t>
    </s>
    <s>
        <t c="Úr">Úr</t>
        <t c="bænum">bænum</t>
        <t c="Skipaferðir">Skipaferðir</t>
        <t c=".">.</t>
    </s>
    <s>
        <t c="Næstu">Næstu</t>
        <t c="daga">daga</t>
        <t c="fer">fer</t>
        <t c="e">e</t>
        <t c="/">/</t>
        <t c="s">s</t>
        <t c="Adria">Adda</t>
        <t c="til">til</t>
        <t c="Ísafjarðar">Ísafjarðar</t>
        <t c=",">,</t>
        <t c="en">en</t>
        <t c="kolaskip">kolaskip</t>
        <t c="Björns">Björns</t>
        <t c="Guðmundssonar">Guðmundssonar</t>
        <t c="til">til</t>
        <t c="útlanda">útlanda</t>
        <t c=".">.</t>
    </s>
    <s>
        <t c="—">—</t>
        <t c="Taka">Taka</t>
        <t c="bæði">bæði</t>
        <t c="póst">póst</t>
        <t c=".">.</t>
    </s>
    <s>
        <t c="Dáin">Dáin</t>
        <t c="úr">úr</t>
        <t c="krabbameini">krabbameini</t>
        <t c="í">í</t>
        <t c="gær">gær</t>
        <t c="á">á</t>
        <t c="Landakotsspítala">Landakotsspítala</t>
        <t c="konan">konan</t>
        <t c="Guðrún">Guðrún</t>
        <t c="Gísladóttir">Gísladóttir</t>
        <t c="á">á</t>
        <t c="Njálsgötu">Njálsgötu</t>
        <t c="33">33</t>
        <t c="B.">B.</t>
        <t c="Lætur">Lætur</t>
        <t c="eftir">eftir</t>
        <t c="sig">sig</t>
        <t c="mann">mann</t>
        <t c="og">og</t>
        <t c="börn">börn</t>
        <t c=".">.</t>
    </s>
    <s>
        <t c="Fátækrasamskotin">Fátækrasamskotin</t>
        <t c="þau">þau</t>
        <t c="sem">sem</t>
        <t c="dómk.presturinn">sómapresturinn</t>
        <t c="ofl.">ofl.</t>
        <t c="gengust">gengust</t>
        <t c="fyrir">fyrir</t>
        <t c="urðu">urðu</t>
        <t c="rúmar">rúmar</t>
        <t c="700">700</t>
        <t c="kr.">kr.</t>
        <t c="(">(</t>
        <t c="í">í</t>
        <t c="fyrra">fyrra</t>
        <t c="400">400</t>
        <t c="kr.">kr.</t>
        <t c=")">)</t>
        <t c="og">og</t>
        <t c="er">er</t>
        <t c="þeim">þeim</t>
        <t c="skift">skipt</t>
        <t c="milli">milli</t>
        <t c="180">180</t>
        <t c="fátæklinga">fátæklinga</t>
        <t c=".">.</t>
    </s>
    <s>
        <t c="Jón">Jón</t>
        <t c="forseti">forseti</t>
        <t c="fanst">fannst</t>
        <t c="fyrir">fyrir</t>
        <t c="Vesturlandi">Vesturlandi</t>
        <t c="í">í</t>
        <t c="fyrradag">fyrradag</t>
        <t c="og">og</t>
        <t c="var">var</t>
        <t c="þá">þá</t>
        <t c="ósjálfbjarga">ósjálfbjarga</t>
        <t c=",">,</t>
        <t c="hafði">hafði</t>
        <t c="brotið">brotið</t>
        <t c="stýrið">stýrið</t>
        <t c="í">í</t>
        <t c="stórsjó">stórsjó</t>
        <t c="og">og</t>
        <t c="var">var</t>
        <t c="dreginn">dreginn</t>
        <t c="inn">inn</t>
        <t c="á">á</t>
        <t c="Patreksfjörð">Patreksfjörð</t>
        <t c=",">,</t>
        <t c="í">í</t>
        <t c="fyrrakveld">fyrrakveld</t>
        <t c=".">.</t>
    </s>
    <s>
        <t c="Björgunarskipið">Björgunarskipið</t>
        <t c="Geir">Geir</t>
        <t c="fór">fór</t>
        <t c="af">af</t>
        <t c="stað">stað</t>
        <t c="í">í</t>
        <t c="gærkveldi">gærkveldi</t>
        <t c="kl.">kl.</t>
        <t c="6">6</t>
        <t c="að">að</t>
        <t c="sækja">sækja</t>
        <t c="hann">hann</t>
        <t c=".">.</t>
    </s>
    <s>
        <t c="Það">Það</t>
        <t c="var">var</t>
        <t c="eftir">eftir</t>
        <t c="símaskipun">umskipun</t>
        <t c="frá">frá</t>
        <t c="yfirstjórn">yfirstjórn</t>
        <t c="hans">hans</t>
        <t c="í">í</t>
        <t c="Kbh.">Kbh.</t>
    </s>
    <s>
        <t c="Samskotanefndin">Samskotanefndin</t>
        <t c=".">.</t>
    </s>
    <s>
        <t c="Ekki">Ekki</t>
        <t c="gengur">gengur</t>
        <t c="greiðlega">greiðlega</t>
        <t c="að">að</t>
        <t c="fá">fá</t>
        <t c="þá">þá</t>
        <t c="nefnd">nefnd</t>
        <t c="á">á</t>
        <t c="laggirnar">laggirnar</t>
        <t c=".">.</t>
    </s>
    <s>
        <t c="Þar">Þar</t>
        <t c="var">var</t>
        <t c="frá">frá</t>
        <t c="horfið">horfið</t>
        <t c="síðast">síðast</t>
        <t c="málinu">málinu</t>
        <t c="(">(</t>
        <t c="í">í</t>
        <t c="3.">3.</t>
        <t c="tbl.">tbl.</t>
        <t c=")">)</t>
        <t c="er">er</t>
        <t c="Stúdentafjelagið">Stúdentafélagið</t>
        <t c="hafði">hafði</t>
        <t c="valið">valið</t>
        <t c="fjóra">fjóra</t>
        <t c="menn">menn</t>
        <t c="í">í</t>
        <t c="þessa">þessa</t>
        <t c="nefnd">nefnd</t>
        <t c="til">til</t>
        <t c="viðbótar">viðbótar</t>
        <t c="þeim">þeim</t>
        <t c="fjórum">fjórum</t>
        <t c="sem">sem</t>
        <t c="þingmenn">þingmenn</t>
        <t c="höfðu">höfðu</t>
        <t c="valið">valið</t>
        <t c=".">.</t>
    </s>
    <s>
        <t c="Þingmannanefndin">Þingmannanefndin</t>
        <t c="vildi">vildi</t>
        <t c="þegar">þegar</t>
        <t c="til">til</t>
        <t c="kom">kom</t>
        <t c="ekki">ekki</t>
        <t c="taka">taka</t>
        <t c="til">til</t>
        <t c="greina">greina</t>
        <t c="nefndarkosningu">nefndarkosningu</t>
        <t c="Stúdentafjelagsins">Stúdentafélagsins</t>
        <t c="og">og</t>
        <t c="var">var</t>
        <t c="í">í</t>
        <t c="telefni">tilefni</t>
        <t c="af">af</t>
        <t c="því">því</t>
        <t c="fundur">fundur</t>
        <t c="í">í</t>
        <t c="Stúdentafjelaginu">Stúdentafélaginu</t>
        <t c="í">í</t>
        <t c="nótt">nótt</t>
        <t c=".">.</t>
    </s>
    <s>
        <t c="Var">Var</t>
        <t c="þar">þar</t>
        <t c="hætt">hætt</t>
        <t c="við">við</t>
        <t c="að">að</t>
        <t c="bjóða">bjóða</t>
        <t c="fram">fram</t>
        <t c="hina">hina</t>
        <t c="kosnu">kosnu</t>
        <t c="menn">menn</t>
        <t c="fjelagsins">félagsins</t>
        <t c="og">og</t>
        <t c="fer">fer</t>
        <t c="nú">nú</t>
        <t c="Stdfjel">Stíll</t>
        <t c=".">.</t>
    </s>
    <s>
        <t c="fram">fram</t>
        <t c="á">á</t>
        <t c="það">það</t>
        <t c="við">við</t>
        <t c="forseta">forseta</t>
        <t c="alþingis">alþingis</t>
        <t c="að">að</t>
        <t c="þeir">þeir</t>
        <t c="hlutist">hlutist</t>
        <t c="til">til</t>
        <t c="um">um</t>
        <t c="það">það</t>
        <t c="að">að</t>
        <t c="þingmenn">þingmenn</t>
        <t c="meirihlutans">meirihlutans</t>
        <t c="kjósi">kjósi</t>
        <t c="nú">nú</t>
        <t c="fjóra">fjóra</t>
        <t c="menn">menn</t>
        <t c="úr">úr</t>
        <t c="sínum">sínum</t>
        <t c="flokki">flokki</t>
        <t c="til">til</t>
        <t c="viðbótar">viðbótar</t>
        <t c="hinum">hinum</t>
    </s>
    <s>
        <t c="Framhald">Framhald</t>
        <t c="bæarfrjetta">bæarfrjetta</t>
        <t c="á">á</t>
        <t c="24.">24.</t>
        <t c="síðu">síðu</t>
        <t c=".">.</t>
    </s>
    <s>
        <t c="Dagblað">Dagblað</t>
        <t c=".">.</t>
    </s>
    <s>
        <t c="Þriðjudaginn">Þriðjudaginn</t>
        <t c="14.">14.</t>
        <t c="febrúar">febrúar</t>
        <t c="næst">næst</t>
        <t c="komandi">komandi</t>
        <t c="byrjar">byrjar</t>
        <t c="dagblað">dagblað</t>
        <t c="að">að</t>
        <t c="koma">koma</t>
        <t c="út">út</t>
        <t c="í">í</t>
        <t c="Reykjavík">Reykjavík</t>
        <t c=",">,</t>
        <t c="jafnstórt">jafnstórt</t>
        <t c="Vísi">Vísi</t>
        <t c=".">.</t>
    </s>
    <s>
        <t c="—">—</t>
        <t c="Eitt">Eitt</t>
        <t c="blað">blað</t>
        <t c="hvern">hvern</t>
        <t c="virkan">virkan</t>
        <t c="dag">dag</t>
        <t c=",">,</t>
        <t c="en">en</t>
        <t c="tvöfalt">tvöfalt</t>
        <t c=",">,</t>
        <t c="þegar">þegar</t>
        <t c="þurfa">þurfa</t>
        <t c="þykir">þykir</t>
        <t c=".">.</t>
    </s>
    <s>
        <t c="Er">Er</t>
        <t c="borið">borið</t>
        <t c="út">út</t>
        <t c="kl.">kl.</t>
        <t c="10">10</t>
        <t c="—">—</t>
        <t c="11">11</t>
        <t c="hvern">hvern</t>
        <t c="morgun">morgun</t>
        <t c=".">.</t>
    </s>
    <s>
        <t c="Verðið">Verðið</t>
        <t c="er">er</t>
        <t c="3">3</t>
        <t c="aura">aura</t>
        <t c="eintakið">eintakið</t>
        <t c="en">en</t>
        <t c="60">60</t>
        <t c="aura">aura</t>
        <t c="um">um</t>
        <t c="mánuðinn">mánuðinn</t>
        <t c="sent">sent</t>
        <t c="með">með</t>
        <t c="póstum">póstum</t>
        <t c=",">,</t>
        <t c="og">og</t>
        <t c="50">50</t>
        <t c="aura">aura</t>
        <t c="borið">borið</t>
        <t c="um">um</t>
        <t c="bæinn">bæinn</t>
        <t c=".">.</t>
    </s>
    <s>
        <t c="Frjettaritarar">Fréttaritarar</t>
        <t c="eru">eru</t>
        <t c="fengnir">fengnir</t>
        <t c="í">í</t>
        <t c="hverri">hverri</t>
        <t c="sýslu">sýslu</t>
        <t c="og">og</t>
        <t c="símaðir">símaðir</t>
        <t c="til">til</t>
        <t c="blaðsins">blaðsins</t>
        <t c="allir">allir</t>
        <t c="viðburðir">viðburðir</t>
        <t c=",">,</t>
        <t c="sem">sem</t>
        <t c="nokkru">nokkru</t>
        <t c="varða">varða</t>
        <t c=".">.</t>
    </s>
    <s>
        <t c="Til">Til</t>
        <t c="14.">14.</t>
        <t c="febr.">febr.</t>
        <t c="verður">verður</t>
        <t c="afgreiðsla">afgreiðsla</t>
        <t c="Vísis">Vísis</t>
        <t c="opin">opin</t>
        <t c="hvern">hvern</t>
        <t c="virkan">virkan</t>
        <t c="dag">dag</t>
        <t c="kl.">kl.</t>
    </s>
    <s>
        <t c="12">12</t>
        <t c="—">—</t>
        <t c="1">1</t>
        <t c="(">(</t>
        <t c="oft">oft</t>
        <t c="kl.">kl.</t>
        <t c="11">11</t>
        <t c="—">—</t>
        <t c="3">3</t>
        <t c=")">)</t>
        <t c="ættu">ættu</t>
        <t c="menn">menn</t>
        <t c="að">að</t>
        <t c="skrifa">skrifa</t>
        <t c="sig">sig</t>
        <t c="þar">þar</t>
        <t c="fyrir">fyrir</t>
        <t c="dagblaðinu">dagblaðinu</t>
        <t c="svo">svo</t>
        <t c="að">að</t>
        <t c="þeir">þeir</t>
        <t c="geti">geti</t>
        <t c="fengið">fengið</t>
        <t c="það">það</t>
        <t c="undir">undir</t>
        <t c="eins">eins</t>
        <t c="þegar">þegar</t>
        <t c="það">það</t>
        <t c="kemur">kemur</t>
        <t c="út">út</t>
        <t c="hlaðið">hlaðið</t>
        <t c="af">af</t>
        <t c="frjettum">fréttum</t>
        <t c=".">.</t>
    </s>
    <s>
        <t c="Ekki">Ekki</t>
        <t c="er">er</t>
        <t c="loku">loku</t>
        <t c="fyrir">fyrir</t>
        <t c="skotið">skotið</t>
        <t c="að">að</t>
        <t c="Vísir">Vísir</t>
        <t c="komi">komi</t>
        <t c="út">út</t>
        <t c="eitthvað">eitthvað</t>
        <t c="meir">meir</t>
        <t c="þangað">þangað</t>
        <t c="til">til</t>
        <t c=".">.</t>
    </s>
    <s>
        <t c="Útsölumenn">Útsölumenn</t>
        <t c="um">um</t>
        <t c="landið">landið</t>
        <t c="fá">fá</t>
        <t c="20%">20%</t>
        <t c="í">í</t>
        <t c="sölulaun">sölulaun</t>
        <t c=",">,</t>
        <t c="þegar">þegar</t>
        <t c="þeir">þeir</t>
        <t c="hafa">hafa</t>
        <t c="10">10</t>
        <t c="eintök">eintök</t>
        <t c=".">.</t>
    </s>
    <s>
        <t c="Menn">Menn</t>
        <t c="eru">eru</t>
        <t c="beðnir">beðnir</t>
        <t c="að">að</t>
        <t c="gefa">gefa</t>
        <t c="sig">sig</t>
        <t c="fram">fram</t>
        <t c="til">til</t>
        <t c="útsölu">útsölu</t>
        <t c=".">.</t>
    </s>
    <s>
        <t c="Royal">Royal</t>
        <t c="Bar-Lock">Bar-Lock</t>
        <t c="heitir">heitir</t>
        <t c="ritvjel">ritvél</t>
        <t c="sú">sú</t>
        <t c=",">,</t>
        <t c="sem">sem</t>
        <t c="staðið">staðið</t>
        <t c="hefir">hefir</t>
        <t c="öðrum">öðrum</t>
        <t c="framar">framar</t>
        <t c="frá">frá</t>
        <t c="upphafi">upphafi</t>
        <t c="og">og</t>
        <t c="búin">búin</t>
        <t c="er">er</t>
        <t c="öllum">öllum</t>
        <t c="kostum">kostum</t>
        <t c="ritvéla">ritvéla</t>
        <t c=".">.</t>
    </s>
    <s>
        <t c="Hún">Hún</t>
        <t c="var">var</t>
        <t c="frumherji">frumherji</t>
        <t c="„">„</t>
        <t c="sjáanlegrar">sjáanlegrar</t>
        <t c="“">“</t>
    </s>
    <s>
        <t c="skriftar">skriftar</t>
        <t c="og">og</t>
        <t c="hefir">hefir</t>
        <t c="marga">marga</t>
        <t c="kosti">kosti</t>
        <t c="umfram">umfram</t>
        <t c="aðrar">aðrar</t>
        <t c="vélar">vélar</t>
        <t c=".">.</t>
    </s>
    <s>
        <t c="„">„</t>
        <t c="Borðið">Borðið</t>
        <t c="“">“</t>
    </s>
    <s>
        <t c="er">er</t>
        <t c="tvenskonar">tvennskonar</t>
        <t c=":">:</t>
        <t c="einn">einn</t>
        <t c="stafur">stafur</t>
        <t c="á">á</t>
        <t c="lykli">lykli</t>
        <t c=",">,</t>
        <t c="eða">eða</t>
        <t c="tveir">tveir</t>
        <t c="eftir">eftir</t>
        <t c="því">því</t>
        <t c="sem">sem</t>
        <t c="hver">hver</t>
        <t c="vill">vill</t>
        <t c=".">.</t>
    </s>
    <s>
        <t c="Tvílitt">Tvílitt</t>
        <t c="blekband">blekband</t>
        <t c=".">.</t>
    </s>
    <s>
        <t c="Gerð">Gerð</t>
        <t c="er">er</t>
        <t c="vjelin">vélin</t>
        <t c="með">með</t>
        <t c="íslenzku">íslensku</t>
        <t c="letri">letri</t>
        <t c="og">og</t>
        <t c="þeirri">þeirri</t>
        <t c="raðan">rauðan</t>
        <t c=",">,</t>
        <t c="sem">sem</t>
        <t c="bezt">best</t>
        <t c="hentar">hentar</t>
        <t c="á">á</t>
        <t c="íslenzku">íslensku</t>
        <t c=".">.</t>
    </s>
    <s>
        <t c="Tuttugu">Tuttugu</t>
        <t c="eintök">eintök</t>
        <t c="er">er</t>
        <t c="hægt">hægt</t>
        <t c="að">að</t>
        <t c="„">„</t>
        <t c="skrifa">skrifa</t>
        <t c="“">“</t>
        <t c="í">í</t>
        <t c="einu">einu</t>
        <t c=".">.</t>
    </s>
    <s>
        <t c="Þeir">Þeir</t>
        <t c="sem">sem</t>
        <t c="þekkja">þekkja</t>
        <t c="vjel">vél</t>
        <t c="þessa">þessa</t>
        <t c="ljúka">ljúka</t>
        <t c="á">á</t>
        <t c="hana">hana</t>
        <t c="mesta">mesta</t>
        <t c="lofsorði">lofsorði</t>
        <t c=".">.</t>
    </s>
    <s>
        <t c="Nánari">Nánari</t>
        <t c="upplýsingar">upplýsingar</t>
        <t c="fást">fást</t>
        <t c="hjá">hjá</t>
        <t c="Þórði">Þórði</t>
        <t c="Sveinssyni">Sveinssyni</t>
        <t c="sem">sem</t>
        <t c="er">er</t>
        <t c="umboðsmaður">umboðsmaður</t>
        <t c="„">„</t>
        <t c="Bar-Lock">Bar-Lock</t>
        <t c="“">“</t>
    </s>
    <s>
        <t c="verksmiðjunnar">verksmiðjunnar</t>
        <t c="hér">hér</t>
        <t c="á">á</t>
        <t c="landi">landi</t>
        <t c=".">.</t>
    </s>
    <s>
        <t c="Ódýrast">Ódýrast</t>
        <t c="til">til</t>
        <t c="Jólanna">Jólanna</t>
        <t c=".">.</t>
    </s>
    <s>
        <t c="[">[</t>
        <t c="Menn">Menn</t>
        <t c="hafa">hafa</t>
        <t c="ekki">ekki</t>
        <t c="alment">almennt</t>
        <t c="sint">sinnt</t>
        <t c="fyrirspurnum">fyrirspurnum</t>
        <t c="Vísis">Vísis</t>
        <t c="um">um</t>
        <t c="ódyrustu">ódýrustu</t>
        <t c="tilboðin">tilboðin</t>
        <t c=".">.</t>
    </s>
    <s>
        <t c="Hann">Hann</t>
        <t c="getur">getur</t>
        <t c="því">því</t>
        <t c="aðeins">aðeins</t>
        <t c="bent">bent</t>
        <t c="á">á</t>
        <t c="þetta">þetta</t>
        <t c="fernt">fernt</t>
        <t c="og">og</t>
        <t c="svo">svo</t>
        <t c="á">á</t>
        <t c="auglýsingarnar">auglýsingarnar</t>
        <t c=",">,</t>
        <t c="sem">sem</t>
        <t c="standa">standa</t>
        <t c="í">í</t>
        <t c="blaðinu">blaðinu</t>
        <t c=":">:</t>
        <t c="]">]</t>
        <t c="Melis">Melis</t>
        <t c="23">23</t>
        <t c="au.">au.</t>
        <t c="pd">pd</t>
        <t c=".">.</t>
    </s>
    <s>
        <t c="hjá">hjá</t>
        <t c="Bryde">Bryde</t>
        <t c=".">.</t>
    </s>
    <s>
        <t c="Hveiti">Hveiti</t>
        <t c="no.">no.</t>
        <t c="1">1</t>
        <t c="11">11</t>
        <t c="—">—</t>
        <t c="—">—</t>
        <t c="—">—</t>
        <t c="M.">M.</t>
        <t c="Þorst.s">þorsks</t>
        <t c=".">.</t>
    </s>
    <s>
        <t c="Rjól">Rjól</t>
        <t c="228">228</t>
        <t c="—">—</t>
        <t c="—">—</t>
        <t c="—">—</t>
        <t c="R.">R.</t>
        <t c="P.">P.</t>
        <t c="Levi">Levi</t>
        <t c=".">.</t>
    </s>
    <s>
        <t c="Vindla">Vindla</t>
        <t c="470">470</t>
        <t c="—">—</t>
        <t c="100">100</t>
        <t c="—">—</t>
        <t c="R.">R.</t>
        <t c="P.">P.</t>
        <t c="Leví">Leví</t>
        <t c=".">.</t>
    </s>
    <s>
        <t c="Prentsm.">Prentsm.</t>
    </s>
    <s>
        <t c="D.">D.</t>
        <t c="Östlunds">Ástands</t>
    </s>
    <s>
        <t c="Jólakort">Jólakort</t>
        <t c=",">,</t>
        <t c="Nýárskort">Járnskort</t>
        <t c="Mörg">Mörg</t>
        <t c="hundruð">hundruð</t>
        <t c="úr">úr</t>
        <t c="að">að</t>
        <t c="velja">velja</t>
        <t c="Einnig">Einnig</t>
        <t c="öll">öll</t>
        <t c="önnur">önnur</t>
        <t c="tækifæriskort">tækifærisrit</t>
        <t c=",">,</t>
        <t c="skrautleg">skrautleg</t>
        <t c="og">og</t>
        <t c="fásjeð">fáséð</t>
        <t c=".">.</t>
    </s>
    <s>
        <t c="Jólatrjespokar">Jólatrjespokar</t>
        <t c="og">og</t>
        <t c="Jólatrjeskörfur">Jólatrjeskörfur</t>
        <t c="alskonar">allskonar</t>
        <t c="er">er</t>
        <t c="selt">selt</t>
        <t c="best">best</t>
        <t c="og">og</t>
        <t c="ódýrast">ódýrast</t>
        <t c="hjá">hjá</t>
        <t c="Guðm.">Guðm.</t>
    </s>
    <s>
        <t c="Sigurðssyni">Sigurðssyni</t>
        <t c=",">,</t>
        <t c="skraddara">skraddara</t>
        <t c=",">,</t>
        <t c="Laugaveg">Laugaveg</t>
        <t c="18">18</t>
        <t c="B.">B.</t>
    </s>
    <s>
        <t c="Rakarastofan">Rakarastofan</t>
        <t c="í">í</t>
        <t c="Austustr">Austust</t>
        <t c=".">.</t>
    </s>
    <s>
        <t c="17">17</t>
        <t c="opin">opin</t>
        <t c="frá">frá</t>
        <t c="8">8</t>
        <t c="—">—</t>
        <t c="8">8</t>
        <t c="hvern">hvern</t>
        <t c="virkan">virkan</t>
        <t c="dag">dag</t>
        <t c=",">,</t>
        <t c="8">8</t>
        <t c="—">—</t>
        <t c="12">12</t>
        <t c="á">á</t>
        <t c="sunnudögum.">sunnudögum</t>
        <t c="—">—</t>
        <t c="Hreinleg">Hreinleg</t>
        <t c=",">,</t>
        <t c="fljót">fljót</t>
        <t c="og">og</t>
        <t c="góð">góð</t>
        <t c="afgreiðsla">afgreiðsla</t>
        <t c=".">.</t>
    </s>
    <s>
        <t c="Eyj.">Eyj.</t>
    </s>
    <s>
        <t c="Jónsson">Jónsson</t>
        <t c=",">,</t>
        <t c="frá">frá</t>
        <t c="Herru">Heru</t>
        <t c=".">.</t>
    </s>
    <s>
        <t c="Einar">Einar</t>
        <t c="M.">M.</t>
        <t c="Jónasson">Jónasson</t>
        <t c="yfirdómslögmaður">yfirdómslögmaður</t>
        <t c=".">.</t>
    </s>
    <s>
        <t c="Laufásvegi">Laufásvegi</t>
        <t c="20">20</t>
        <t c=".">.</t>
    </s>
    <s>
        <t c="Venjulega">Venjulega</t>
        <t c="heima">heima</t>
        <t c="kl.">kl.</t>
        <t c="11">11</t>
        <t c="—">—</t>
        <t c="12">12</t>
        <t c="og">og</t>
        <t c="6">6</t>
        <t c="—">—</t>
        <t c="7">7</t>
        <t c=".">.</t>
    </s>
    <s>
        <t c="Fyrir">Fyrir</t>
        <t c="Jólin">Jólin</t>
        <t c=".">.</t>
    </s>
    <s>
        <t c="Jón">Jón</t>
        <t c="gullsmiður">gullsmiður</t>
        <t c="Sigmundsson">Sigmundsson</t>
        <t c=",">,</t>
        <t c="Laugaveg">Laugaveg</t>
        <t c="8">8</t>
        <t c=",">,</t>
        <t c="smíðar">smíðar</t>
        <t c="ýmsa">ýmsa</t>
        <t c="fásjeða">fáséða</t>
        <t c="muni">muni</t>
        <t c="og">og</t>
        <t c="ódýrari">ódýrari</t>
        <t c="en">en</t>
        <t c="allir">allir</t>
        <t c="aðrir">aðrir</t>
        <t c=".">.</t>
    </s>
    <s>
        <t c="Fyrir">Fyrir</t>
        <t c="Jólin">Jólin</t>
        <t c=".">.</t>
    </s>
    <s>
        <t c="Fyrir">Fyrir</t>
        <t c="Jólin">Jólin</t>
        <t c=".">.</t>
    </s>
    <s>
        <t c="Góðar">Góðar</t>
        <t c="vörur">vörur</t>
        <t c="!">!</t>
    </s>
    <s>
        <t c="Gott">Gott</t>
        <t c="verð">verð</t>
        <t c="!">!</t>
    </s>
    <s>
        <t c="Frá">Frá</t>
        <t c="í">í</t>
        <t c="dag">dag</t>
        <t c="og">og</t>
        <t c="til">til</t>
        <t c="Jóla">Jóla</t>
        <t c=":">:</t>
        <t c="Kaffi">Kaffi</t>
        <t c="66">66</t>
        <t c="aura">aura</t>
        <t c="pr.">pr.</t>
        <t c="dd">add</t>
        <t c=".">.</t>
    </s>
    <s>
        <t c="Riis">Riis</t>
        <t c="12">12</t>
        <t c="au.">au.</t>
        <t c="(">(</t>
        <t c="í">í</t>
        <t c="10">10</t>
        <t c="pd">pd</t>
        <t c=".">.</t>
    </s>
    <s>
        <t c="11">11</t>
        <t c="¾">¾</t>
        <t c=")">)</t>
        <t c="og">og</t>
        <t c="önnur">önnur</t>
        <t c="nauðsynjavara">nauðsynjavara</t>
        <t c="álíka">álíka</t>
        <t c="ódýr">ódýr</t>
        <t c=".">.</t>
    </s>
    <s>
        <t c="Laugaveg">Laugaveg</t>
        <t c="53">53</t>
        <t c="Jóh">Jóh.</t>
        <t c="Ögm">Ögum</t>
        <t c="Oddsson">Oddsson</t>
        <t c=".">.</t>
    </s>
    <s>
        <t c="Úr">Úr</t>
        <t c="—">—</t>
        <t c="Klukkur">Klukkur</t>
        <t c="—">—</t>
        <t c="Úrfestar">Úrfestar</t>
        <t c="og">og</t>
        <t c="m.">m.</t>
        <t c="m.">m.</t>
        <t c="fl.">fl.</t>
        <t c="nýkomið">nýkomið</t>
        <t c="til">til</t>
        <t c="undirritaðs">undirritaðs</t>
        <t c=".">.</t>
    </s>
    <s>
        <t c="Hvergi">Hvergi</t>
        <t c="í">í</t>
        <t c="öllum">öllum</t>
        <t c="bænum">bænum</t>
        <t c="verður">verður</t>
        <t c="hægt">hægt</t>
        <t c="að">að</t>
        <t c="fá">fá</t>
        <t c="jafngóð">jafngóð</t>
        <t c="kaup">kaup</t>
        <t c="á">á</t>
        <t c="þessum">þessum</t>
        <t c="vörum">vörum</t>
        <t c="núna">núna</t>
        <t c="fyrir">fyrir</t>
        <t c="Jólin">Jólin</t>
        <t c="sem">sem</t>
        <t c="á">á</t>
        <t c="Hverfisgötu">Hverfisgötu</t>
        <t c="D">D</t>
        <t c="hjá">hjá</t>
        <t c="Jóni">Jóni</t>
        <t c="Hermannssyni">Hermannssyni</t>
        <t c=".">.</t>
    </s>
    <s>
        <t c="Brjefspjöld">Bréfspjöld</t>
        <t c="á">á</t>
        <t c="2">2</t>
        <t c=",">,</t>
        <t c="5">5</t>
        <t c="og">og</t>
        <t c="10">10</t>
        <t c="aura">aura</t>
        <t c=".">.</t>
    </s>
    <s>
        <t c="Jólakort">Jólakort</t>
        <t c="með">með</t>
        <t c="hálfvirði">hálfvirði</t>
        <t c=".">.</t>
    </s>
    <s>
        <t c="Sömuleiðis">Sömuleiðis</t>
        <t c="Rúmsjár">Rúmsjár</t>
        <t c="og">og</t>
        <t c="Rúmsjármyndir">Smásjármyndir</t>
        <t c=".">.</t>
    </s>
    <s>
        <t c="Jóh.">Jóh.</t>
    </s>
    <s>
        <t c="Ögm">Ögum</t>
        <t c=".">.</t>
    </s>
    <s>
        <t c="Oddsson">Oddsson</t>
        <t c=".">.</t>
    </s>
    <s>
        <t c="Laugaveg">Laugaveg</t>
        <t c="63">63</t>
        <t c=".">.</t>
    </s>
    <s>
        <t c="Hvergi">Hvergi</t>
        <t c="fæst">fæst</t>
        <t c="betur">betur</t>
        <t c="gert">gert</t>
        <t c="við">við</t>
        <t c="Skó">Skó</t>
        <t c="en">en</t>
        <t c="hjá">hjá</t>
        <t c="Kr.">Kr.</t>
    </s>
    <s>
        <t c="Guðmundssyni">Guðmundssyni</t>
        <t c=",">,</t>
        <t c="Hverfisgötu">Hverfisgötu</t>
        <t c="7">7</t>
        <t c=".">.</t>
    </s>
    <s>
        <t c="Útgefandi">Útgefandi</t>
        <t c=":">:</t>
        <t c="EINAR">EINAR</t>
        <t c="GUNNARSSON">GUNNARSSON</t>
        <t c=",">,</t>
        <t c="Cand.">Cand.</t>
        <t c="phil.">phil.</t>
    </s>
    <s>
        <t c="Þórður">Þórður</t>
        <t c="langi">langi</t>
        <t c=".">.</t>
    </s>
    <s>
        <t c="Skólasaga">Skólasaga</t>
        <t c="eftir">eftir</t>
        <t c="Zola">Þola</t>
        <t c=".">.</t>
    </s>
    <s>
        <t c="V.">V.</t>
    </s>
    <s>
        <t c="Daginn">Daginn</t>
        <t c="eftir">eftir</t>
        <t c="og">og</t>
        <t c="næsta">næsta</t>
        <t c="dag">dag</t>
        <t c="var">var</t>
        <t c="Þórður">Þórður</t>
        <t c="langi">langi</t>
        <t c="ægilegur">ægilegur</t>
        <t c=".">.</t>
    </s>
    <s>
        <t c="Það">Það</t>
        <t c="sem">sem</t>
        <t c="umsjónarmaðurinn">umsjónarmaðurinn</t>
        <t c="sagði">sagði</t>
        <t c="hafði">hafði</t>
        <t c="komið">komið</t>
        <t c="við">við</t>
        <t c="hjartað">hjartað</t>
        <t c="í">í</t>
        <t c="honum">honum</t>
        <t c=".">.</t>
    </s>
    <s>
        <t c="Hann">Hann</t>
        <t c="hjelt">hélt</t>
        <t c=",">,</t>
        <t c="í">í</t>
        <t c="okkur">okkur</t>
        <t c="kjarkinum">kjarkinum</t>
        <t c="og">og</t>
        <t c="ódrengir">ódrengir</t>
        <t c="hefðum">hefðum</t>
        <t c="við">við</t>
        <t c="verið">verið</t>
        <t c=",">,</t>
        <t c="ef">ef</t>
        <t c="við">við</t>
        <t c="hefðum">hefðum</t>
        <t c="gefist">gefist</t>
        <t c="upp">upp</t>
        <t c=".">.</t>
    </s>
    <s>
        <t c="Nú">Nú</t>
        <t c="þótti">þótti</t>
        <t c="honum">honum</t>
        <t c="sæmd">sæmd</t>
        <t c="að">að</t>
        <t c="sýna">sýna</t>
        <t c="að">að</t>
        <t c="hann">hann</t>
        <t c="gat">gat</t>
        <t c="látið">látið</t>
        <t c="vera">vera</t>
        <t c="að">að</t>
        <t c="borða">borða</t>
        <t c=",">,</t>
        <t c="ef">ef</t>
        <t c="honum">honum</t>
        <t c="bauð">bauð</t>
        <t c="svo">svo</t>
        <t c="við">við</t>
        <t c="að">að</t>
        <t c="horfa">horfa</t>
        <t c=".">.</t>
    </s>
    <s>
        <t c="Hann">Hann</t>
        <t c="var">var</t>
        <t c="reglulegur">reglulegur</t>
        <t c="píslarvottur">píslarvottur</t>
        <t c=".">.</t>
    </s>
    <s>
        <t c="Við">Við</t>
        <t c="hinir">hinir</t>
        <t c="földum">földum</t>
        <t c="í">í</t>
        <t c="skúffunum">skúffunum</t>
        <t c="okkar">okkar</t>
        <t c=",">,</t>
        <t c="súkkulaði">súkkulaði</t>
        <t c="og">og</t>
        <t c="annað">annað</t>
        <t c="sælgæti">sælgæti</t>
        <t c=",">,</t>
        <t c="svo">svo</t>
        <t c="við">við</t>
        <t c="þyrftum">þyrftum</t>
        <t c="ekki">ekki</t>
        <t c="að">að</t>
        <t c="borða">borða</t>
        <t c="eintómt">eintómt</t>
        <t c="brauðið">brauðið</t>
        <t c=",">,</t>
        <t c="sem">sem</t>
        <t c="við">við</t>
        <t c="höfðum">höfðum</t>
        <t c="fyllt">fyllt</t>
        <t c="vasana">vasana</t>
        <t c="af">af</t>
        <t c=".">.</t>
    </s>
    <s>
        <t c="Hann">Hann</t>
        <t c="átti">átti</t>
        <t c="ekki">ekki</t>
        <t c="neinn">neinn</t>
        <t c="ættingja">ættingja</t>
        <t c="í">í</t>
        <t c="borginni">borginni</t>
        <t c="og">og</t>
        <t c="var">var</t>
        <t c="annars">annars</t>
        <t c="frábitinn">frábitinn</t>
        <t c="öllum">öllum</t>
        <t c="sætindum">sætindum</t>
        <t c=".">.</t>
    </s>
    <s>
        <t c="Hann">Hann</t>
        <t c="át">át</t>
        <t c="aðeins">aðeins</t>
        <t c="skorpurnar">skorpurnar</t>
        <t c=",">,</t>
        <t c="sem">sem</t>
        <t c="hann">hann</t>
        <t c="fann">fann</t>
        <t c="eftir">eftir</t>
        <t c="okkur">okkur</t>
        <t c=".">.</t>
    </s>
    <s>
        <t c="Þriðja">Þriðja</t>
        <t c="daginn">daginn</t>
        <t c="sagði">sagði</t>
        <t c="brytinn">brytinn</t>
        <t c="að">að</t>
        <t c="hann">hann</t>
        <t c="hætti">hætti</t>
        <t c="að">að</t>
        <t c="láta">láta</t>
        <t c="brauð">brauð</t>
        <t c="á">á</t>
        <t c="borð">borð</t>
        <t c=",">,</t>
        <t c="þar">þar</t>
        <t c="sem">sem</t>
        <t c="ekki">ekki</t>
        <t c="væri">væri</t>
        <t c="snert">snert</t>
        <t c="við">við</t>
        <t c="fötunum">fötunum</t>
        <t c=".">.</t>
    </s>
    <s>
        <t c="Þá">Þá</t>
        <t c="braust">braust</t>
        <t c="uppreistin">uppreistin</t>
        <t c="út">út</t>
        <t c="við">við</t>
        <t c="morgunverðinn">morgunverðinn</t>
        <t c=".">.</t>
    </s>
    <s>
        <t c="Þetta">Þetta</t>
        <t c="var">var</t>
        <t c="daginn">daginn</t>
        <t c="sem">sem</t>
        <t c="við">við</t>
        <t c="áttum">áttum</t>
        <t c="að">að</t>
        <t c="fá">fá</t>
        <t c="baunir">baunir</t>
        <t c="í">í</t>
        <t c="hvítri">hvítri</t>
        <t c="ídýfu">ídýfu</t>
        <t c=".">.</t>
    </s>
    <s>
        <t c="Þórður">Þórður</t>
        <t c="langi">langi</t>
        <t c=",">,</t>
        <t c="sem">sem</t>
        <t c="var">var</t>
        <t c="alveg">alveg</t>
        <t c="orðin">orðin</t>
        <t c="eyðilagður">eyðilagður</t>
        <t c="af">af</t>
        <t c="sulti">sulti</t>
        <t c=",">,</t>
        <t c="spratt">spratt</t>
        <t c="upp">upp</t>
        <t c=".">.</t>
    </s>
    <s>
        <t c="Hann">Hann</t>
        <t c="þreif">þreif</t>
        <t c="diskinn">diskinn</t>
        <t c="frá">frá</t>
        <t c="umsjónarmanninum">umsjónarmanninum</t>
        <t c=",">,</t>
        <t c="sem">sem</t>
        <t c="altaf">alltaf</t>
        <t c="át">át</t>
        <t c="það">það</t>
        <t c="besta">besta</t>
        <t c="og">og</t>
        <t c="reyndi">reyndi</t>
        <t c="að">að</t>
        <t c="æra">æra</t>
        <t c="upp">upp</t>
        <t c="í">í</t>
        <t c="okkur">okkur</t>
        <t c="sult">sult</t>
        <t c=",">,</t>
        <t c="henti">henti</t>
        <t c="honum">honum</t>
        <t c="ýfir">ýfir</t>
        <t c="endilangan">endilangan</t>
        <t c="salinn">salinn</t>
        <t c="og">og</t>
        <t c="hóf">hóf</t>
        <t c="að">að</t>
        <t c="syngja">syngja</t>
        <t c="Marseillaisen">Marseillaisen</t>
        <t c="með">með</t>
        <t c="þrumandi">þrumandi</t>
        <t c="röddu">röddu</t>
        <t c=".">.</t>
    </s>
    <s>
        <t c="Við">Við</t>
        <t c="tókum">tókum</t>
        <t c="allir">allir</t>
        <t c="undir">undir</t>
        <t c=".">.</t>
    </s>
    <s>
        <t c="Diskar">Diskar</t>
        <t c="glös">glös</t>
        <t c="og">og</t>
        <t c="flöskur">flöskur</t>
        <t c="þutu">þutu</t>
        <t c="eftir">eftir</t>
        <t c="salnum">salnum</t>
        <t c=".">.</t>
    </s>
    <s>
        <t c="Umsjónarmaðurinn">Umsjónarmaðurinn</t>
        <t c="stiklaði">stiklaði</t>
        <t c="yfir">yfir</t>
        <t c="brotin">brotin</t>
        <t c="og">og</t>
        <t c="flýtti">flýtti</t>
        <t c="sjer">sér</t>
        <t c="út">út</t>
        <t c="frá">frá</t>
        <t c="okkur">okkur</t>
        <t c=".">.</t>
    </s>
    <s>
        <t c="Á">Á</t>
        <t c="leiðinni">leiðinni</t>
        <t c="fjekk">fékk</t>
        <t c="hann">hann</t>
        <t c="baunafat">baunast</t>
        <t c="í">í</t>
        <t c="hnakkann">hnakkann</t>
        <t c="og">og</t>
        <t c="ídýfan">ídýfan</t>
        <t c="lá">lá</t>
        <t c="eins">eins</t>
        <t c="og">og</t>
        <t c="kragi">kragi</t>
        <t c="um">um</t>
        <t c="hálsinn">hálsinn</t>
        <t c="á">á</t>
        <t c="honum">honum</t>
        <t c=".">.</t>
    </s>
    <s>
        <t c="Nú">Nú</t>
        <t c="varð">varð</t>
        <t c="að">að</t>
        <t c="víggirða">víggirða</t>
        <t c="staðinn">staðinn</t>
        <t c=".">.</t>
    </s>
    <s>
        <t c="Þórður">Þórður</t>
        <t c="langi">langi</t>
        <t c="var">var</t>
        <t c="skipaður">skipaður</t>
        <t c="foringi">foringi</t>
        <t c="Hann">Hann</t>
        <t c="ljet">lét</t>
        <t c="bunka">bunka</t>
        <t c="borðunum">borðunum</t>
        <t c="upp">upp</t>
        <t c="fyrir">fyrir</t>
        <t c="dyrnar">dyrnar</t>
        <t c=".">.</t>
    </s>
    <s>
        <t c="Mig">Mig</t>
        <t c="minnir">minnir</t>
        <t c="að">að</t>
        <t c="við">við</t>
        <t c="hjeldum">héldum</t>
        <t c="allir">allir</t>
        <t c="á">á</t>
        <t c="hnífum">hnífum</t>
        <t c="og">og</t>
        <t c="altaf">alltaf</t>
        <t c="sungum">sungum</t>
        <t c="við">við</t>
        <t c="Marseillaisen">Marseillaisen</t>
        <t c=".">.</t>
    </s>
    <s>
        <t c="Uppþotið">Uppþotið</t>
        <t c="var">var</t>
        <t c="hrein">hrein</t>
        <t c="stjórnarbylting">stjórnarbylting</t>
        <t c=".">.</t>
    </s>
    <s>
        <t c="Til">Til</t>
        <t c="allrar">allrar</t>
        <t c="hamingju">hamingju</t>
        <t c="vorum">vorum</t>
        <t c="við">við</t>
        <t c="látnir">látnir</t>
        <t c="eiga">eiga</t>
        <t c="okkur">okkur</t>
        <t c="í">í</t>
        <t c="þrjá">þrjá</t>
        <t c="klukkutíma">klukkutíma</t>
        <t c=".">.</t>
    </s>
    <s>
        <t c="Líklega">Líklega</t>
        <t c="hefur">hefur</t>
        <t c="verið">verið</t>
        <t c="sent">sent</t>
        <t c="eftir">eftir</t>
        <t c="lögregluþjónum">lögregluþjónum</t>
        <t c=".">.</t>
    </s>
    <s>
        <t c="Þessi">Þessi</t>
        <t c="þriggja">þriggja</t>
        <t c="tíma">tíma</t>
        <t c="gauragangur">gauragangur</t>
        <t c="nægði">nægði</t>
        <t c="til">til</t>
        <t c="að">að</t>
        <t c="kæla">kæla</t>
        <t c="í">í</t>
        <t c="okkur">okkur</t>
        <t c="blóðið">blóðið</t>
        <t c=".">.</t>
    </s>
    <s>
        <t c="Í">Í</t>
        <t c="hinum">hinum</t>
        <t c="enda">enda</t>
        <t c="borðsalsins">borðsaltsins</t>
        <t c="voru">voru</t>
        <t c="tveir">tveir</t>
        <t c="stórir">stórir</t>
        <t c="gluggar">gluggar</t>
        <t c=",">,</t>
        <t c="sem">sem</t>
        <t c="sneru">sneru</t>
        <t c="út">út</t>
        <t c="að">að</t>
        <t c="skólagarðinum">skólagarðinum</t>
        <t c=".">.</t>
    </s>
    <s>
        <t c="Þeir">Þeir</t>
        <t c="sem">sem</t>
        <t c="huglausastir">huglausastir</t>
        <t c="voru">voru</t>
        <t c=",">,</t>
        <t c="og">og</t>
        <t c="voru">voru</t>
        <t c="orðnir">orðnir</t>
        <t c="hræddir">hræddir</t>
        <t c="af">af</t>
        <t c="því">því</t>
        <t c="hve">hve</t>
        <t c="lengi">lengi</t>
        <t c="við">við</t>
        <t c="urðum">urðum</t>
        <t c="að">að</t>
        <t c="bíða">bíða</t>
        <t c="eftir">eftir</t>
        <t c="hegningunni">hegningunni</t>
        <t c=",">,</t>
        <t c="opnuðu">opnuðu</t>
        <t c="hægt">hægt</t>
        <t c="annan">annan</t>
        <t c="gluggann">gluggann</t>
        <t c=",">,</t>
        <t c="og">og</t>
        <t c="hurfu">hurfu</t>
        <t c="þar">þar</t>
        <t c="út">út</t>
        <t c="um">um</t>
        <t c=".">.</t>
    </s>
    <s>
        <t c="Svo">Svo</t>
        <t c="fóru">fóru</t>
        <t c="aðrir">aðrir</t>
        <t c="á">á</t>
        <t c="eftir">eftir</t>
        <t c="smám">smám</t>
        <t c="saman">saman</t>
        <t c="og">og</t>
        <t c="brátt">brátt</t>
        <t c="voru">voru</t>
        <t c="ekki">ekki</t>
        <t c="eftir">eftir</t>
        <t c="nema">nema</t>
        <t c="einir">einir</t>
        <t c="tíu">tíu</t>
        <t c="eða">eða</t>
        <t c="tólf">tólf</t>
        <t c="af">af</t>
        <t c="upphlaupsmönnunum">upphlaupsmönnunum</t>
        <t c="í">í</t>
        <t c="kring">kring</t>
        <t c="um">um</t>
        <t c="Þórð">Þórð</t>
        <t c="langa">langa</t>
        <t c=".">.</t>
    </s>
    <s>
        <t c="Þá">Þá</t>
        <t c="sagði">sagði</t>
        <t c="hann">hann</t>
        <t c="hörkulega">hörkulega</t>
        <t c=":">:</t>
        <t c="»">»</t>
        <t c="Farið">Farið</t>
        <t c="til">til</t>
        <t c="fjelaga">félaga</t>
        <t c="ykkar">ykkar</t>
        <t c=",">,</t>
        <t c="það">það</t>
        <t c="er">er</t>
        <t c="nægilegt">nægilegt</t>
        <t c="að">að</t>
        <t c="einn">einn</t>
        <t c="sje">sé</t>
        <t c="sekur">sekur</t>
        <t c="«">«</t>
        <t c=".">.</t>
    </s>
    <s>
        <t c="Hann">Hann</t>
        <t c="snjeri">sneri</t>
        <t c="sjer">sér</t>
        <t c="að">að</t>
        <t c="mjer">mér</t>
        <t c=",">,</t>
        <t c="sem">sem</t>
        <t c="stóð">stóð</t>
        <t c="enþá">enn</t>
        <t c="ráðlaus">ráðlaus</t>
        <t c=",">,</t>
        <t c="og">og</t>
        <t c="bætti">bætti</t>
        <t c="við">við</t>
        <t c=":">:</t>
    </s>
    <s>
        <t c="Jólafatnaður">Jólafagnaður</t>
        <t c="fyrir">fyrir</t>
        <t c="Konur">Konur</t>
        <t c="og">og</t>
        <t c="Karla">Karla</t>
        <t c=".">.</t>
    </s>
    <s>
        <t c="Jólagjafir">Jólagjafir</t>
        <t c="fallegar">fallegar</t>
        <t c="og">og</t>
        <t c="hentugar">hentugar</t>
        <t c=".">.</t>
    </s>
    <s>
        <t c="Alt">Allt</t>
        <t c="með">með</t>
        <t c="afslætti">afslætti</t>
        <t c="10%--25%">10%--25%</t>
        <t c="10I-25J">10I-25J</t>
        <t c="í">í</t>
        <t c="VERZLUNINNI">VERSLUNINNI</t>
        <t c="Dagsbrún">Dagsbrún</t>
        <t c=".">.</t>
    </s>
    <s>
        <t c="»">»</t>
        <t c="Jeg">Ég</t>
        <t c="leysi">leysi</t>
        <t c="þig">þig</t>
        <t c="af">af</t>
        <t c="loforði">loforði</t>
        <t c="þínu">þínu</t>
        <t c=",">,</t>
        <t c="heyrirðu">heyrirðu</t>
        <t c="það">það</t>
        <t c="!">!</t>
        <t c="«">«</t>
    </s>
    <s>
        <t c="Þegar">Þegar</t>
        <t c="lögregluþjónarnir">lögregluþjónarnir</t>
        <t c="höfðu">höfðu</t>
        <t c="brotið">brotið</t>
        <t c="upp">upp</t>
        <t c="einar">einar</t>
        <t c="dyrnar">dyrnar</t>
        <t c="fundu">fundu</t>
        <t c="þeir">þeir</t>
        <t c="Þórð">Þórð</t>
        <t c="langa">langa</t>
        <t c="þar">þar</t>
        <t c="sem">sem</t>
        <t c="hann">hann</t>
        <t c="sat">sat</t>
        <t c="rólegur">rólegur</t>
        <t c="á">á</t>
        <t c="einu">einu</t>
        <t c="borðshorninu">borðshorninu</t>
        <t c="aleinn">aleinn</t>
        <t c=",">,</t>
        <t c="með">með</t>
        <t c="borðbúnaðinn">borðbúnaðinn</t>
        <t c="brotinn">brotinn</t>
        <t c="allt">allt</t>
        <t c="umhverfis">umhverfis</t>
        <t c=".">.</t>
    </s>
    <s>
        <t c="Þann">Þann</t>
        <t c="dag">dag</t>
        <t c="var">var</t>
        <t c="hann">hann</t>
        <t c="sendur">sendur</t>
        <t c="heim">heim</t>
        <t c="til">til</t>
        <t c="föður">föður</t>
        <t c="síns">síns</t>
        <t c=".">.</t>
    </s>
    <s>
        <t c="En">En</t>
        <t c="hvað">hvað</t>
        <t c="okkur">okkur</t>
        <t c="viðveik">viðvik</t>
        <t c=",">,</t>
        <t c="þá">þá</t>
        <t c="höfðum">höfðum</t>
        <t c="við">við</t>
        <t c="litla">litla</t>
        <t c="gleði">gleði</t>
        <t c="af">af</t>
        <t c="upphlaupinu">upphlaupinu</t>
        <t c=".">.</t>
    </s>
    <s>
        <t c="Nokkrar">Nokkrar</t>
        <t c="vikur">vikur</t>
        <t c="fengum">fengum</t>
        <t c="við">við</t>
        <t c="hvorki">hvorki</t>
        <t c="þorsk">þorsk</t>
        <t c="eða">eða</t>
        <t c="baunir">baunir</t>
        <t c=".">.</t>
    </s>
    <s>
        <t c="En">En</t>
        <t c="svo">svo</t>
        <t c="kom">kom</t>
        <t c="það">það</t>
        <t c="aftur">aftur</t>
        <t c="á">á</t>
        <t c="borðið">borðið</t>
        <t c=".">.</t>
    </s>
    <s>
        <t c="Þorskurinn">Þorskurinn</t>
        <t c="var">var</t>
        <t c="þá">þá</t>
        <t c="í">í</t>
        <t c="hvítri">hvítri</t>
        <t c="ídýfu">ídýfu</t>
        <t c="en">en</t>
        <t c="baunirnar">baunirnar</t>
        <t c="í">í</t>
        <t c="rauðri">rauðri</t>
        <t c=".">.</t>
    </s>
    <s>
        <t c="VI.">VI.</t>
    </s>
    <s>
        <t c="Löngu">Löngu</t>
        <t c="síðar">síðar</t>
        <t c="sá">sá</t>
        <t c="eg">ég</t>
        <t c="Þórð">Þórð</t>
        <t c="langa">langa</t>
        <t c="aftur">aftur</t>
        <t c=".">.</t>
    </s>
    <s>
        <t c="Hann">Hann</t>
        <t c="hafði">hafði</t>
        <t c="ekki">ekki</t>
        <t c="sjeð">séð</t>
        <t c="sjer">sér</t>
        <t c="fært">fært</t>
        <t c="að">að</t>
        <t c="halda">halda</t>
        <t c="áfram">áfram</t>
        <t c="námi">námi</t>
        <t c=".">.</t>
    </s>
    <s>
        <t c="Hann">Hann</t>
        <t c="yrkti">yrkti</t>
        <t c="nú">nú</t>
        <t c="jörðina">jörðina</t>
        <t c=",">,</t>
        <t c="sem">sem</t>
        <t c="hann">hann</t>
        <t c="hafði">hafði</t>
        <t c="erft">erft</t>
        <t c="eftir">eftir</t>
        <t c="föður">föður</t>
        <t c="sinn">sinn</t>
        <t c="látinn">látinn</t>
        <t c=".">.</t>
    </s>
    <s>
        <t c="»">»</t>
        <t c="Jeg">Ég</t>
        <t c="hefði">hefði</t>
        <t c="orðið">orðið</t>
        <t c="ónýtur">ónýtur</t>
        <t c="málaflutningsmaður">málaflutningsmaður</t>
        <t c="og">og</t>
        <t c="ónýtur">ónýtur</t>
        <t c="læknir">læknir</t>
        <t c="«">«</t>
        <t c=",">,</t>
        <t c="sagði">sagði</t>
        <t c="hann">hann</t>
        <t c="»">»</t>
        <t c="því">því</t>
        <t c="mjer">mér</t>
        <t c="veitti">veitti</t>
        <t c="erfitt">erfitt</t>
        <t c="að">að</t>
        <t c="læra">læra</t>
        <t c=".">.</t>
    </s>
    <s>
        <t c="Það">Það</t>
        <t c="er">er</t>
        <t c="betra">betra</t>
        <t c="að">að</t>
        <t c="eg">ég</t>
        <t c="er">er</t>
        <t c="bóndi">bóndi</t>
        <t c=".">.</t>
    </s>
    <s>
        <t c="Það">Það</t>
        <t c="fer">fer</t>
        <t c="vel">vel</t>
        <t c="á">á</t>
        <t c="því">því</t>
        <t c=".">.</t>
    </s>
    <s>
        <t c=".">.</t>
    </s>
    <s>
        <t c=".">.</t>
    </s>
    <s>
        <t c="Það">Það</t>
        <t c="gerði">gerði</t>
        <t c="ekki">ekki</t>
        <t c="þó">þó</t>
        <t c="þið">þið</t>
        <t c="brigðust">brigðust</t>
        <t c="mjer">mér</t>
        <t c="svona">svona</t>
        <t c="dásamlega">dásamlega</t>
        <t c=".">.</t>
    </s>
    <s>
        <t c="—">—</t>
        <t c="Mjer">Mér</t>
        <t c="sem">sem</t>
        <t c="þótti">þótti</t>
        <t c="svo">svo</t>
        <t c="góður">góður</t>
        <t c="þorskur">þorskur</t>
        <t c="og">og</t>
        <t c="baunir">baunir</t>
        <t c="!">!</t>
        <t c="«">«</t>
    </s>
    <s>
        <t c="Í">Í</t>
        <t c="skófatnaðardeildina">skófatnaðardeildina</t>
        <t c="er">er</t>
        <t c="komið">komið</t>
        <t c="mikið">mikið</t>
        <t c="af">af</t>
        <t c="verkamannastígvjelum">verkmannastígvélum</t>
        <t c=",">,</t>
        <t c="sem">sem</t>
        <t c="verða">verða</t>
        <t c="seld">seld</t>
        <t c="með">með</t>
        <t c="20%">20%</t>
        <t c="afslætti">afslætti</t>
        <t c=".">.</t>
    </s>
    <s>
        <t c="til">til</t>
        <t c="Jóla">Jóla</t>
        <t c=",">,</t>
        <t c="og">og</t>
        <t c="þar">þar</t>
        <t c="að">að</t>
        <t c="auki">auki</t>
        <t c="fær">fær</t>
        <t c="kaupandinn">kaupandinn</t>
        <t c="rauðan">rauðan</t>
        <t c="og">og</t>
        <t c="hvítan">hvítan</t>
        <t c="miða">miða</t>
        <t c=".">.</t>
    </s>
    <s>
        <t c="Sá">Sá</t>
        <t c="fyrri">fyrri</t>
        <t c="þýðir">þýðir</t>
        <t c=":">:</t>
        <t c="ódýrar">ódýrar</t>
        <t c="matvörur">matvörur</t>
        <t c=",">,</t>
        <t c="en">en</t>
        <t c="hinn">hinn</t>
        <t c="síðari">síðari</t>
        <t c=":">:</t>
        <t c="máske">máske</t>
        <t c="peninga">peninga</t>
        <t c="í">í</t>
        <t c="tugavís">tugar</t>
        <t c=".">.</t>
    </s>
    <s>
        <t c="Stígvjelin">Stígvélin</t>
        <t c="eru">eru</t>
        <t c="mjög">mjög</t>
        <t c="vönduð">vönduð</t>
        <t c="og">og</t>
        <t c="sterk">sterk</t>
        <t c=",">,</t>
        <t c="og">og</t>
        <t c="kosta">kosta</t>
        <t c=":">:</t>
        <t c="kr">kr</t>
        <t c=":">:</t>
        <t c="9,50">9,50</t>
        <t c="—">—</t>
        <t c="11,00">11,00</t>
        <t c=".">.</t>
    </s>
    <s>
        <t c="÷">÷</t>
        <t c="20%">20%</t>
        <t c=".">.</t>
    </s>
    <s>
        <t c="Versl">Versla</t>
        <t c=".">.</t>
    </s>
    <s>
        <t c="Edinborg">Edinborg</t>
        <t c=".">.</t>
    </s>
    <s>
        <t c="Jóla-Vín">Ólivín</t>
        <t c="og">og</t>
        <t c="Vindlar">Vindlar</t>
        <t c="Fjölbreitt">Fjölbreytt</t>
        <t c="úrval">úrval</t>
        <t c="—">—</t>
        <t c="Beztar">Bestar</t>
        <t c="vörur">vörur</t>
        <t c="10%">10%</t>
        <t c="afsláttur">afsláttur</t>
        <t c="á">á</t>
        <t c="öllu">öllu</t>
        <t c="til">til</t>
        <t c="jóla">jóla</t>
        <t c=".">.</t>
    </s>
    <s>
        <t c="Verzl.">Verst</t>
    </s>
    <s>
        <t c="B.">B.</t>
        <t c="H.">H.</t>
        <t c="Bjarnasonar">Bjarnasonar</t>
        <t c=".">.</t>
    </s>
    <s>
        <t c="Nú">Nú</t>
        <t c="eru">eru</t>
        <t c="jólin">jólin</t>
        <t c="bráðum">bráðum</t>
        <t c="komin">komin</t>
        <t c=",">,</t>
        <t c="og">og</t>
        <t c="því">því</t>
        <t c="er">er</t>
        <t c="bráðnauðsynlegt">bráðnauðsynlegt</t>
        <t c="að">að</t>
        <t c="draga">draga</t>
        <t c="ekki">ekki</t>
        <t c="að">að</t>
        <t c="kaupa">kaupa</t>
        <t c="jólagjafirnar">jólagjafirnar</t>
        <t c=",">,</t>
        <t c="meðan">meðan</t>
        <t c="ennþá">enn þá</t>
        <t c="er">er</t>
        <t c="hægt">hægt</t>
        <t c="að">að</t>
        <t c="fá">fá</t>
        <t c="þær">þær</t>
        <t c=".">.</t>
    </s>
    <s>
        <t c="Hjá">Hjá</t>
        <t c="Árna">Árna</t>
        <t c="Eiríkssyni">Eiríkssyni</t>
        <t c=",">,</t>
        <t c="Austurstræti">Austurstræti</t>
        <t c="6">6</t>
        <t c=",">,</t>
        <t c="fást">fást</t>
        <t c="mjög">mjög</t>
        <t c="hentugar">hentugar</t>
        <t c="jólagjafir">jólagjafir</t>
        <t c="fyrir">fyrir</t>
        <t c="alla">alla</t>
        <t c=".">.</t>
    </s>
    <s>
        <t c="Komið">Komið</t>
        <t c="í">í</t>
        <t c="tíma">tíma</t>
        <t c="meðan">meðan</t>
        <t c="ennþá">enn þá</t>
        <t c="er">er</t>
        <t c="eitthvað">eitthvað</t>
        <t c="eftir">eftir</t>
        <t c=".">.</t>
    </s>
    <s>
        <t c="Pantið">Pantið</t>
        <t c="sjálfir">sjálfir</t>
        <t c="vefnaðarvöru">vefnaðarvöru</t>
        <t c="yðar">yðar</t>
        <t c="beina">beina</t>
        <t c="leið">leið</t>
        <t c="frá">frá</t>
        <t c="verksmiðjunni">verksmiðjunni</t>
        <t c=".">.</t>
    </s>
    <s>
        <t c="Mikill">Mikill</t>
        <t c="sparnaður">sparnaður</t>
        <t c=".">.</t>
    </s>
    <s>
        <t c="Allir">Allir</t>
        <t c="geta">geta</t>
        <t c="fengið">fengið</t>
        <t c="sent">sent</t>
        <t c="burðargjaldslaust">burðargjaldslaust</t>
        <t c="gegn">gegn</t>
        <t c="eftirkröfn">eftirnöfn</t>
        <t c="4">4</t>
        <t c="mtr.">mtr.</t>
        <t c="af">af</t>
        <t c="130">130</t>
        <t c="ctm.">ctm.</t>
        <t c="breiðu">breiðu</t>
        <t c="svörtu">svörtu</t>
        <t c=",">,</t>
        <t c="bláu">bláu</t>
        <t c=",">,</t>
        <t c="brúnu">brúnu</t>
        <t c="eða">eða</t>
        <t c="gráu">gráu</t>
        <t c="vel">vel</t>
        <t c="lituðu">lituðu</t>
        <t c="klæði">klæði</t>
        <t c="úr">úr</t>
        <t c="fallegri">fallegri</t>
        <t c="ull">ull</t>
        <t c="í">í</t>
        <t c="prýðilegan">prýðilegan</t>
        <t c="haldgóðan">haldgóðan</t>
        <t c="sparikjól">sparikjól</t>
        <t c=",">,</t>
        <t c="eða">eða</t>
        <t c="sjaldhafnarföt">sjaldhafnarföt</t>
        <t c="fyrir">fyrir</t>
        <t c="einar">einar</t>
        <t c="10">10</t>
        <t c="kr.">kr.</t>
        <t c="—">—</t>
        <t c="1">1</t>
        <t c="mtr.">mtr.</t>
        <t c="á">á</t>
        <t c="2,50">2,50</t>
        <t c=".">.</t>
    </s>
    <s>
        <t c="Eða">Eða</t>
        <t c="3">3</t>
        <t c="¼">¼</t>
        <t c="mtr.">mtr.</t>
        <t c="af">af</t>
        <t c="135">135</t>
        <t c="ctm.">ctm.</t>
        <t c="breiðu">breiðu</t>
        <t c="svörtu">svörtu</t>
        <t c=",">,</t>
        <t c="dimmbláu">dimmbláu</t>
        <t c="eða">eða</t>
        <t c="gráleitu">gráleitu</t>
        <t c="nýtísku-fataefni">nýtísku-fataefni</t>
        <t c="í">í</t>
        <t c="haldgóðan">haldgóðan</t>
        <t c="og">og</t>
        <t c="fallegan">fallegan</t>
        <t c="karlmannafatnað">karlmannafatnað</t>
        <t c="fyrir">fyrir</t>
        <t c="einar">einar</t>
        <t c="14">14</t>
        <t c="kr.">kr.</t>
        <t c="50">50</t>
        <t c="au.">au.</t>
    </s>
    <s>
        <t c="Ef">Ef</t>
        <t c="vörurnar">vörurnar</t>
        <t c="líka">líka</t>
        <t c="ekki">ekki</t>
        <t c="verður">verður</t>
        <t c="tekið">tekið</t>
        <t c="við">við</t>
        <t c="þeim">þeim</t>
        <t c=".">.</t>
    </s>
    <s>
        <t c="Aarhus">Aarhus</t>
        <t c="Klædevæveri">Klædevæveri</t>
        <t c=",">,</t>
        <t c="Aarhus">Aarhus</t>
        <t c=",">,</t>
        <t c="Danmark">Danmark</t>
        <t c=".">.</t>
    </s>
    <s>
        <t c="Ef">Ef</t>
        <t c="þjer">þér</t>
        <t c="verslið">verslið</t>
        <t c="fyrir">fyrir</t>
        <t c="1-23">1-23</t>
        <t c="kr.">kr.</t>
    </s>
    <s>
        <t c="í">í</t>
        <t c="vefnaðarvöruverslun">vefnaðarvöruverslun</t>
        <t c="Th.">Th.</t>
        <t c="Thorsteinsson">Thorsteinsson</t>
        <t c=",">,</t>
        <t c="vínkjallaranum">vínkjallaranum</t>
        <t c="í">í</t>
        <t c="Ingólfshvoli">Ingólfshvoli</t>
        <t c="eða">eða</t>
        <t c="klæðaversluninni">klæðaversluninni</t>
        <t c="í">í</t>
        <t c="Hafnarstræti">Hafnarstræti</t>
        <t c=",">,</t>
        <t c="eigið">eigið</t>
        <t c="þér">þér</t>
        <t c="kost">kost</t>
        <t c="á">á</t>
        <t c="að">að</t>
        <t c="eignast">eignast</t>
        <t c="50-100">50-100</t>
        <t c="kr.">kr.</t>
    </s>
    <s>
        <t c="Jólagjöf">Jólagjöf</t>
        <t c=".">.</t>
    </s>
    <s>
        <t c="Föstudagskvöldið">Föstudagskvöldið</t>
        <t c="verður">verður</t>
        <t c="vínkjallarinn">vínkjallarinn</t>
        <t c="opinn">opinn</t>
        <t c="til">til</t>
        <t c="kl.">kl.</t>
        <t c="11">11</t>
        <t c=".">.</t>
    </s>
    <s>
        <t c="KAUPIÐ">KAUPIÐ</t>
        <t c="JÓLAGJAFIR">JÓLAGJAFIR</t>
        <t c="HJÁ">HJÁ</t>
        <t c="PJETRI">PJETRI</t>
        <t c="HJALTESTED">HJALTESTED</t>
        <t c=".">.</t>
    </s>
    <s>
        <t c="þingmannakosnu">þingmannakosnu</t>
        <t c="nefndarmönnum">nefndarmönnum</t>
        <t c=".">.</t>
    </s>
    <s>
        <t c="Sennilega">Sennilega</t>
        <t c="verður">verður</t>
        <t c="spurst">spurst</t>
        <t c="fyrir">fyrir</t>
        <t c="um">um</t>
        <t c="hvort">hvort</t>
        <t c="hinir">hinir</t>
        <t c="fyr">fyrr</t>
        <t c="kosnu">kosnu</t>
        <t c="nefndarmenn">nefndarmenn</t>
        <t c="geta">geta</t>
        <t c="fallist">fallist</t>
        <t c="á">á</t>
        <t c="þessa">þessa</t>
        <t c="nefndaraukningu">nefndaraukningu</t>
        <t c=",">,</t>
        <t c="áður">áður</t>
        <t c="en">en</t>
        <t c="aftur">aftur</t>
        <t c="verður">verður</t>
        <t c="kosið">kosið</t>
        <t c=",">,</t>
        <t c="vilji">vilji</t>
        <t c="þeir">þeir</t>
        <t c="ekki">ekki</t>
        <t c="enn">enn</t>
        <t c="taka">taka</t>
        <t c="við">við</t>
        <t c="þessum">þessum</t>
        <t c="mönnum">mönnum</t>
        <t c=",">,</t>
        <t c="er">er</t>
        <t c="málið">málið</t>
        <t c="komið">komið</t>
        <t c="í">í</t>
        <t c="óvænt">óvænt</t>
        <t c="efni">efni</t>
        <t c=".">.</t>
    </s>
    <s>
        <t c="Jólabók">Jólabók</t>
        <t c="senda">senda</t>
        <t c="sunnudagaskólabörn">sunnudagaskólann</t>
        <t c="dönsk">dönsk</t>
        <t c="íslenskum">íslenskum</t>
        <t c="börnum">börnum</t>
        <t c="eins">eins</t>
        <t c="og">og</t>
        <t c="í">í</t>
        <t c="fyrra">fyrra</t>
        <t c=".">.</t>
    </s>
    <s>
        <t c="„">„</t>
        <t c="Fingralangur">Fingralangur</t>
        <t c="“">“</t>
        <t c="kvað">kvað</t>
        <t c="sækja">sækja</t>
        <t c="um">um</t>
        <t c="heilbrigðisfulltrúastarfið">heilbrigðisfulltrúastarfið</t>
        <t c=".">.</t>
    </s>
    <s>
        <t c="(">(</t>
        <t c="Fjallk.">Fjallk.</t>
        <t c=")">)</t>
    </s>
    <s>
        <t c="Utan">Utan</t>
        <t c="af">af</t>
        <t c="landi">landi</t>
        <t c=".">.</t>
    </s>
    <s>
        <t c="Hvarf">Hvarf</t>
        <t c=".">.</t>
    </s>
    <s>
        <t c="Kona">Kona</t>
        <t c="hvarf">hvarf</t>
        <t c="um">um</t>
        <t c="helgina">helgina</t>
        <t c="frá">frá</t>
        <t c="Kálfhaga">Kálfhaga</t>
        <t c="í">í</t>
        <t c="Kallaðarneshverfi">Kallaðarneshverfi</t>
        <t c="í">í</t>
        <t c="Árnessýslu">Árnessýslu</t>
        <t c=".">.</t>
    </s>
    <s>
        <t c="Hafði">Hafði</t>
        <t c="lengi">lengi</t>
        <t c="verið">verið</t>
        <t c="veik">veik</t>
        <t c="á">á</t>
        <t c="geðsmununum">geðsmununum</t>
        <t c=".">.</t>
    </s>
    <s>
        <t c="Hún">Hún</t>
        <t c="fór">fór</t>
        <t c="um">um</t>
        <t c="miðja">miðja</t>
        <t c="nótt">nótt</t>
        <t c=",">,</t>
        <t c="að">að</t>
        <t c="öllum">öllum</t>
        <t c="sofandi">sofandi</t>
        <t c=".">.</t>
    </s>
    <s>
        <t c="Peningakassa">Peningakassa</t>
        <t c="eldfasta">eldfasta</t>
        <t c="þjófhelda">þjófhelda</t>
        <t c="útvegar">útvegar</t>
        <t c="Einar">Einar</t>
        <t c="Gunnarsson">Gunnarsson</t>
        <t c=",">,</t>
        <t c="Pósthússt">Pósthúss</t>
        <t c=".">.</t>
    </s>
    <s>
        <t c="14">14</t>
        <t c="B.">B.</t>
    </s>
    <s>
        <t c="Afgreiðsla">Afgreiðsla</t>
        <t c="Víſis">Víðs</t>
        <t c="útvegar">útvegar</t>
        <t c="með">með</t>
        <t c="verksmiðjuverði">verksmiðjuverði</t>
        <t c="Nákvæm">Nákvæm</t>
        <t c="+">+</t>
        <t c="traust">traust</t>
        <t c="+">+</t>
        <t c="ódýr">ódýr</t>
        <t c="=">=</t>
        <t c="ómissandi">ómissandi</t>
    </s>
    <s>
        <t c="Arnar">Arnar</t>
        <t c="—">—</t>
        <t c="vals">vals</t>
        <t c="—">—</t>
        <t c="smirils">smyrils</t>
        <t c="—">—</t>
        <t c="hrafns">hrafns</t>
        <t c="—">—</t>
        <t c="sandlóu">sandlóu</t>
        <t c="—">—</t>
        <t c="skúms">skúms</t>
        <t c="—">—</t>
        <t c="skrofu">skrofu</t>
        <t c="—">—</t>
        <t c="rjúpu">rjúpu</t>
        <t c="—">—</t>
        <t c="þórshana">þórshana</t>
        <t c="—">—</t>
        <t c="hrossagauks">hrossagauks</t>
        <t c="—">—</t>
        <t c="sendlings">sendlings</t>
        <t c="—">—</t>
        <t c="álku">álku</t>
        <t c="—">—</t>
        <t c="teistu">teistu</t>
        <t c="—">—</t>
        <t c="og">og</t>
        <t c="ýms">ýmis</t>
        <t c="fleiri">fleiri</t>
        <t c=",">,</t>
        <t c="ný">ný</t>
        <t c="og">og</t>
        <t c="óskemd">óskemmd</t>
        <t c=",">,</t>
        <t c="kaupir">kaupir</t>
        <t c="Einar">Einar</t>
        <t c="Gunnarsson">Gunnarsson</t>
        <t c=",">,</t>
        <t c="Pósthússtræti">Pósthússtræti</t>
        <t c="14">14</t>
        <t c="B.">B.</t>
    </s>
    <s>
        <t c="HÚSALEIGUSAMNINGA-">HÚSALEIGUSAMNINGA-</t>
        <t c="OG">OG</t>
        <t c="REIKNINGA">REIKNINGA</t>
        <t c="EYÐUBLÖÐ">EYÐUBLÖÐ</t>
        <t c="selur">selur</t>
        <t c="D.">D.</t>
        <t c="ÖSTLUND">ÖSTLUND</t>
        <t c=".">.</t>
    </s>
    <s>
        <t c="Matseðill">Matseðill</t>
        <t c="„">„</t>
        <t c="Kaupangs">Kaupangs</t>
        <t c="“">“</t>
        <t c=".">.</t>
    </s>
    <s>
        <t c="Norðlenskt">Norðlenskt</t>
        <t c="saltkjöt">saltkjöt</t>
        <t c=".">.</t>
    </s>
    <s>
        <t c="Baldwins">Baldvins</t>
        <t c="epli">epli</t>
        <t c=".">.</t>
    </s>
    <s>
        <t c="Norðlensk">Norðlensk</t>
        <t c="svið">svið</t>
        <t c=".">.</t>
    </s>
    <s>
        <t c="Appelsínur">Appelsínur</t>
        <t c=".">.</t>
    </s>
    <s>
        <t c="Norðlenskt">Norðlenskt</t>
        <t c="slátur">slátur</t>
        <t c=".">.</t>
    </s>
    <s>
        <t c="Vínber">Vínber</t>
        <t c=".">.</t>
    </s>
    <s>
        <t c="HANGIKJÖT">HANGIKJÖT</t>
        <t c=".">.</t>
    </s>
    <s>
        <t c="Alt">Allt</t>
        <t c="fyrirtak">fyrirtak</t>
        <t c="að">að</t>
        <t c="gæðum">gæðum</t>
        <t c="og">og</t>
        <t c="verði">verði</t>
        <t c="Verslunin">Verslunin</t>
        <t c="„">„</t>
        <t c="KAUPANGUR">KAUPANGUR</t>
        <t c="“">“</t>
        <t c=".">.</t>
    </s>
    <s>
        <t c="SkEmTiLeGuStU">skemmtilegustu</t>
        <t c="JóLaGjAfIrNaR">JóLaGjAfIrNaR</t>
        <t c="eru">eru</t>
        <t c="íslensku">íslensku</t>
        <t c="rúmsjármyndirnar">smásjármyndirnar</t>
        <t c="hans">hans</t>
        <t c="Magnúsar">Magnúsar</t>
        <t c="Ólafssonar">Ólafssonar</t>
        <t c="og">og</t>
        <t c="Jóns">Jóns</t>
        <t c="Sigurðssonar">Sigurðssonar</t>
        <t c="myndin">myndin</t>
        <t c=".">.</t>
    </s>
    <s>
        <t c="—">—</t>
        <t c="Þeir">Þeir</t>
        <t c=",">,</t>
        <t c="sem">sem</t>
        <t c="sýna">sýna</t>
        <t c="þessa">þessa</t>
        <t c="auglýsingu">auglýsingu</t>
        <t c="um">um</t>
        <t c="leið">leið</t>
        <t c="og">og</t>
        <t c="þeir">þeir</t>
        <t c="kaupa">kaupa</t>
        <t c=",">,</t>
        <t c="fá">fá</t>
        <t c="20%">20%</t>
        <t c="afslátt">afslátt</t>
        <t c=".">.</t>
    </s>
    <s>
        <t c="Verzlunin">Verslunin</t>
        <t c="„">„</t>
        <t c="Kaupangur">Kaupangur</t>
        <t c="“">“</t>
    </s>
    <s>
        <t c="er">er</t>
        <t c="ávalt">ávalt</t>
        <t c="byrg">byrg</t>
        <t c="af">af</t>
        <t c="alskonar">allskonar</t>
        <t c="nauðsynjavörum">nauðsynjavörum</t>
        <t c=",">,</t>
        <t c="er">er</t>
        <t c="seljast">seljast</t>
        <t c="með">með</t>
        <t c="sanngjörnu">sanngjörnu</t>
        <t c="verði">verði</t>
        <t c=".">.</t>
    </s>
    <s>
        <t c="Kaupið">Kaupið</t>
        <t c="þar">þar</t>
        <t c="til">til</t>
        <t c="Jólanna">Jólanna</t>
        <t c=".">.</t>
    </s>
    <s>
        <t c="Kaupmenn">Kaupmenn</t>
        <t c="og">og</t>
        <t c="verzlunarfjelög">verslunarfélög</t>
        <t c="njóta">njóta</t>
        <t c="hagkvæmra">hagkvæmra</t>
        <t c="viðskipta">viðskipta</t>
        <t c="hjá">hjá</t>
        <t c="G.">G.</t>
        <t c="Gíslason">Gíslason</t>
        <t c="&amp;">&amp;</t>
        <t c="Hay">Hay</t>
        <t c="Leith">Leith</t>
        <t c="og">og</t>
        <t c="Reykjavík">Reykjavík</t>
        <t c=".">.</t>
    </s>
    <s>
        <t c="Þjóðsöngur">Þjóðsöngur</t>
        <t c="Frakka">Frakka</t>
        <t c=",">,</t>
        <t c="lagið">lagið</t>
        <t c="við">við</t>
        <t c="Íslendingabrag">Íslendingadag</t>
        <t c=".">.</t>
    </s>
</document>
