<?xml version="1.0" ?>
<document>
    <s>
        <t c="Kemur">Kemur</t>
        <t c="út">út</t>
        <t c="á">á</t>
        <t c="miðvikudögum">miðvikudögum</t>
        <t c="og">og</t>
        <t c="laugardögum">laugardögum</t>
        <t c=".">.</t>
    </s>
    <s>
        <t c="Verð">Verð</t>
        <t c="árgangsins">árgangsins</t>
        <t c="(">(</t>
        <t c="104">104</t>
        <t c="arka">arka</t>
        <t c=")">)</t>
        <t c="4">4</t>
        <t c="kr.">kr.</t>
        <t c=";">;</t>
        <t c="erlendis">erlendis</t>
        <t c="5">5</t>
        <t c="kr.">kr.</t>
    </s>
    <s>
        <t c="Borgist">Borgist</t>
        <t c="fyrir">fyrir</t>
        <t c="miðjan">miðjan</t>
        <t c="júlímánuð">júlímánuð</t>
        <t c=".">.</t>
    </s>
    <s>
        <t c="ÍSAFOLD">ÍSAFOLD</t>
        <t c=".">.</t>
    </s>
    <s>
        <t c="Uppsögn">Uppsögn</t>
        <t c="(">(</t>
        <t c="skrifleg">skrifleg</t>
        <t c=")">)</t>
        <t c="bundin">bundin</t>
        <t c="við">við</t>
        <t c="áramót">áramót</t>
        <t c=",">,</t>
        <t c="ógild">ógild</t>
        <t c="nema">nema</t>
        <t c="komin">komin</t>
        <t c="sje">sé</t>
        <t c="til">til</t>
        <t c="útgefanda">útgefanda</t>
        <t c="fyrir">fyrir</t>
        <t c="1.">1.</t>
        <t c="okt.">okt.</t>
    </s>
    <s>
        <t c="Afgreiðslust.">Afgreiðslust.</t>
        <t c="í">í</t>
        <t c="Austurstræti">Austurstræti</t>
        <t c="8">8</t>
        <t c=".">.</t>
    </s>
    <s>
        <t c="XVI">EI</t>
        <t c="104">104</t>
        <t c=".">.</t>
    </s>
    <s>
        <t c="Reykjavík">Reykjavík</t>
        <t c=",">,</t>
        <t c="laugardaginn">laugardaginn</t>
        <t c="28.">28.</t>
        <t c="des.">des.</t>
    </s>
    <s>
        <t c="1889">1889</t>
    </s>
    <s>
        <t c="Vaxtabreytinga">Taxtabreytinga</t>
        <t c="landsbankans">landsbankans</t>
        <t c=".">.</t>
    </s>
    <s>
        <t c="Þjer">Þér</t>
        <t c="hafið">hafið</t>
        <t c=",">,</t>
        <t c="herra">herra</t>
        <t c="ritstjóri">ritstjóri</t>
        <t c=",">,</t>
        <t c="tekið">tekið</t>
        <t c="landsbankanum">landsbankanum</t>
        <t c="það">það</t>
        <t c="fremur">fremur</t>
        <t c="illa">illa</t>
        <t c="upp">upp</t>
        <t c="í">í</t>
        <t c="blaði">blaði</t>
        <t c="yðar">yðar</t>
        <t c="14.">14.</t>
        <t c="þ.">þ.</t>
    </s>
    <s>
        <t c="m.">m.</t>
        <t c=",">,</t>
        <t c="að">að</t>
        <t c="hann">hann</t>
        <t c="færði">færði</t>
        <t c="niður">niður</t>
        <t c="innlánsvexti">innlánsvexti</t>
        <t c="sparisjóðsdeildar">sparisjóðsdeildar</t>
        <t c="sinnar">sinnar</t>
        <t c=",">,</t>
        <t c="um">um</t>
        <t c="leið">leið</t>
        <t c="og">og</t>
        <t c="hann">hann</t>
        <t c="lækkaði">lækkaði</t>
        <t c="útlánsvextina">útlánsvextina</t>
        <t c=";">;</t>
        <t c="og">og</t>
        <t c="þjer">þér</t>
        <t c="gefið">gefið</t>
        <t c="í">í</t>
        <t c="skyn">skyn</t>
        <t c=",">,</t>
        <t c="að">að</t>
        <t c="bankinn">bankinn</t>
        <t c="hefði">hefði</t>
        <t c="vel">vel</t>
        <t c="getað">getað</t>
        <t c="staðið">staðið</t>
        <t c="sig">sig</t>
        <t c="við">við</t>
        <t c=",">,</t>
        <t c="að">að</t>
        <t c="halda">halda</t>
        <t c="innlánsvöxtunum">innlánsvöxtunum</t>
        <t c="óbreyttum">óbreyttum</t>
        <t c=",">,</t>
        <t c="jafnvel">jafnvel</t>
        <t c="þótt">þótt</t>
        <t c="hann">hann</t>
        <t c="hefði">hefði</t>
        <t c="lækkað">lækkað</t>
        <t c="útlánsvextina">útlánsvextina</t>
        <t c=".">.</t>
    </s>
    <s>
        <t c="Af">Af</t>
        <t c="því">því</t>
        <t c="þetta">þetta</t>
        <t c="er">er</t>
        <t c="mál">mál</t>
        <t c=",">,</t>
        <t c="sem">sem</t>
        <t c="almenning">almenning</t>
        <t c="varðar">varðar</t>
        <t c=",">,</t>
        <t c="álít">álít</t>
        <t c="jeg">ég</t>
        <t c="gott">gott</t>
        <t c=",">,</t>
        <t c="að">að</t>
        <t c="blað">blað</t>
        <t c="yðar">yðar</t>
        <t c="gefi">gefi</t>
        <t c="mönnum">mönnum</t>
        <t c="eining">eining</t>
        <t c="færi">færi</t>
        <t c="á">á</t>
        <t c="því">því</t>
        <t c=",">,</t>
        <t c="að">að</t>
        <t c="skoða">skoða</t>
        <t c="það">það</t>
        <t c="einnig">einnig</t>
        <t c="frá">frá</t>
        <t c="sjónarmiði">sjónarmiði</t>
        <t c="landsbankans">landsbankans</t>
        <t c=".">.</t>
    </s>
    <s>
        <t c="Eptir">Eftir</t>
        <t c="síðasta">síðasta</t>
        <t c="ársfjórðungs-ágripi">ársfjórðungs-ágripi</t>
        <t c="af">af</t>
        <t c="reikningi">reikningi</t>
        <t c="landsbankans">landsbankans</t>
        <t c="hafa">hafa</t>
        <t c="innlög">innlög</t>
        <t c="samlagsmanna">samlagsmanna</t>
        <t c="verið">verið</t>
        <t c="orðin">orðin</t>
        <t c="í">í</t>
        <t c="septembermán.lok">septembermánuð</t>
        <t c="þ.">þ.</t>
        <t c="á">á</t>
        <t c=".">.</t>
    </s>
    <s>
        <t c="430">430</t>
        <t c="þús.">þús.</t>
    </s>
    <s>
        <t c="kr.">kr.</t>
    </s>
    <s>
        <t c="Gæfi">Gæfi</t>
        <t c="nú">nú</t>
        <t c="sparisjóðsdeildin">sparisjóðsdeildin</t>
        <t c="framvegis">framvegis</t>
        <t c="3,6%">3,6%</t>
        <t c=",">,</t>
        <t c="yrðu">yrðu</t>
        <t c="ársvextirnir">ávextirnir</t>
        <t c="af">af</t>
        <t c="þessari">þessari</t>
        <t c="upphæð">upphæð</t>
        <t c="nál.">nál.</t>
        <t c="15,500">15,500</t>
        <t c="kr.">kr.</t>
        <t c=",">,</t>
        <t c="sem">sem</t>
        <t c="sparisjóðsdeildin">sparisjóðsdeildin</t>
        <t c="þyrfti">þyrfti</t>
        <t c="að">að</t>
        <t c="svara">svara</t>
        <t c="út">út</t>
        <t c=".">.</t>
    </s>
    <s>
        <t c="Gæti">Gæti</t>
        <t c="maður">maður</t>
        <t c="nú">nú</t>
        <t c="þess">þess</t>
        <t c=",">,</t>
        <t c="að">að</t>
        <t c="sparisjóðsdeildin">sparisjóðsdeildin</t>
        <t c="má">má</t>
        <t c="ætíð">ætíð</t>
        <t c="til">til</t>
        <t c="að">að</t>
        <t c="liggja">liggja</t>
        <t c="með">með</t>
        <t c="vaxtalaust">vaxtalaust</t>
        <t c="talsvert">talsvert</t>
        <t c="mikið">mikið</t>
        <t c="fje">fé</t>
        <t c=",">,</t>
        <t c="einkum">einkum</t>
        <t c="að">að</t>
        <t c="vetrinum">vetrinum</t>
        <t c="til">til</t>
        <t c=",">,</t>
        <t c="þegar">þegar</t>
        <t c="minnst">minnst</t>
        <t c="eptirsókn">eftirsókn</t>
        <t c="er">er</t>
        <t c="eptir">eftir</t>
        <t c="peningum">peningum</t>
        <t c=",">,</t>
        <t c="og">og</t>
        <t c="þegar">þegar</t>
        <t c="einmitt">einmitt</t>
        <t c="safnast">safnast</t>
        <t c="mest">mest</t>
        <t c="innlögð">innlögð</t>
        <t c="sjóðinn">sjóðinn</t>
        <t c=",">,</t>
        <t c="má">má</t>
        <t c="búast">búast</t>
        <t c="við">við</t>
        <t c=",">,</t>
        <t c="að">að</t>
        <t c="sú">sú</t>
        <t c="upphæð">upphæð</t>
        <t c="hljóti">hljóti</t>
        <t c="að">að</t>
        <t c="jafnaði">jafnaði</t>
        <t c="að">að</t>
        <t c="nema">nema</t>
        <t c="um">um</t>
        <t c="50">50</t>
        <t c="þús.">þús.</t>
        <t c="kr.">kr.</t>
        <t c="meira">meira</t>
        <t c="að">að</t>
        <t c="vetrinum">vetrinum</t>
        <t c="til">til</t>
        <t c="en">en</t>
        <t c="minna">minna</t>
        <t c="að">að</t>
        <t c="sumrinu">sumrinu</t>
        <t c=".">.</t>
    </s>
    <s>
        <t c="Eptir">Eftir</t>
        <t c="þessu">þessu</t>
        <t c="væru">væru</t>
        <t c="það">það</t>
        <t c="um">um</t>
        <t c="380">380</t>
        <t c="þús.">þús.</t>
    </s>
    <s>
        <t c="kr.">kr.</t>
        <t c=",">,</t>
        <t c="sem">sem</t>
        <t c="sparisjóðsdeildin">sparisjóðsdeildin</t>
        <t c="mætti">mætti</t>
        <t c="reikna">reikna</t>
        <t c="sjer">sér</t>
        <t c="að">að</t>
        <t c="geta">geta</t>
        <t c="haft">haft</t>
        <t c="á">á</t>
        <t c="vöxtum">vöxtum</t>
        <t c=";">;</t>
        <t c="þar">þar</t>
        <t c="af">af</t>
        <t c="350">350</t>
        <t c="þús.">þús.</t>
        <t c="með">með</t>
        <t c="4">4</t>
        <t c="1/3%">1/3%</t>
        <t c=",">,</t>
        <t c="sem">sem</t>
        <t c="gæfi">gæfi</t>
        <t c="nál.">nál.</t>
        <t c="15,200">15,200</t>
        <t c=",">,</t>
        <t c="en">en</t>
        <t c="30">30</t>
        <t c="þús.">þús.</t>
        <t c="í">í</t>
        <t c="kgl.">kgl.</t>
    </s>
    <s>
        <t c="ríkisskuldabrjefum">ríkisskuldabréfum</t>
        <t c=",">,</t>
        <t c="því">því</t>
        <t c="óvarlegt">óvarlegt</t>
        <t c="er">er</t>
        <t c=",">,</t>
        <t c="að">að</t>
        <t c="hafa">hafa</t>
        <t c="ekkert">ekkert</t>
        <t c="í">í</t>
        <t c="handbærum">handbærum</t>
        <t c="verðbrjefum">verðbréfum</t>
        <t c=",">,</t>
        <t c="og">og</t>
        <t c="gæfi">gæfi</t>
        <t c="í">í</t>
        <t c="vöxtu">vöxtu</t>
        <t c="um">um</t>
        <t c="1000">1000</t>
        <t c="kr.">kr.</t>
        <t c="eða">eða</t>
        <t c="tekjur">tekjur</t>
        <t c="samtals">samtals</t>
        <t c="16,200kr">16,200kr</t>
        <t c=".">.</t>
    </s>
    <s>
        <t c="Þyrfti">Þyrfti</t>
        <t c="sparisjóðsdeildin">sparisjóðsdeildin</t>
        <t c="að">að</t>
        <t c="svara">svara</t>
        <t c=",">,</t>
        <t c="eins">eins</t>
        <t c="og">og</t>
        <t c="jeg">ég</t>
        <t c="sýndi">sýndi</t>
        <t c="fram">fram</t>
        <t c="á">á</t>
        <t c="að">að</t>
        <t c="ofan">ofan</t>
        <t c="15,500">15,500</t>
        <t c="kr.">kr.</t>
        <t c=",">,</t>
        <t c="yrði">yrði</t>
        <t c="árstekjur">árstekjur</t>
        <t c="sparisjóðsdeildarinnar">sparisjóðsdeildarinnar</t>
        <t c="nál.">nál.</t>
        <t c="700">700</t>
        <t c="kr.">kr.</t>
    </s>
    <s>
        <t c="Það">Það</t>
        <t c="liggur">liggur</t>
        <t c="nú">nú</t>
        <t c="í">í</t>
        <t c="augum">augum</t>
        <t c="uppi">uppi</t>
        <t c=",">,</t>
        <t c="hversu">hversu</t>
        <t c="glæfralegt">glæfralegt</t>
        <t c="það">það</t>
        <t c="væri">væri</t>
        <t c=",">,</t>
        <t c="að">að</t>
        <t c="stjórna">stjórna</t>
        <t c="sparisjóðsdeildinni">sparisjóðsdeildinni</t>
        <t c="svo">svo</t>
        <t c=",">,</t>
        <t c="að">að</t>
        <t c="hún">hún</t>
        <t c="hefði">hefði</t>
        <t c="einar">einar</t>
        <t c="700">700</t>
        <t c="kr.">kr.</t>
        <t c="á">á</t>
        <t c="ári">ári</t>
        <t c="úr">úr</t>
        <t c="að">að</t>
        <t c="spila">spila</t>
        <t c="fyrir">fyrir</t>
        <t c="öllum">öllum</t>
        <t c="vanhöldum">vanhöldum</t>
        <t c=",">,</t>
        <t c="sem">sem</t>
        <t c="gætu">gætu</t>
        <t c="orðið">orðið</t>
        <t c="á">á</t>
        <t c="350">350</t>
        <t c="þús.">þús.</t>
        <t c="kr.">kr.</t>
        <t c="í">í</t>
        <t c="útlánum">útlánum</t>
        <t c=",">,</t>
        <t c="og">og</t>
        <t c="yfir">yfir</t>
        <t c="höfuð">höfuð</t>
        <t c="fyrir">fyrir</t>
        <t c="öllum">öllum</t>
        <t c="árlegum">árlegum</t>
        <t c="útgjöldum">útgjöldum</t>
        <t c="sínum">sínum</t>
        <t c=";">;</t>
        <t c="og">og</t>
        <t c="það">það</t>
        <t c="jafnvel">jafnvel</t>
        <t c="þótt">þótt</t>
        <t c="bankinn">bankinn</t>
        <t c="stjórnaði">stjórnaði</t>
        <t c="sparisjóðsdeildinni">sparisjóðsdeildinni</t>
        <t c="að">að</t>
        <t c="öllu">öllu</t>
        <t c="leyti">leyti</t>
        <t c="fyrir">fyrir</t>
        <t c="ekki">ekki</t>
        <t c="neitt">neitt</t>
        <t c=",">,</t>
        <t c="eins">eins</t>
        <t c="og">og</t>
        <t c="hann">hann</t>
        <t c="gerir">gerir</t>
        <t c="nú">nú</t>
        <t c=".">.</t>
    </s>
    <s>
        <t c="Hugsum">Hugsum</t>
        <t c="oss">oss</t>
        <t c="þann">þann</t>
        <t c="sparisjóð">sparisjóð</t>
        <t c="aðgreindan">aðgreindan</t>
        <t c="frá">frá</t>
        <t c="bankanum">bankanum</t>
        <t c=",">,</t>
        <t c="sem">sem</t>
        <t c="hefði">hefði</t>
        <t c="að">að</t>
        <t c="ábyrgjast">ábyrgjast</t>
        <t c="fyrir">fyrir</t>
        <t c="menn">menn</t>
        <t c="og">og</t>
        <t c="annast">annast</t>
        <t c="430">430</t>
        <t c="þús.">þús.</t>
        <t c="kr.">kr.</t>
        <t c=",">,</t>
        <t c="en">en</t>
        <t c="hefði">hefði</t>
        <t c="í">í</t>
        <t c="árstekjur">árstekjur</t>
        <t c="einar">einar</t>
        <t c="700">700</t>
        <t c="kr.">kr.</t>
        <t c="til">til</t>
        <t c="að">að</t>
        <t c="stunda">stunda</t>
        <t c="fyrir">fyrir</t>
        <t c="öll">öll</t>
        <t c="sín">sín</t>
        <t c="störf">störf</t>
        <t c=",">,</t>
        <t c="og">og</t>
        <t c="geta">geta</t>
        <t c="staðið">staðið</t>
        <t c="tjón">tjón</t>
        <t c=",">,</t>
        <t c="sem">sem</t>
        <t c="upp">upp</t>
        <t c="á">á</t>
        <t c="kynni">kynni</t>
        <t c="að">að</t>
        <t c="koma">koma</t>
        <t c=".">.</t>
    </s>
    <s>
        <t c="Jeg">Ég</t>
        <t c="get">get</t>
        <t c="ekki">ekki</t>
        <t c="ímyndað">ímyndað</t>
        <t c="mjer">mér</t>
        <t c=",">,</t>
        <t c="að">að</t>
        <t c="nokkur">nokkur</t>
        <t c="maður">maður</t>
        <t c="þyrði">þyrði</t>
        <t c="að">að</t>
        <t c="eiga">eiga</t>
        <t c="sína">sína</t>
        <t c="peninga">peninga</t>
        <t c="hjá">hjá</t>
        <t c="slíkri">slíkri</t>
        <t c="stofnun">stofnun</t>
        <t c=".">.</t>
    </s>
    <s>
        <t c="En">En</t>
        <t c="vjer">vér</t>
        <t c="höfum">höfum</t>
        <t c="fullan">fullan</t>
        <t c="rjett">rétt</t>
        <t c="til">til</t>
        <t c="að">að</t>
        <t c="skoða">skoða</t>
        <t c="sparisjóðsdeild">sparisjóðsdeild</t>
        <t c="bankans">bankans</t>
        <t c="út">út</t>
        <t c="af">af</t>
        <t c="fyrir">fyrir</t>
        <t c="sig">sig</t>
        <t c=".">.</t>
    </s>
    <s>
        <t c="Það">Það</t>
        <t c="getur">getur</t>
        <t c="enginn">enginn</t>
        <t c="krafizt">krafist</t>
        <t c="þess">þess</t>
        <t c="með">með</t>
        <t c="sanngirni">sanngirni</t>
        <t c="af">af</t>
        <t c="landsbankanum">landsbankanum</t>
        <t c=",">,</t>
        <t c="að">að</t>
        <t c="hann">hann</t>
        <t c="reki">reki</t>
        <t c="þá">þá</t>
        <t c="iðn">iðn</t>
        <t c=",">,</t>
        <t c="sem">sem</t>
        <t c="er">er</t>
        <t c="svona">svona</t>
        <t c="glæfraleg">glæfraleg</t>
        <t c=",">,</t>
        <t c="og">og</t>
        <t c="sem">sem</t>
        <t c="hann">hann</t>
        <t c="hlýtur">hlýtur</t>
        <t c="að">að</t>
        <t c="búast">búast</t>
        <t c="við">við</t>
        <t c="að">að</t>
        <t c="muni">muni</t>
        <t c="taka">taka</t>
        <t c="úr">úr</t>
        <t c="hans">hans</t>
        <t c="vasa">vasa</t>
        <t c="fje">fé</t>
        <t c="þúsundum">þúsundum</t>
        <t c="saman">saman</t>
        <t c="hve">hve</t>
        <t c="nær">nær</t>
        <t c="sem">sem</t>
        <t c="vera">vera</t>
        <t c="skal">skal</t>
        <t c=".">.</t>
    </s>
    <s>
        <t c="Það">Það</t>
        <t c="getur">getur</t>
        <t c="heldur">heldur</t>
        <t c="aldrei">aldrei</t>
        <t c="verið">verið</t>
        <t c="meiningin">meiningin</t>
        <t c="með">með</t>
        <t c="stofnun">stofnun</t>
        <t c="bankans">bankans</t>
        <t c=",">,</t>
        <t c="að">að</t>
        <t c="taka">taka</t>
        <t c="á">á</t>
        <t c="sig">sig</t>
        <t c="slíka">slíka</t>
        <t c="ábyrgð">ábyrgð</t>
        <t c=".">.</t>
    </s>
    <s>
        <t c="Vjer">Vér</t>
        <t c="verðum">verðum</t>
        <t c="að">að</t>
        <t c="gera">gera</t>
        <t c="þá">þá</t>
        <t c="kröfu">kröfu</t>
        <t c="til">til</t>
        <t c="sjálfrar">sjálfrar</t>
        <t c="spari">spari</t>
        <t c="sjóndeildarinnar">sjóndeildarinnar</t>
        <t c=",">,</t>
        <t c="að">að</t>
        <t c="hún">hún</t>
        <t c="geti">geti</t>
        <t c="sjálf">sjálf</t>
        <t c="borið">borið</t>
        <t c="sig">sig</t>
        <t c=",">,</t>
        <t c="án">án</t>
        <t c="þess">þess</t>
        <t c="bankinn">bankinn</t>
        <t c=",">,</t>
        <t c="sem">sem</t>
        <t c="banki">banki</t>
        <t c=",">,</t>
        <t c="þurfi">þurfi</t>
        <t c="að">að</t>
        <t c="leggja">leggja</t>
        <t c="henni">henni</t>
        <t c="fje">fé</t>
        <t c="til">til</t>
        <t c="af">af</t>
        <t c="sínum">sínum</t>
        <t c="eigin">eigin</t>
        <t c=",">,</t>
        <t c="eða">eða</t>
        <t c="tefla">tefla</t>
        <t c="allt">allt</t>
        <t c="of">of</t>
        <t c="tvísýnt">tvísýnt</t>
        <t c=",">,</t>
        <t c="—">—</t>
        <t c="hversu">hversu</t>
        <t c="mikið">mikið</t>
        <t c="sem">sem</t>
        <t c="hann">hann</t>
        <t c="græddi">græddi</t>
        <t c="vegna">vegna</t>
        <t c="hlunninda">hlunninda</t>
        <t c="þeirra">þeirra</t>
        <t c=",">,</t>
        <t c="sem">sem</t>
        <t c="landssjóður">landssjóður</t>
        <t c="hefir">hefir</t>
        <t c="honum">honum</t>
        <t c="veitt">veitt</t>
        <t c=".">.</t>
    </s>
    <s>
        <t c="Það">Það</t>
        <t c="lítur">lítur</t>
        <t c="einnig">einnig</t>
        <t c="svo">svo</t>
        <t c="út">út</t>
        <t c=",">,</t>
        <t c="sem">sem</t>
        <t c="það">það</t>
        <t c="hafi">hafi</t>
        <t c="staðið">staðið</t>
        <t c="ljóst">ljóst</t>
        <t c="fyrir">fyrir</t>
        <t c="þinginu">þinginu</t>
        <t c=",">,</t>
        <t c="þegar">þegar</t>
        <t c="það">það</t>
        <t c="samdi">samdi</t>
        <t c="tillögur">tillögur</t>
        <t c="sínar">sínar</t>
        <t c="um">um</t>
        <t c="bankann">bankann</t>
        <t c="í">í</t>
        <t c="sumar">sumar</t>
        <t c=",">,</t>
        <t c="að">að</t>
        <t c="það">það</t>
        <t c="væri">væri</t>
        <t c="ekki">ekki</t>
        <t c="hollt">hollt</t>
        <t c="að">að</t>
        <t c="krefjast">krefjast</t>
        <t c="þess">þess</t>
        <t c="af">af</t>
        <t c="bankanum">bankanum</t>
        <t c=",">,</t>
        <t c="að">að</t>
        <t c="hafa">hafa</t>
        <t c="minni">minni</t>
        <t c="mun">mun</t>
        <t c="á">á</t>
        <t c="útláns-">útláns-</t>
        <t c="og">og</t>
        <t c="innlánsvöxtum">innlánsvöxtum</t>
        <t c="en">en</t>
        <t c="1%">1%</t>
        <t c=".">.</t>
    </s>
    <s>
        <t c="En">En</t>
        <t c="hitt">hitt</t>
        <t c="mun">mun</t>
        <t c="vera">vera</t>
        <t c="samkvæmt">samkvæmt</t>
        <t c="óskum">óskum</t>
        <t c="bæði">bæði</t>
        <t c="þings">þings</t>
        <t c="og">og</t>
        <t c="þjóðar">þjóðar</t>
        <t c=",">,</t>
        <t c="að">að</t>
        <t c="bankinn">bankinn</t>
        <t c="lækki">lækki</t>
        <t c="sem">sem</t>
        <t c="frekast">frekast</t>
        <t c="hann">hann</t>
        <t c="treystist">treystist</t>
        <t c="til">til</t>
        <t c="útlánsvextina">útlánsvextina</t>
        <t c=";">;</t>
        <t c="og">og</t>
        <t c="því">því</t>
        <t c="meiri">meiri</t>
        <t c="arð">arð</t>
        <t c="geta">geta</t>
        <t c="menn">menn</t>
        <t c="vænzt">vænst</t>
        <t c="sjer">sér</t>
        <t c="af">af</t>
        <t c="lántökum">lántökum</t>
        <t c=",">,</t>
        <t c="því">því</t>
        <t c="ódýrar">ódýrar</t>
        <t c="og">og</t>
        <t c="hagkvæmari">hagkvæmari</t>
        <t c="sem">sem</t>
        <t c="lánin">lánin</t>
        <t c="eru">eru</t>
        <t c=".">.</t>
    </s>
    <s>
        <t c="Það">Það</t>
        <t c="er">er</t>
        <t c="heldur">heldur</t>
        <t c="ekki">ekki</t>
        <t c=",">,</t>
        <t c="þegar">þegar</t>
        <t c="að">að</t>
        <t c="er">er</t>
        <t c="gætt">gætt</t>
        <t c=",">,</t>
        <t c="svo">svo</t>
        <t c="mikið">mikið</t>
        <t c="gerandi">gerandi</t>
        <t c="úr">úr</t>
        <t c="þessari">þessari</t>
        <t c="vaxtalækkun">vaxtalækkun</t>
        <t c="sparisjóðsdeildarinnar">sparisjóðsdeildarinnar</t>
        <t c=".">.</t>
    </s>
    <s>
        <t c="Það">Það</t>
        <t c="munar">munar</t>
        <t c="þó">þó</t>
        <t c="aldrei">aldrei</t>
        <t c="nema">nema</t>
        <t c="2">2</t>
        <t c="kr.">kr.</t>
        <t c="66">66</t>
        <t c="a.">a.</t>
        <t c="á">á</t>
        <t c="heilu">heilu</t>
        <t c="ári">ári</t>
        <t c="hjá">hjá</t>
        <t c="þeim">þeim</t>
        <t c="manni">manni</t>
        <t c=",">,</t>
        <t c="sem">sem</t>
        <t c="á">á</t>
        <t c="1000">1000</t>
        <t c="kr.">kr.</t>
        <t c="standandi">standandi</t>
        <t c="í">í</t>
        <t c="sparisjóðsdeildinni">sparisjóðsdeildinni</t>
        <t c=".">.</t>
    </s>
    <s>
        <t c="Og">Og</t>
        <t c="þegar">þegar</t>
        <t c="vjer">vér</t>
        <t c="gætum">gætum</t>
        <t c="þess">þess</t>
        <t c=",">,</t>
        <t c="að">að</t>
        <t c="kgl.">kgl.</t>
    </s>
    <s>
        <t c="ríkisskuldabrjef">ríkisskuldabréf</t>
        <t c="gefa">gefa</t>
        <t c="ekki">ekki</t>
        <t c="nema">nema</t>
        <t c="3">3</t>
        <t c="1/2%">1/2%</t>
        <t c="eða">eða</t>
        <t c="1">1</t>
        <t c="kr.">kr.</t>
        <t c="66a">ka</t>
        <t c=".">.</t>
    </s>
    <s>
        <t c="meira">meira</t>
        <t c="í">í</t>
        <t c="vexti">vexti</t>
        <t c="af">af</t>
        <t c="1000">1000</t>
        <t c="kr.">kr.</t>
        <t c="heldur">heldur</t>
        <t c="en">en</t>
        <t c="sparisjóðsdeild">sparisjóðsdeild</t>
        <t c="bankans">bankans</t>
        <t c=",">,</t>
        <t c="þá">þá</t>
        <t c="virðist">virðist</t>
        <t c="ekki">ekki</t>
        <t c="líklegt">líklegt</t>
        <t c=",">,</t>
        <t c="að">að</t>
        <t c="margir">margir</t>
        <t c="geti">geti</t>
        <t c="unnið">unnið</t>
        <t c="það">það</t>
        <t c="fyrir">fyrir</t>
        <t c="svo">svo</t>
        <t c="lítinn">lítinn</t>
        <t c="mun">mun</t>
        <t c=",">,</t>
        <t c="að">að</t>
        <t c="taka">taka</t>
        <t c="fje">fé</t>
        <t c="sitt">sitt</t>
        <t c="úr">úr</t>
        <t c="sparisjóði">sparisjóði</t>
        <t c=",">,</t>
        <t c="og">og</t>
        <t c="kaupa">kaupa</t>
        <t c="fyrir">fyrir</t>
        <t c="kgl.">kgl.</t>
    </s>
    <s>
        <t c="ríkisskuldabrjef">ríkisskuldabréf</t>
        <t c=".">.</t>
    </s>
    <s>
        <t c="Því">Því</t>
        <t c="að">að</t>
        <t c="auk">auk</t>
        <t c="þess">þess</t>
        <t c=",">,</t>
        <t c="sem">sem</t>
        <t c="slíkt">slíkt</t>
        <t c="hefir">hefir</t>
        <t c="ekki">ekki</t>
        <t c="svo">svo</t>
        <t c="lítinn">lítinn</t>
        <t c="kostnað">kostnað</t>
        <t c="í">í</t>
        <t c="för">för</t>
        <t c="með">með</t>
        <t c="sjer">sér</t>
        <t c=",">,</t>
        <t c="getur">getur</t>
        <t c="söluverð">söluverð</t>
        <t c="kgl.">kgl.</t>
        <t c="ríkisskuldabrjefa">ríkisskuldabréfa</t>
        <t c="verið">verið</t>
        <t c="talsverðum">talsverðum</t>
        <t c="breytingum">breytingum</t>
        <t c="undirorpið">undirorpið</t>
        <t c=".">.</t>
    </s>
    <s>
        <t c="Það">Það</t>
        <t c="er">er</t>
        <t c="heldur">heldur</t>
        <t c="ekki">ekki</t>
        <t c="svo">svo</t>
        <t c="lítið">lítið</t>
        <t c="gefandi">gefandi</t>
        <t c="fyrir">fyrir</t>
        <t c="þau">þau</t>
        <t c="hlunnindi">hlunnindi</t>
        <t c=",">,</t>
        <t c="sem">sem</t>
        <t c="sparisjóður">sparisjóður</t>
        <t c="gefur">gefur</t>
        <t c="fram">fram</t>
        <t c="yfir">yfir</t>
        <t c="kgl.">kgl.</t>
    </s>
    <s>
        <t c="ríkisskuldabrjef">ríkisskuldabréf</t>
        <t c=",">,</t>
        <t c="að">að</t>
        <t c="gefa">gefa</t>
        <t c="mönnum">mönnum</t>
        <t c="hvern">hvern</t>
        <t c="dag">dag</t>
        <t c=",">,</t>
        <t c="sem">sem</t>
        <t c="þeir">þeir</t>
        <t c="vilji">vilji</t>
        <t c=",">,</t>
        <t c="kost">kost</t>
        <t c="á">á</t>
        <t c="að">að</t>
        <t c="fá">fá</t>
        <t c="svo">svo</t>
        <t c="mikið">mikið</t>
        <t c="eða">eða</t>
        <t c="lítið">lítið</t>
        <t c="af">af</t>
        <t c="innstæðufje">innstæðufé</t>
        <t c="sínu">sínu</t>
        <t c="í">í</t>
        <t c="handbærum">handbærum</t>
        <t c="peningum">peningum</t>
        <t c=".">.</t>
    </s>
    <s>
        <t c="Jeg">Ég</t>
        <t c="verð">verð</t>
        <t c="því">því</t>
        <t c="að">að</t>
        <t c="ætla">ætla</t>
        <t c=",">,</t>
        <t c="að">að</t>
        <t c="þessi">þessi</t>
        <t c="vaxtabreytinga">taxtabreytinga</t>
        <t c="landsbankans">landsbankans</t>
        <t c="hafi">hafi</t>
        <t c="fengið">fengið</t>
        <t c="fremur">fremur</t>
        <t c="of">of</t>
        <t c="harðan">harðan</t>
        <t c="dóm">dóm</t>
        <t c=",">,</t>
        <t c="þegar">þegar</t>
        <t c="betur">betur</t>
        <t c="er">er</t>
        <t c="aðgætt">aðgætt</t>
        <t c=".">.</t>
    </s>
    <s>
        <t c="Mjer">Mér</t>
        <t c="finnst">finnst</t>
        <t c="og">og</t>
        <t c="að">að</t>
        <t c="blöðin">blöðin</t>
        <t c="ættu">ættu</t>
        <t c="heldur">heldur</t>
        <t c="að">að</t>
        <t c="uppörva">uppörva</t>
        <t c="bankann">bankann</t>
        <t c="til">til</t>
        <t c="að">að</t>
        <t c="taka">taka</t>
        <t c="til">til</t>
        <t c="greina">greina</t>
        <t c="allar">allar</t>
        <t c="sanngjarnar">sanngjarnar</t>
        <t c="bendingar">bendingar</t>
        <t c=",">,</t>
        <t c="sem">sem</t>
        <t c="hann">hann</t>
        <t c="fær">fær</t>
        <t c="frá">frá</t>
        <t c="þjóðinni">þjóðinni</t>
        <t c=",">,</t>
        <t c="bæði">bæði</t>
        <t c="gegnum">gegnum</t>
        <t c="löggjafarvaldið">löggjafarvaldið</t>
        <t c="og">og</t>
        <t c="blöðin">blöðin</t>
        <t c=",">,</t>
        <t c="því">því</t>
        <t c="að">að</t>
        <t c="á">á</t>
        <t c="þann">þann</t>
        <t c="hátt">hátt</t>
        <t c="verður">verður</t>
        <t c="bankinu">bankinu</t>
        <t c="vinsæll">vinsæll</t>
        <t c="—">—</t>
        <t c="og">og</t>
        <t c="það">það</t>
        <t c="er">er</t>
        <t c="eitt">eitt</t>
        <t c="af">af</t>
        <t c="aðalskilyrðunum">aðalskilyrðunum</t>
        <t c="fyrir">fyrir</t>
        <t c="því">því</t>
        <t c=",">,</t>
        <t c="að">að</t>
        <t c="bankinn">bankinn</t>
        <t c="geti">geti</t>
        <t c="þrifizt">þrifist</t>
        <t c="og">og</t>
        <t c="gjört">gjört</t>
        <t c="landsmönnum">landsmönnum</t>
        <t c="gagn">gagn</t>
        <t c=".">.</t>
    </s>
    <s>
        <t c="r-n">en</t>
        <t c=".">.</t>
    </s>
    <s>
        <t c="Þótt">Þótt</t>
        <t c="svo">svo</t>
        <t c="sje">sé</t>
        <t c=",">,</t>
        <t c="að">að</t>
        <t c="bankastjórnin">bankastjórnin</t>
        <t c="kunni">kunni</t>
        <t c="að">að</t>
        <t c="vilja">vilja</t>
        <t c="láta">láta</t>
        <t c="sína">sína</t>
        <t c="mögru">mögru</t>
        <t c="kú">kú</t>
        <t c=",">,</t>
        <t c="sparisjóðsdeildina">sparisjóðsdeildina</t>
        <t c=",">,</t>
        <t c="dragast">dragast</t>
        <t c="upp">upp</t>
        <t c="í">í</t>
        <t c="hor">hor</t>
        <t c=",">,</t>
        <t c="heldur">heldur</t>
        <t c="en">en</t>
        <t c="að">að</t>
        <t c="miðla">miðla</t>
        <t c="henni">henni</t>
        <t c="nokkurri">nokkurri</t>
        <t c="tuggu">tuggu</t>
        <t c="frá">frá</t>
        <t c="sínum">sínum</t>
        <t c="mikla">mikla</t>
        <t c="stólpagrip">stólpagrip</t>
        <t c=",">,</t>
        <t c="landsbankadeildinni">landsbankadeildinni</t>
        <t c="sjálfri">sjálfri</t>
        <t c=",">,</t>
        <t c="hversu">hversu</t>
        <t c="sem">sem</t>
        <t c="sú">sú</t>
        <t c="skepna">skepna</t>
        <t c="rær">rær</t>
        <t c="í">í</t>
        <t c="spikinu">spikinu</t>
        <t c=",">,</t>
        <t c="þá">þá</t>
        <t c="mundi">mundi</t>
        <t c="varla">varla</t>
        <t c="hafa">hafa</t>
        <t c="þurft">þurft</t>
        <t c="að">að</t>
        <t c="óttast">óttast</t>
        <t c="mikið">mikið</t>
        <t c="vantraust">vantraust</t>
        <t c="á">á</t>
        <t c="sparisjóðsdeildinni">sparisjóðsdeildinni</t>
        <t c="samt">samt</t>
        <t c=",">,</t>
        <t c="þrátt">þrátt</t>
        <t c="fyrir">fyrir</t>
        <t c="rýrar">rýrar</t>
        <t c="árstekjur">árstekjur</t>
        <t c=",">,</t>
        <t c="meðan">meðan</t>
        <t c="almenningur">almenningur</t>
        <t c="veit">veit</t>
        <t c=",">,</t>
        <t c="að">að</t>
        <t c="hún">hún</t>
        <t c="á">á</t>
        <t c="nær">nær</t>
        <t c="30">30</t>
        <t c="en">en</t>
        <t c="20">20</t>
        <t c="þús.">þús.</t>
        <t c="kr.">kr.</t>
        <t c="í">í</t>
        <t c="varasjóði">varasjóði</t>
        <t c=".">.</t>
    </s>
    <s>
        <t c="En">En</t>
        <t c="—">—</t>
        <t c="hvenær">hvenær</t>
        <t c="hafði">hafði</t>
        <t c="þing">þing</t>
        <t c="eða">eða</t>
        <t c="þjóð">þjóð</t>
        <t c="farið">farið</t>
        <t c="fram">fram</t>
        <t c="á">á</t>
        <t c="svona">svona</t>
        <t c="mikla">mikla</t>
        <t c="útlánsvaxtalækkun">útlánsvaxtalækkun</t>
        <t c=",">,</t>
        <t c="eins">eins</t>
        <t c="og">og</t>
        <t c="bankastjórnin">bankastjórnin</t>
        <t c="hefir">hefir</t>
        <t c="nú">nú</t>
        <t c="tekið">tekið</t>
        <t c="upp">upp</t>
        <t c="?">?</t>
    </s>
    <s>
        <t c="Hafði">Hafði</t>
        <t c="ekki">ekki</t>
        <t c="langmest">langmest</t>
        <t c="verið">verið</t>
        <t c="kvartað">kvartað</t>
        <t c="undan">undan</t>
        <t c="hinum">hinum</t>
        <t c="stutta">stutta</t>
        <t c="afborgunarfresti">afborgunarfresti</t>
        <t c=",">,</t>
        <t c="og">og</t>
        <t c="að">að</t>
        <t c="eins">eins</t>
        <t c="talað">talað</t>
        <t c="um">um</t>
        <t c="háa">háa</t>
        <t c="vexti">vexti</t>
        <t c="(">(</t>
        <t c="5">5</t>
        <t c="1/4%.">1/4%.</t>
        <t c=")">)</t>
        <t c="samfara">samfara</t>
        <t c="honum">honum</t>
        <t c="?">?</t>
    </s>
    <s>
        <t c="Hafði">Hafði</t>
        <t c="nokkurn">nokkurn</t>
        <t c="tíma">tíma</t>
        <t c="verið">verið</t>
        <t c="kvartað">kvartað</t>
        <t c="um">um</t>
        <t c="of">of</t>
        <t c="háa">háa</t>
        <t c="vexti">vexti</t>
        <t c="í">í</t>
        <t c="sparisjóð">sparisjóð</t>
        <t c="Reykjavíkur">Reykjavíkur</t>
        <t c=",">,</t>
        <t c="áður">áður</t>
        <t c="en">en</t>
        <t c="bankinn">bankinn</t>
        <t c="kom">kom</t>
        <t c="til">til</t>
        <t c="?">?</t>
    </s>
    <s>
        <t c="Og">Og</t>
        <t c="þó">þó</t>
        <t c="voru">voru</t>
        <t c="þeir">þeir</t>
        <t c="hinir">hinir</t>
        <t c="sömu">sömu</t>
        <t c="og">og</t>
        <t c="bankinn">bankinn</t>
        <t c="hefir">hefir</t>
        <t c="tekið">tekið</t>
        <t c=":">:</t>
        <t c="5%">5%</t>
        <t c="fyrir">fyrir</t>
        <t c="fram">fram</t>
        <t c=".">.</t>
    </s>
    <s>
        <t c="En">En</t>
        <t c="af">af</t>
        <t c="hverju">hverju</t>
        <t c="var">var</t>
        <t c="það">það</t>
        <t c="nema">nema</t>
        <t c="því">því</t>
        <t c=",">,</t>
        <t c="að">að</t>
        <t c="þar">þar</t>
        <t c="var">var</t>
        <t c="engin">engin</t>
        <t c="afborgun">afborgun</t>
        <t c="áskilin">áskilin</t>
        <t c=".">.</t>
    </s>
    <s>
        <t c="Hefði">Hefði</t>
        <t c="bankinn">bankinn</t>
        <t c="lengt">lengt</t>
        <t c="afborgunarfrestinn">afborgunarfrestinn</t>
        <t c="eins">eins</t>
        <t c="og">og</t>
        <t c="almenningur">almenningur</t>
        <t c="óskaði">óskaði</t>
        <t c="eptir">eftir</t>
        <t c=",">,</t>
        <t c="þótt">þótt</t>
        <t c="ekki">ekki</t>
        <t c="hefði">hefði</t>
        <t c="verið">verið</t>
        <t c="nema">nema</t>
        <t c="á">á</t>
        <t c="nokkrum">nokkrum</t>
        <t c="parti">parti</t>
        <t c="af">af</t>
        <t c="lánum">lánum</t>
        <t c="sínum">sínum</t>
        <t c=",">,</t>
        <t c="þá">þá</t>
        <t c="hefði">hefði</t>
        <t c="enginn">enginn</t>
        <t c="maður">maður</t>
        <t c="fengizt">fengist</t>
        <t c="um">um</t>
        <t c="það">það</t>
        <t c=",">,</t>
        <t c="þótt">þótt</t>
        <t c="hann">hann</t>
        <t c="hefði">hefði</t>
        <t c="haldið">haldið</t>
        <t c="vöxtum">vöxtum</t>
        <t c="sínum">sínum</t>
        <t c="óbreyttum">óbreyttum</t>
        <t c=".">.</t>
    </s>
    <s>
        <t c="Að">Að</t>
        <t c="minnsta">minnsta</t>
        <t c="kosti">kosti</t>
        <t c="mundu">mundu</t>
        <t c="mönnum">mönnum</t>
        <t c="hafa">hafa</t>
        <t c="litizt">litist</t>
        <t c="mikið">mikið</t>
        <t c="vel">vel</t>
        <t c="á">á</t>
        <t c="þá">þá</t>
        <t c="tilbreyting">tilbreyting</t>
        <t c=",">,</t>
        <t c="að">að</t>
        <t c="lækka">lækka</t>
        <t c="að">að</t>
        <t c="eins">eins</t>
        <t c="nokkuð">nokkuð</t>
        <t c="vexti">vexti</t>
        <t c="á">á</t>
        <t c="lánum">lánum</t>
        <t c="með">með</t>
        <t c="stuttum">stuttum</t>
        <t c="afborgunarfresti">afborgunarfresti</t>
        <t c=",">,</t>
        <t c="en">en</t>
        <t c="halda">halda</t>
        <t c="hinum">hinum</t>
        <t c="hærri">hærri</t>
        <t c="vöxtum">vöxtum</t>
        <t c="á">á</t>
        <t c="lengri">lengri</t>
        <t c="lánum">lánum</t>
        <t c=".">.</t>
    </s>
    <s>
        <t c="En">En</t>
        <t c="hvað">hvað</t>
        <t c="sem">sem</t>
        <t c="því">því</t>
        <t c="líður">líður</t>
        <t c=",">,</t>
        <t c="þá">þá</t>
        <t c="hefðu">hefðu</t>
        <t c="allir">allir</t>
        <t c="verið">verið</t>
        <t c="harðánægðir">harðánægðir</t>
        <t c="með">með</t>
        <t c=",">,</t>
        <t c="að">að</t>
        <t c="vextirnir">vextirnir</t>
        <t c="væru">væru</t>
        <t c="færðir">færðir</t>
        <t c="niður">niður</t>
        <t c="í">í</t>
        <t c="4">4</t>
        <t c="1/2%">1/2%</t>
        <t c=";">;</t>
        <t c="en">en</t>
        <t c="með">með</t>
        <t c="þeim">þeim</t>
        <t c="útlánsvöxtum">útlánsvöxtum</t>
        <t c="mundi">mundi</t>
        <t c="bankastjórnin">bankastjórnin</t>
        <t c="að">að</t>
        <t c="líkindum">líkindum</t>
        <t c="eigi">eigi</t>
        <t c="hafa">hafa</t>
        <t c="talið">talið</t>
        <t c="sjer">sér</t>
        <t c="ókleyft">ókleyft</t>
        <t c=",">,</t>
        <t c="að">að</t>
        <t c="halda">halda</t>
        <t c="innlánsvöxtunum">innlánsvöxtunum</t>
        <t c="óbreyttum">óbreyttum</t>
        <t c=",">,</t>
        <t c="3,6%">3,6%</t>
        <t c=";">;</t>
        <t c="og">og</t>
        <t c="það">það</t>
        <t c="hefði">hefði</t>
        <t c="verið">verið</t>
        <t c="mikilsvert">mikilsvert</t>
        <t c=",">,</t>
        <t c="bæði">bæði</t>
        <t c="fyrir">fyrir</t>
        <t c="bankann">bankann</t>
        <t c="sjálfan">sjálfan</t>
        <t c="og">og</t>
        <t c="fyrir">fyrir</t>
        <t c="almenning">almenning</t>
        <t c=",">,</t>
        <t c="sem">sem</t>
        <t c="ríður">ríður</t>
        <t c="á">á</t>
        <t c="að">að</t>
        <t c="örva">örva</t>
        <t c="fremur">fremur</t>
        <t c="en">en</t>
        <t c="letja">letja</t>
        <t c="til">til</t>
        <t c="að">að</t>
        <t c="draga">draga</t>
        <t c="saman">saman</t>
        <t c="fje">fé</t>
        <t c="og">og</t>
        <t c="leggja">leggja</t>
        <t c="í">í</t>
        <t c="sparisjóði">sparisjóði</t>
        <t c=".">.</t>
    </s>
    <s>
        <t c="Þótt">Þótt</t>
        <t c="þessi">þessi</t>
        <t c="niðurfærsla">niðurfærsla</t>
        <t c="á">á</t>
        <t c="innlánsvöxtunum">innlánsvöxtunum</t>
        <t c="dragi">dragi</t>
        <t c="menn">menn</t>
        <t c="eigi">eigi</t>
        <t c="mikið">mikið</t>
        <t c=",">,</t>
        <t c="þá">þá</t>
        <t c="verður">verður</t>
        <t c="hún">hún</t>
        <t c="líklegast">líklegast</t>
        <t c="því">því</t>
        <t c="miður">miður</t>
        <t c="samt">samt</t>
        <t c="nóg">nóg</t>
        <t c="til">til</t>
        <t c="þess">þess</t>
        <t c="að">að</t>
        <t c="hvekkja">hvekkja</t>
        <t c="þá">þá</t>
        <t c=".">.</t>
    </s>
    <s>
        <t c="Og">Og</t>
        <t c="hvað">hvað</t>
        <t c="snertir">snertir</t>
        <t c="afleiðingarnar">afleiðingarnar</t>
        <t c="af">af</t>
        <t c="þessu">þessu</t>
        <t c="fyrir">fyrir</t>
        <t c="bankann">bankann</t>
        <t c="sjálfan">sjálfan</t>
        <t c=",">,</t>
        <t c="þá">þá</t>
        <t c="liggur">liggur</t>
        <t c="í">í</t>
        <t c="augum">augum</t>
        <t c="uppi">uppi</t>
        <t c=",">,</t>
        <t c="að">að</t>
        <t c="því">því</t>
        <t c="fremur">fremur</t>
        <t c="sem">sem</t>
        <t c="bankastjórnin">bankastjórnin</t>
        <t c="gefur">gefur</t>
        <t c="mönnum">mönnum</t>
        <t c="undir">undir</t>
        <t c="fótinn">fótinn</t>
        <t c="að">að</t>
        <t c="draga">draga</t>
        <t c="fje">fé</t>
        <t c="út">út</t>
        <t c="úr">úr</t>
        <t c="bankanum">bankanum</t>
        <t c="og">og</t>
        <t c="ávaxta">ávaxta</t>
        <t c="það">það</t>
        <t c="annarsstaðar">annars staðar</t>
        <t c=",">,</t>
        <t c="því">því</t>
        <t c="erfiðara">erfiðara</t>
        <t c="verður">verður</t>
        <t c="fyrir">fyrir</t>
        <t c="hana">hana</t>
        <t c="að">að</t>
        <t c="geta">geta</t>
        <t c="lánað">lánað</t>
        <t c="fje">fé</t>
        <t c="með">með</t>
        <t c="löngum">löngum</t>
        <t c="afborgunarfresti">afborgunarfresti</t>
        <t c=".">.</t>
    </s>
    <s>
        <t c="Hafi">Hafi</t>
        <t c="hún">hún</t>
        <t c="borið">borið</t>
        <t c="það">það</t>
        <t c="fyrir">fyrir</t>
        <t c=",">,</t>
        <t c="að">að</t>
        <t c="til">til</t>
        <t c="þess">þess</t>
        <t c="brysti">brysti</t>
        <t c="fje">fé</t>
        <t c=",">,</t>
        <t c="þá">þá</t>
        <t c="er">er</t>
        <t c="leiðin">leiðin</t>
        <t c="til">til</t>
        <t c="að">að</t>
        <t c="bæta">bæta</t>
        <t c="úr">úr</t>
        <t c="því">því</t>
        <t c="ekki">ekki</t>
        <t c="sú">sú</t>
        <t c=",">,</t>
        <t c="að">að</t>
        <t c="bægja">bægja</t>
        <t c="fjenu">fénu</t>
        <t c="frá">frá</t>
        <t c="sjer">sér</t>
        <t c=",">,</t>
        <t c="þegar">þegar</t>
        <t c="það">það</t>
        <t c="býðst">býðst</t>
        <t c=".">.</t>
    </s>
    <s>
        <t c="Því">Því</t>
        <t c="fer">fer</t>
        <t c="fjarri">fjarri</t>
        <t c=",">,</t>
        <t c="að">að</t>
        <t c="Ísafold">Ísafold</t>
        <t c="hafi">hafi</t>
        <t c="viljað">viljað</t>
        <t c="lasta">lasta</t>
        <t c="það">það</t>
        <t c=",">,</t>
        <t c="að">að</t>
        <t c="bankinn">bankinn</t>
        <t c="breytti">breytti</t>
        <t c="til">til</t>
        <t c="samkvæmt">samkvæmt</t>
        <t c="ósk">ósk</t>
        <t c="og">og</t>
        <t c="þörfum">þörfum</t>
        <t c="þings">þings</t>
        <t c="og">og</t>
        <t c="þjóðar">þjóðar</t>
        <t c=".">.</t>
    </s>
    <s>
        <t c="Blaðið">Blaðið</t>
        <t c="tók">tók</t>
        <t c="það">það</t>
        <t c="berlega">berlega</t>
        <t c="fram">fram</t>
        <t c="um">um</t>
        <t c="daginn">daginn</t>
        <t c=",">,</t>
        <t c="að">að</t>
        <t c="vonandi">vonandi</t>
        <t c="væri">væri</t>
        <t c=",">,</t>
        <t c="að">að</t>
        <t c="þetta">þetta</t>
        <t c="yrði">yrði</t>
        <t c="ekki">ekki</t>
        <t c="hinn">hinn</t>
        <t c="síðasti">síðasti</t>
        <t c="ávöxtur">ávöxtur</t>
        <t c="af">af</t>
        <t c="umræðunum">umræðunum</t>
        <t c="um">um</t>
        <t c="bankann">bankann</t>
        <t c="í">í</t>
        <t c="sumar">sumar</t>
        <t c=",">,</t>
        <t c="bæði">bæði</t>
        <t c="í">í</t>
        <t c="Ísaf.">Ísaf.</t>
    </s>
    <s>
        <t c="og">og</t>
        <t c="á">á</t>
        <t c="þinginn">þingin</t>
        <t c=".">.</t>
    </s>
    <s>
        <t c="En">En</t>
        <t c="hitt">hitt</t>
        <t c="er">er</t>
        <t c="vafalaust">vafalaust</t>
        <t c=",">,</t>
        <t c="að">að</t>
        <t c="bankastjórnin">bankastjórnin</t>
        <t c="hefði">hefði</t>
        <t c="orðið">orðið</t>
        <t c="langtum">langtum</t>
        <t c="betur">betur</t>
        <t c="við">við</t>
        <t c="þörf">þörf</t>
        <t c="og">og</t>
        <t c="óskum">óskum</t>
        <t c="almennings">almennings</t>
        <t c=",">,</t>
        <t c="ef">ef</t>
        <t c="hún">hún</t>
        <t c="hefði">hefði</t>
        <t c="tekið">tekið</t>
        <t c="það">það</t>
        <t c="ráð">ráð</t>
        <t c=",">,</t>
        <t c="að">að</t>
        <t c="lengja">lengja</t>
        <t c="afborgunarfrest">afborgunarfrest</t>
        <t c="lána">lána</t>
        <t c="svo">svo</t>
        <t c="sem">sem</t>
        <t c="hún">hún</t>
        <t c="treystist">treystist</t>
        <t c="frekast">frekast</t>
        <t c="til">til</t>
        <t c=",">,</t>
        <t c="heldur">heldur</t>
        <t c="en">en</t>
        <t c="að">að</t>
        <t c="færa">færa</t>
        <t c="niður">niður</t>
        <t c="vextina">vextina</t>
        <t c=".">.</t>
    </s>
    <s>
        <t c="Almenningi">Almenningi</t>
        <t c="er">er</t>
        <t c="langt">langt</t>
        <t c="um">um</t>
        <t c="hagkvæmara">hagkvæmara</t>
        <t c="5%">5%</t>
        <t c="lán">lán</t>
        <t c="með">með</t>
        <t c="20">20</t>
        <t c="—">—</t>
        <t c="30">30</t>
        <t c="ára">ára</t>
        <t c="afborgun">afborgun</t>
        <t c="heldur">heldur</t>
        <t c="en">en</t>
        <t c="4">4</t>
        <t c="1/2%">1/2%</t>
        <t c="lán">lán</t>
        <t c="með">með</t>
        <t c="10">10</t>
        <t c="ára">ára</t>
        <t c="afborgun">afborgun</t>
        <t c=".">.</t>
    </s>
    <s>
        <t c="það">það</t>
        <t c="rísa">rísa</t>
        <t c="þrír">þrír</t>
        <t c="undir">undir</t>
        <t c="því">því</t>
        <t c="að">að</t>
        <t c="greiða">greiða</t>
        <t c="7%">7%</t>
        <t c="á">á</t>
        <t c="ári">ári</t>
        <t c="fyrir">fyrir</t>
        <t c="hvern">hvern</t>
        <t c="einn">einn</t>
        <t c=",">,</t>
        <t c="sem">sem</t>
        <t c="getur">getur</t>
        <t c="svarað">svarað</t>
        <t c="14%">14%</t>
        <t c="eða">eða</t>
        <t c="freklega">freklega</t>
        <t c="það">það</t>
        <t c=",">,</t>
        <t c="til">til</t>
        <t c="hvers">hvers</t>
        <t c="svo">svo</t>
        <t c="sem">sem</t>
        <t c="peningunum">peningunum</t>
        <t c="er">er</t>
        <t c="varið">varið</t>
        <t c=",">,</t>
        <t c="hvort">hvort</t>
        <t c="heldur">heldur</t>
        <t c="er">er</t>
        <t c="til">til</t>
        <t c="jarðabóta">jarðabóta</t>
        <t c=",">,</t>
        <t c="jarðakaupa">jarðakaupa</t>
        <t c="eða">eða</t>
        <t c="annara">annara</t>
        <t c="fyrirtækja">fyrirtækja</t>
        <t c=".">.</t>
    </s>
    <s>
        <t c="Hefði">Hefði</t>
        <t c="bankinn">bankinn</t>
        <t c="tekið">tekið</t>
        <t c="það">það</t>
        <t c="ráð">ráð</t>
        <t c=",">,</t>
        <t c="mundi">mundi</t>
        <t c="honum">honum</t>
        <t c="hafa">hafa</t>
        <t c="veitt">veitt</t>
        <t c="hægt">hægt</t>
        <t c="að">að</t>
        <t c="koma">koma</t>
        <t c="út">út</t>
        <t c="veltufje">veltufé</t>
        <t c="sínu">sínu</t>
        <t c=",">,</t>
        <t c="og">og</t>
        <t c="ekki">ekki</t>
        <t c="þurft">þurft</t>
        <t c="að">að</t>
        <t c="gefa">gefa</t>
        <t c="mönnum">mönnum</t>
        <t c="tilefni">tilefni</t>
        <t c="til">til</t>
        <t c="að">að</t>
        <t c="taka">taka</t>
        <t c="það">það</t>
        <t c="út">út</t>
        <t c="úr">úr</t>
        <t c="sparisjóðsdeildinni">sparisjóðsdeildinni</t>
        <t c="og">og</t>
        <t c="ef">ef</t>
        <t c="til">til</t>
        <t c="vill">vill</t>
        <t c="verja">verja</t>
        <t c="því">því</t>
        <t c="síðan">síðan</t>
        <t c="til">til</t>
        <t c="útlána">útlána</t>
        <t c="til">til</t>
        <t c="einstakra">einstakra</t>
        <t c="manna">manna</t>
        <t c="og">og</t>
        <t c="keppa">keppa</t>
        <t c="þannig">þannig</t>
        <t c="við">við</t>
        <t c="bankann">bankann</t>
        <t c=".">.</t>
    </s>
    <s>
        <t c="†">†</t>
        <t c="Bogi">Bogi</t>
        <t c="Pjetur">Pjetur</t>
        <t c="Pjetursson">Pjetursson</t>
        <t c="hjeraðslæknir">héraðslæknir</t>
        <t c="í">í</t>
        <t c="Rangárvallasýslu">Rangárvallasýslu</t>
        <t c=",">,</t>
        <t c="andaðist">andaðist</t>
        <t c="að">að</t>
        <t c="heimili">heimili</t>
        <t c="sínu">sínu</t>
        <t c="Kirkjubæ">Kirkjubæ</t>
        <t c="aðfaranótt">aðfaranótt</t>
        <t c="hins">hins</t>
        <t c="22.">22.</t>
        <t c="þ.">þ.</t>
        <t c="m.">m.</t>
        <t c=",">,</t>
        <t c="eptir">eftir</t>
        <t c="4">4</t>
        <t c="daga">daga</t>
        <t c="legu">legu</t>
        <t c="í">í</t>
        <t c="lungnabólgu">lungnabólgu</t>
        <t c=",">,</t>
        <t c="er">er</t>
        <t c="hann">hann</t>
        <t c="hafði">hafði</t>
        <t c="fengið">fengið</t>
        <t c="upp">upp</t>
        <t c="úr">úr</t>
        <t c="ferðavolki">ferðavolki</t>
        <t c="við">við</t>
        <t c="að">að</t>
        <t c="vitja">vitja</t>
        <t c="sjúkra">sjúkra</t>
        <t c=".">.</t>
    </s>
    <s>
        <t c="Hann">Hann</t>
        <t c="var">var</t>
        <t c="fæddur">fæddur</t>
        <t c="19.">19.</t>
        <t c="júlí">júlí</t>
        <t c="1848">1848</t>
        <t c=",">,</t>
        <t c="einkasonur">einkasonur</t>
        <t c="Pjeturs">Pjeturs</t>
        <t c="biskups">biskups</t>
        <t c="Pjeturssonar">Pjeturssonar</t>
        <t c="og">og</t>
        <t c="frú">frú</t>
        <t c="Sigríðar">Sigríðar</t>
        <t c="Bogadóttur">Bogadóttur</t>
        <t c=",">,</t>
        <t c="útskrifaður">útskrifaður</t>
        <t c="úr">úr</t>
        <t c="Rvíkurskóla">Rvíkurskóla</t>
        <t c="1869">1869</t>
        <t c=",">,</t>
        <t c="tók">tók</t>
        <t c="heimspekispróf">heimspekispróf</t>
        <t c="við">við</t>
        <t c="háskólann">háskólann</t>
        <t c=",">,</t>
        <t c="en">en</t>
        <t c="embættispróf">embættispróf</t>
        <t c="frá">frá</t>
        <t c="læknaskólanum">læknaskólanum</t>
        <t c="1874">1874</t>
        <t c=",">,</t>
        <t c="varð">varð</t>
        <t c="hjeraðslæknir">héraðslæknir</t>
        <t c="í">í</t>
        <t c="Húnavatnssýslu">Húnavatnssýslu</t>
        <t c="1876">1876</t>
        <t c=",">,</t>
        <t c="og">og</t>
        <t c="í">í</t>
        <t c="Rangárvallasýslu">Rangárvallasýslu</t>
        <t c="1878">1878</t>
        <t c=".">.</t>
    </s>
    <s>
        <t c="—">—</t>
        <t c="Hann">Hann</t>
        <t c="var">var</t>
        <t c="kvæntur">kvæntur</t>
        <t c="Kristínu">Kristínu</t>
        <t c="Skúladóttur">Skúladóttur</t>
        <t c="Thorarensens">Thorarensens</t>
        <t c="hjeraðslæknis">héraðslæknis</t>
        <t c="frá">frá</t>
        <t c="Móeiðarhvoli">Móeiðarhvoli</t>
        <t c=",">,</t>
        <t c="er">er</t>
        <t c="lifir">lifir</t>
        <t c="mann">mann</t>
        <t c="sinn">sinn</t>
        <t c="ásamt">ásamt</t>
        <t c="2">2</t>
        <t c="sonum">sonum</t>
        <t c="þeirra">þeirra</t>
        <t c=",">,</t>
        <t c="Skúla">Skúla</t>
        <t c="og">og</t>
        <t c="Pjetri">Pjetri</t>
        <t c=".">.</t>
    </s>
    <s>
        <t c="Hann">Hann</t>
        <t c="var">var</t>
        <t c="drengur">drengur</t>
        <t c="góður">góður</t>
        <t c="og">og</t>
        <t c="göfugmenni">göfugmenni</t>
        <t c=",">,</t>
        <t c="sem">sem</t>
        <t c="hann">hann</t>
        <t c="átti">átti</t>
        <t c="ætt">ætt</t>
        <t c="til">til</t>
        <t c=",">,</t>
        <t c="talinn">talinn</t>
        <t c="mikið">mikið</t>
        <t c="góður">góður</t>
        <t c="læknir">læknir</t>
        <t c=",">,</t>
        <t c="framkvæmdamaður">framkvæmdamaður</t>
        <t c="og">og</t>
        <t c="framfaramaður">framfaramaður</t>
        <t c=",">,</t>
        <t c="bezti">besti</t>
        <t c="búhöldur">búhöldur</t>
        <t c=".">.</t>
    </s>
    <s>
        <t c="Er">Er</t>
        <t c="mjög">mjög</t>
        <t c="mikill">mikill</t>
        <t c="og">og</t>
        <t c="sorglegur">sorglegur</t>
        <t c="mannskaði">mannskaði</t>
        <t c="að">að</t>
        <t c="honum">honum</t>
        <t c=",">,</t>
        <t c="á">á</t>
        <t c="bezta">besta</t>
        <t c="aldri">aldri</t>
        <t c=".">.</t>
    </s>
    <s>
        <t c="AUGLYSINGAR">AUGLÝSINGAR</t>
        <t c="í">í</t>
        <t c="samfeldu">samfelldu</t>
        <t c="máli">máli</t>
        <t c="með">með</t>
        <t c="smáletri">smáletri</t>
        <t c="kosta">kosta</t>
        <t c="2">2</t>
        <t c="a.">a.</t>
        <t c="(">(</t>
        <t c="þakkaráv.">þakkaráv.</t>
        <t c="3">3</t>
        <t c="a.">a.</t>
        <t c=")">)</t>
        <t c="hvert">hvert</t>
        <t c="orð">orð</t>
        <t c="15">15</t>
        <t c="stafa">stafa</t>
        <t c="frekast">frekast</t>
        <t c=";">;</t>
        <t c="með">með</t>
        <t c="öðru">öðru</t>
        <t c="letri">letri</t>
        <t c="eða">eða</t>
        <t c="setning">setning</t>
        <t c="1">1</t>
        <t c="kr.">kr.</t>
        <t c="fyrir">fyrir</t>
        <t c="þuml.">þuml.</t>
        <t c="dálkslengdar">dálkslengdar</t>
        <t c=".">.</t>
    </s>
    <s>
        <t c="Borg">Borg</t>
        <t c=".">.</t>
    </s>
    <s>
        <t c="út">út</t>
        <t c="í">í</t>
        <t c="hönd">hönd</t>
        <t c=".">.</t>
    </s>
    <s>
        <t c="Gefins">Gefins</t>
        <t c="Jólaskemmtun">Jólaskemmtun</t>
        <t c="fyrir">fyrir</t>
        <t c="fólkið">fólkið</t>
        <t c="í">í</t>
        <t c="Good-Templarahúsinu">Góðtemplarahúsinu</t>
        <t c="í">í</t>
        <t c="kveld">kveld</t>
        <t c="28.">28.</t>
        <t c="des.">des.</t>
        <t c="1880">1880</t>
        <t c="kl.">kl.</t>
        <t c="8">8</t>
        <t c=".">.</t>
    </s>
    <s>
        <t c="Myndasýning">Myndasýning</t>
        <t c="af">af</t>
        <t c="ýmsum">ýmsum</t>
        <t c="löndum">löndum</t>
        <t c="og">og</t>
        <t c="borgum">borgum</t>
        <t c="erlendis">erlendis</t>
        <t c=".">.</t>
    </s>
    <s>
        <t c="Hr.">Hr.</t>
        <t c="alþm.">alþm.</t>
    </s>
    <s>
        <t c="Jón">Jón</t>
        <t c="Ólafsson">Ólafsson</t>
        <t c="segir">segir</t>
        <t c="æfisögu">ævisögu</t>
        <t c="merkismanns">merkismanns</t>
        <t c="(">(</t>
        <t c="Cola">Kola</t>
        <t c="di">dj</t>
        <t c="Rienzi">Renni</t>
        <t c=")">)</t>
        <t c=".">.</t>
    </s>
    <s>
        <t c="Hr.">Hr.</t>
        <t c="cand.">cand.</t>
        <t c="phil.">phil.</t>
    </s>
    <s>
        <t c="Gestur">Gestur</t>
        <t c="Pálsson">Pálsson</t>
        <t c="les">les</t>
        <t c="upp">upp</t>
        <t c="skemmtisögu">skemmtisögu</t>
        <t c=".">.</t>
    </s>
    <s>
        <t c="Við">Við</t>
        <t c="þetta">þetta</t>
        <t c="tækifæri">tækifæri</t>
        <t c="verður">verður</t>
        <t c="sungið">sungið</t>
        <t c="af">af</t>
        <t c="fólkinu">fólkinu</t>
        <t c="nýtt">nýtt</t>
        <t c="kvæði">kvæði</t>
        <t c=":">:</t>
        <t c="»">»</t>
        <t c="Um">Um</t>
        <t c="eina">eina</t>
        <t c="góða">góða</t>
        <t c="gleðistund">gleðistund</t>
        <t c="«">«</t>
        <t c=".">.</t>
    </s>
    <s>
        <t c="o.">o.</t>
        <t c="s.">s.</t>
        <t c="frv.">frv.</t>
    </s>
    <s>
        <t c="Með">Með</t>
        <t c="beztu">bestu</t>
        <t c="nýársóskum">márískum</t>
        <t c="til">til</t>
        <t c="allra">allra</t>
        <t c=".">.</t>
    </s>
    <s>
        <t c="Þorlákur">Þorlákur</t>
        <t c="Ó.">Ó.</t>
        <t c="Johnson">Johnson</t>
        <t c=".">.</t>
    </s>
    <s>
        <t c="Litunarefni">Litunarefni</t>
        <t c="vor">vor</t>
        <t c=",">,</t>
        <t c="sem">sem</t>
        <t c="alstaðar">alls staðar</t>
        <t c="eru">eru</t>
        <t c="viðurkennd">viðurkennd</t>
        <t c="ágæt">ágæt</t>
        <t c="vera">vera</t>
        <t c="og">og</t>
        <t c="sæmd">sæmd</t>
        <t c="voru">voru</t>
        <t c="verðlaunum">verðlaunum</t>
        <t c="á">á</t>
        <t c="sýningunni">sýningunni</t>
        <t c="í">í</t>
        <t c="Khöfn">Khöfn</t>
        <t c="1888">1888</t>
        <t c=",">,</t>
        <t c="enda">enda</t>
        <t c="eru">eru</t>
        <t c="hin">hin</t>
        <t c="einu">einu</t>
        <t c="litunarefni">litunarefni</t>
        <t c="í">í</t>
        <t c="verzlunum">verslunum</t>
        <t c=",">,</t>
        <t c="er">er</t>
        <t c="samsett">samsett</t>
        <t c="eru">eru</t>
        <t c="af">af</t>
        <t c="æfðum">æfðum</t>
        <t c="og">og</t>
        <t c="dugandi">dugandi</t>
        <t c="efnafræðing">efnafræðing</t>
        <t c=",">,</t>
        <t c="—">—</t>
        <t c="hin">hin</t>
        <t c="einu">einu</t>
        <t c="litunarefni">litunarefni</t>
        <t c=",">,</t>
        <t c="er">er</t>
        <t c="hver">hver</t>
        <t c="húsmóðir">húsmóðir</t>
        <t c="getur">getur</t>
        <t c="litað">litað</t>
        <t c="með">með</t>
        <t c="fljótt">fljótt</t>
        <t c="og">og</t>
        <t c="auðveldlega">auðveldlega</t>
        <t c="eins">eins</t>
        <t c="fallega">fallega</t>
        <t c="og">og</t>
        <t c="beztu">bestu</t>
        <t c="litarar">litarar</t>
        <t c=",">,</t>
        <t c="fást">fást</t>
        <t c="hjá">hjá</t>
        <t c="herra">herra</t>
        <t c="P.">P.</t>
    </s>
    <s>
        <t c="Thorsteinsson">Thorsteinsson</t>
        <t c=",">,</t>
        <t c="Bíldudal">Bíldudal</t>
        <t c=".">.</t>
    </s>
    <s>
        <t c="Buchs">Bugs</t>
        <t c="Farvefabrik">Farvefabrik</t>
        <t c=".">.</t>
    </s>
    <s>
        <t c="Studiestræde">Studiestræde</t>
        <t c="32">32</t>
        <t c=".">.</t>
    </s>
    <s>
        <t c="Kjöbenhavn">Köbenhavn</t>
        <t c="K.">K.</t>
    </s>
    <s>
        <t c="Lögfræðisleg">Lögfræðileg</t>
        <t c="formálabók">formálabók</t>
        <t c="(">(</t>
        <t c="M.">M.</t>
    </s>
    <s>
        <t c="Stephensen">Stephensen</t>
        <t c="og">og</t>
        <t c="L.">L.</t>
        <t c="E.">E.</t>
        <t c="Sveinbjörnsson">Sveinbjörnsson</t>
        <t c=")">)</t>
        <t c="fæst">fæst</t>
        <t c="á">á</t>
        <t c="afgreiðslustofu">afgreiðslustofu</t>
        <t c="Ísafoldar">Ísafoldar</t>
        <t c=".">.</t>
    </s>
    <s>
        <t c="Kostar">Kostar</t>
        <t c="í">í</t>
        <t c="kápu">kápu</t>
        <t c="r">r</t>
    </s>
    <s>
        <t c="Hör">Hör</t>
        <t c=",">,</t>
        <t c="hör">hör</t>
        <t c="!">!</t>
    </s>
    <s>
        <t c="Verdens-">Verdens-</t>
        <t c="Hör">Hör</t>
        <t c=",">,</t>
        <t c="hör">hör</t>
        <t c="!">!</t>
    </s>
    <s>
        <t c="Sy-maskine">Sy-maskine</t>
        <t c="Kr.">Kr.</t>
        <t c="4.95">4.95</t>
        <t c="Denne">Denne</t>
        <t c="Maskines">Maskinn</t>
        <t c="Præstationsevne">Præstationsevne</t>
        <t c="er">er</t>
        <t c="vidunderlig">vidunderlig</t>
        <t c=",">,</t>
        <t c="den">den</t>
        <t c="syer">sér</t>
        <t c="alt">allt</t>
        <t c="fortrinligt">fortrinligt</t>
        <t c=",">,</t>
        <t c="det">det</t>
        <t c="tykkere">akkeri</t>
        <t c="Stof">Stof</t>
        <t c="saavel">safel</t>
        <t c="som">som</t>
        <t c="den">den</t>
        <t c="fineste">fineste</t>
        <t c="Chiffon">Siffon</t>
        <t c=",">,</t>
        <t c="arbejder">arðber</t>
        <t c="godt">godt</t>
        <t c=",">,</t>
        <t c="er">er</t>
        <t c="henrivende">henrivende</t>
        <t c="udstyres">óstyrks</t>
        <t c=",">,</t>
        <t c="guldbronceret">guldbronceret</t>
        <t c=",">,</t>
        <t c="en">en</t>
        <t c="Prydelse">Prydelse</t>
        <t c="in">in</t>
        <t c="enhver">enhver</t>
        <t c="Salon">Salon</t>
        <t c=".">.</t>
    </s>
    <s>
        <t c="Utilgivelig">Utilgivelig</t>
        <t c="hvor">hvor</t>
        <t c="den">den</t>
        <t c="mangler">manglar</t>
        <t c="i">í</t>
        <t c="Huset">Hvet</t>
        <t c=".">.</t>
    </s>
    <s>
        <t c="Hvem">Hve</t>
        <t c="havde">hve</t>
        <t c="nogensinde">noggsins</t>
        <t c="troet">trog</t>
        <t c=",">,</t>
        <t c="at">at</t>
        <t c="en">en</t>
        <t c="Symaskine">Amaskinn</t>
        <t c="kunne">kunne</t>
        <t c="tilvejebringes">tilvejebringes</t>
        <t c="for">for</t>
        <t c="Kr.">Kr.</t>
        <t c="4.95">4.95</t>
        <t c=".">.</t>
    </s>
    <s>
        <t c="Omsætningen">Omsætningen</t>
        <t c="af">af</t>
        <t c="denne">denne</t>
        <t c="Maskine">Maskin</t>
        <t c="er">er</t>
        <t c="kolossal">krossa</t>
        <t c=".">.</t>
    </s>
    <s>
        <t c="Enhver">Enhver</t>
        <t c="maa">maa</t>
        <t c="derfor">derfor</t>
        <t c="bestille">bestir</t>
        <t c="den">den</t>
        <t c="straks">stráks</t>
        <t c=",">,</t>
        <t c="da">da</t>
        <t c="den">den</t>
        <t c="snart">snart</t>
        <t c="vil">vil</t>
        <t c="være">være</t>
        <t c="udsolgt">volgt</t>
        <t c=".">.</t>
    </s>
    <s>
        <t c="Et">Et</t>
        <t c="Kort">Kort</t>
        <t c="er">er</t>
        <t c="tilstrækkelig">tilstrækkelig</t>
        <t c="til">til</t>
        <t c="Bestilling">Bestilling</t>
        <t c=".">.</t>
    </s>
    <s>
        <t c="Forsendas">Forsenda</t>
        <t c="til">til</t>
        <t c="alle">alle</t>
        <t c="Verdens">Verdens</t>
        <t c="Egne">Egna</t>
        <t c=",">,</t>
        <t c="da">da</t>
        <t c="Spekenne">Spekinni</t>
        <t c="ere">eru</t>
        <t c="meget">meget</t>
        <t c="ringe">ring</t>
        <t c="imod">imod</t>
        <t c="kontant">konan</t>
        <t c="eller">eller</t>
        <t c="Efterkrav">Efterkrav</t>
        <t c=".">.</t>
    </s>
    <s>
        <t c="Forsendelsesstedet">Forsendelsesstedet</t>
        <t c=":">:</t>
        <t c="L">L</t>
        <t c="Möller">Möller</t>
        <t c=",">,</t>
        <t c="Wien">Wien</t>
        <t c=",">,</t>
        <t c="Währing">Hring</t>
        <t c=",">,</t>
        <t c="Schule">Chile</t>
        <t c=".">.</t>
    </s>
    <s>
        <t c="10">10</t>
        <t c=".">.</t>
    </s>
    <s>
        <t c="Sýslanirnar">Sýslanirnar</t>
        <t c="sem">sem</t>
        <t c="ljósmóðir">ljósmóðir</t>
        <t c="í">í</t>
        <t c="Kjósar-">Kjósar-</t>
        <t c="og">og</t>
        <t c="Rosmhvalaneshreppi">Rosmhvalaneshreppi</t>
        <t c="eru">eru</t>
        <t c="lausar">lausar</t>
        <t c=".">.</t>
    </s>
    <s>
        <t c="Umsóknir">Umsóknir</t>
        <t c="um">um</t>
        <t c="sýslanir">sýslanir</t>
        <t c="þessar">þessar</t>
        <t c="sendist">sendist</t>
        <t c="til">til</t>
        <t c="mín">mín</t>
        <t c=",">,</t>
        <t c="sem">sem</t>
        <t c="oddvita">oddvita</t>
        <t c="sýslunefndar">sýslunefndar</t>
        <t c="Kjósar-">Kjósar-</t>
        <t c="og">og</t>
        <t c="Gullbringusýslu">Gullbringusýslu</t>
        <t c=".">.</t>
    </s>
    <s>
        <t c="Engin">Engin</t>
        <t c="getur">getur</t>
        <t c="orðið">orðið</t>
        <t c="skipuð">skipuð</t>
        <t c=",">,</t>
        <t c="nema">nema</t>
        <t c="hún">hún</t>
        <t c="hafi">hafi</t>
        <t c="leyst">leyst</t>
        <t c="af">af</t>
        <t c="hendi">hendi</t>
        <t c="próf">próf</t>
        <t c=",">,</t>
        <t c="og">og</t>
        <t c="verður">verður</t>
        <t c="vottorð">vottorð</t>
        <t c="um">um</t>
        <t c="það">það</t>
        <t c="að">að</t>
        <t c="fylgja">fylgja</t>
        <t c=",">,</t>
        <t c="umsóknar-brjefunum">umsóknarbréfunum</t>
        <t c=".">.</t>
    </s>
    <s>
        <t c="Skrifstofu">Skrifstofu</t>
        <t c="Kjósar-">Kjósar-</t>
        <t c="og">og</t>
        <t c="Gullbringusýslu">Gullbringusýslu</t>
        <t c="27.">27.</t>
        <t c="des.">des.</t>
        <t c="1889">1889</t>
        <t c="Franz">Franz</t>
        <t c="Siemsen">Siemsen</t>
        <t c=".">.</t>
    </s>
    <s>
        <t c="Saga">Saga</t>
        <t c="lyfjasveinsins">lyfsteinsins</t>
        <t c=".">.</t>
    </s>
    <s>
        <t c="við">við</t>
        <t c="að">að</t>
        <t c="næra">næra</t>
        <t c="sjúkling">sjúkling</t>
        <t c=",">,</t>
        <t c="er">er</t>
        <t c="hafði">hafði</t>
        <t c="hálsveiki">hálsveiki</t>
        <t c="(">(</t>
        <t c="diphteria">diktera</t>
        <t c=")">)</t>
        <t c=",">,</t>
        <t c="og">og</t>
        <t c="skorið">skorið</t>
        <t c="hafði">hafði</t>
        <t c="verið">verið</t>
        <t c="á">á</t>
        <t c="vjelindað">vélindað</t>
        <t c="í">í</t>
        <t c="til">til</t>
        <t c="þess">þess</t>
        <t c="að">að</t>
        <t c="ná">ná</t>
        <t c="út">út</t>
        <t c="slími">slími</t>
        <t c="og">og</t>
        <t c="greptri">greftri</t>
        <t c=",">,</t>
        <t c="og">og</t>
        <t c="hafði">hafði</t>
        <t c="eitthvað">eitthvað</t>
        <t c="af">af</t>
        <t c="af">af</t>
        <t c="matnum">matnum</t>
        <t c="hrokkið">hrokkið</t>
        <t c="ofan">ofan</t>
        <t c="í">í</t>
        <t c="barkann">barkann</t>
        <t c=".">.</t>
    </s>
    <s>
        <t c="Sjúklingnum">Sjúklingnum</t>
        <t c="svelgdist">svelgdist</t>
        <t c="á">á</t>
        <t c=",">,</t>
        <t c="og">og</t>
        <t c="hóstaði">hóstaði</t>
        <t c="þá">þá</t>
        <t c="um">um</t>
        <t c="leið">leið</t>
        <t c="greptri">greftri</t>
        <t c=",">,</t>
        <t c="sem">sem</t>
        <t c="hrökk">hrökk</t>
        <t c="í">í</t>
        <t c="augað">augað</t>
        <t c="á">á</t>
        <t c="henni">henni</t>
        <t c="(">(</t>
        <t c="stúlkunni">stúlkunni</t>
        <t c=")">)</t>
        <t c=".">.</t>
    </s>
    <s>
        <t c="Augað">Augað</t>
        <t c="spilltist">spilltist</t>
        <t c="þegar">þegar</t>
        <t c="og">og</t>
        <t c="bólgnaði">bólgnaði</t>
        <t c="af">af</t>
        <t c="ólyfjan">ólyfjan</t>
        <t c="þessari">þessari</t>
        <t c=".">.</t>
    </s>
    <s>
        <t c="Það">Það</t>
        <t c="varð">varð</t>
        <t c="að">að</t>
        <t c="taka">taka</t>
        <t c="augað">augað</t>
        <t c="úr">úr</t>
        <t c="henni">henni</t>
        <t c=".">.</t>
    </s>
    <s>
        <t c="En">En</t>
        <t c="hún">hún</t>
        <t c="náði">náði</t>
        <t c="sjer">sér</t>
        <t c="ekki">ekki</t>
        <t c="aptur">aftur</t>
        <t c="fyrir">fyrir</t>
        <t c="það">það</t>
        <t c=".">.</t>
    </s>
    <s>
        <t c="»">»</t>
        <t c="En">En</t>
        <t c="það">það</t>
        <t c="var">var</t>
        <t c="nú">nú</t>
        <t c="ekki">ekki</t>
        <t c="það">það</t>
        <t c=",">,</t>
        <t c="sem">sem</t>
        <t c="jeg">ég</t>
        <t c="vildi">vildi</t>
        <t c="yður">yður</t>
        <t c="«">«</t>
        <t c=",">,</t>
        <t c="mælti">mælti</t>
        <t c="hún">hún</t>
        <t c=".">.</t>
    </s>
    <s>
        <t c="»">»</t>
        <t c="Mig">Mig</t>
        <t c="langaði">langaði</t>
        <t c="til">til</t>
        <t c="að">að</t>
        <t c="tala">tala</t>
        <t c="við">við</t>
        <t c="yður">yður</t>
        <t c="um">um</t>
        <t c="það">það</t>
        <t c=",">,</t>
        <t c="þegar">þegar</t>
        <t c="við">við</t>
        <t c="hittumst">hittumst</t>
        <t c="hjerna">hérna</t>
        <t c="spítalagarðinum">skólagarðinum</t>
        <t c="um">um</t>
        <t c="árið">árið</t>
        <t c=".">.</t>
    </s>
    <s>
        <t c="Þjer">Þér</t>
        <t c="heyrðuð">heyrðuð</t>
        <t c=",">,</t>
        <t c="hverju">hverju</t>
        <t c="jeg">ég</t>
        <t c="hótaði">hótaði</t>
        <t c="honum">honum</t>
        <t c="Dr.">Dr.</t>
        <t c="Burt">Burt</t>
        <t c="þá">þá</t>
        <t c=";">;</t>
        <t c="mjer">mér</t>
        <t c="tókst">tókst</t>
        <t c="líka">líka</t>
        <t c="að">að</t>
        <t c="hefna">hefna</t>
        <t c="mín">mín</t>
        <t c=",">,</t>
        <t c="eins">eins</t>
        <t c="og">og</t>
        <t c="jeg">ég</t>
        <t c="ætlaði">ætlaði</t>
        <t c="mjer">mér</t>
        <t c=".">.</t>
    </s>
    <s>
        <t c="Það">Það</t>
        <t c="var">var</t>
        <t c="jeg">ég</t>
        <t c=",">,</t>
        <t c="sem">sem</t>
        <t c="varð">varð</t>
        <t c="honum">honum</t>
        <t c="að">að</t>
        <t c="falli">falli</t>
        <t c=".">.</t>
    </s>
    <s>
        <t c="Það">Það</t>
        <t c="var">var</t>
        <t c="jeg">ég</t>
        <t c=",">,</t>
        <t c="sem">sem</t>
        <t c="kom">kom</t>
        <t c="upp">upp</t>
        <t c="með">með</t>
        <t c="það">það</t>
        <t c=",">,</t>
        <t c="að">að</t>
        <t c="brúka">brúka</t>
        <t c="»">»</t>
        <t c="cocainið">kominið</t>
        <t c="«">«</t>
    </s>
    <s>
        <t c="eins">eins</t>
        <t c="og">og</t>
        <t c="inntöku">inntöku</t>
        <t c=".">.</t>
    </s>
    <s>
        <t c="Það">Það</t>
        <t c="var">var</t>
        <t c="jeg">ég</t>
        <t c=",">,</t>
        <t c="sem">sem</t>
        <t c="bætti">bætti</t>
        <t c="við">við</t>
        <t c="núllinu">núllinu</t>
        <t c="aptan">aftan</t>
        <t c="við">við</t>
        <t c="8">8</t>
        <t c="í">í</t>
        <t c="hinni">hinni</t>
        <t c="forskriptinni">forskriftinni</t>
        <t c=",">,</t>
        <t c="svo">svo</t>
        <t c="að">að</t>
        <t c="það">það</t>
        <t c="urðu">urðu</t>
        <t c="80">80</t>
        <t c="grön">grön</t>
        <t c=".">.</t>
    </s>
    <s>
        <t c="Loks">Loks</t>
        <t c="var">var</t>
        <t c="það">það</t>
        <t c="jeg">ég</t>
        <t c=",">,</t>
        <t c="sem">sem</t>
        <t c="breytti">breytti</t>
        <t c="tuttugu">tuttugu</t>
        <t c="grön">grön</t>
        <t c="í">í</t>
        <t c="sjötíu">sjötíu</t>
        <t c="grön">grön</t>
        <t c=".">.</t>
    </s>
    <s>
        <t c="Þjer">Þér</t>
        <t c="skiljið">skiljið</t>
        <t c="ekki">ekki</t>
        <t c="í">í</t>
        <t c="því">því</t>
        <t c=";">;</t>
        <t c="en">en</t>
        <t c="það">það</t>
        <t c="var">var</t>
        <t c="samt">samt</t>
        <t c="ofureinfalt">ofureinfalt</t>
        <t c=".">.</t>
    </s>
    <s>
        <t c="Ekki">Ekki</t>
        <t c="þurfti">þurfti</t>
        <t c="annað">annað</t>
        <t c="en">en</t>
        <t c="gjöra">gjöra</t>
        <t c="krók">krók</t>
        <t c="neðan">neðan</t>
        <t c="á">á</t>
        <t c="legginn">legginn</t>
        <t c="á">á</t>
        <t c="upphafs-t-ið">upphafsorð</t>
        <t c="í">í</t>
        <t c="twenty">lenti</t>
        <t c="[">[</t>
        <t c="tuttugu">tuttugu</t>
        <t c="á">á</t>
        <t c="ensku">ensku</t>
        <t c="]">]</t>
        <t c="og">og</t>
        <t c="annan">annan</t>
        <t c="á">á</t>
        <t c="fyrsta">fyrsta</t>
        <t c="legginn">legginn</t>
        <t c="á">á</t>
        <t c="næsta">næsta</t>
        <t c="stafnum">stafnum</t>
        <t c=",">,</t>
        <t c="w">w</t>
        <t c=";">;</t>
        <t c="þá">þá</t>
        <t c="er">er</t>
        <t c="orðið">orðið</t>
        <t c="úr">úr</t>
        <t c="því">því</t>
        <t c="seventy">sementi</t>
        <t c="[">[</t>
        <t c="sjötíu">sjötíu</t>
        <t c="á">á</t>
        <t c="ensku">ensku</t>
        <t c="]">]</t>
        <t c="«">«</t>
        <t c=".">.</t>
    </s>
    <s>
        <t c="Það">Það</t>
        <t c="var">var</t>
        <t c="voðalegt">voðalegt</t>
        <t c="að">að</t>
        <t c="heyra">heyra</t>
        <t c="og">og</t>
        <t c="sjá">sjá</t>
        <t c=",">,</t>
        <t c="hvað">hvað</t>
        <t c="hún">hún</t>
        <t c="kvaldist">kvaldist</t>
        <t c="á">á</t>
        <t c="banasænginni">banasænginni</t>
        <t c="af">af</t>
        <t c="samvizku-biti">samviskubiti</t>
        <t c="fyrir">fyrir</t>
        <t c="illgjörðir">illgjörðir</t>
        <t c="þessar">þessar</t>
        <t c=".">.</t>
    </s>
    <s>
        <t c="—">—</t>
        <t c="Jeg">Ég</t>
        <t c="gleymi">gleymi</t>
        <t c="því">því</t>
        <t c="aldrei">aldrei</t>
        <t c="meðan">meðan</t>
        <t c="jeg">ég</t>
        <t c="lifi">lifi</t>
        <t c=",">,</t>
        <t c="hve">hve</t>
        <t c="viðskilnaður">viðskilnaður</t>
        <t c="hennar">hennar</t>
        <t c="varð">varð</t>
        <t c="hræðilega">hræðilega</t>
        <t c="aumur">aumur</t>
        <t c="og">og</t>
        <t c="brjóstumkennanlegur">brjóstumkennanlegur</t>
        <t c=".">.</t>
    </s>
    <s>
        <t c="(">(</t>
        <t c="Úr">Úr</t>
        <t c="ensku">ensku</t>
        <t c=")">)</t>
        <t c=".">.</t>
    </s>
    <s>
        <t c="Kun">Kunn</t>
        <t c="kr">kr</t>
        <t c="2.50">2.50</t>
        <t c="Vidunderlig">Vidunderlig</t>
        <t c="Kun">Kunn</t>
        <t c="kr.">kr.</t>
        <t c="2.50">2.50</t>
        <t c="er">er</t>
        <t c="Müllers">Glers</t>
        <t c="Selvbarberer">Selvbarberer</t>
        <t c=".">.</t>
    </s>
    <s>
        <t c="Nyeste">Næsta</t>
        <t c="Barberapparat">Barberapparat</t>
        <t c=",">,</t>
        <t c="hvormed">hvort</t>
        <t c="enhver">enhver</t>
        <t c="hurtig">hurti</t>
        <t c="og">og</t>
        <t c="let">let</t>
        <t c="kan">kan</t>
        <t c="barbers">barbera</t>
        <t c="sig">sig</t>
        <t c="selv">selv</t>
        <t c="uden">uden</t>
        <t c="nogen">norn</t>
        <t c="som">som</t>
        <t c="helst">helst</t>
        <t c="Vanskelige">Vanskilin</t>
        <t c=".">.</t>
    </s>
    <s>
        <t c="Ingen">Ingen</t>
        <t c="Riven">Sven</t>
        <t c="Ingen">Ingen</t>
        <t c="Skjæden">Skjöl</t>
        <t c="men">men</t>
        <t c="derimod">derið</t>
        <t c="simpelt">simpilt</t>
        <t c="og">og</t>
        <t c="let">let</t>
        <t c=".">.</t>
    </s>
    <s>
        <t c="Mange">Mange</t>
        <t c="Penge">Penge</t>
        <t c="sparrs">sparrs</t>
        <t c="ved">ved</t>
        <t c="Selvbarber-Apparatet">Selvbarber-Apparatet</t>
        <t c=".">.</t>
    </s>
    <s>
        <t c="Uundværlig">Uundværlig</t>
        <t c="for">for</t>
        <t c="enhver">enhver</t>
        <t c=",">,</t>
        <t c="intet">intet</t>
        <t c="gjör">gjör</t>
        <t c="sig">sig</t>
        <t c="saa">saa</t>
        <t c="hurtig">hurti</t>
        <t c="betalt">betan</t>
        <t c="som">som</t>
        <t c="denne">denne</t>
        <t c="Pris">Prins</t>
        <t c="kun">kunn</t>
        <t c="Kr.">Kr.</t>
        <t c="2.50">2.50</t>
        <t c=".">.</t>
    </s>
    <s>
        <t c="Forsendelse">Forsendur</t>
        <t c="mod">mod</t>
        <t c="Postefterkrav">Postefterkrav</t>
        <t c=".">.</t>
    </s>
    <s>
        <t c="Ved">Ved</t>
        <t c="forudgaaende">forudgaaende</t>
        <t c="Indsendslse">Indsendslse</t>
        <t c="af">af</t>
        <t c="Kr.">Kr.</t>
        <t c="3.">3.</t>
        <t c="—">—</t>
        <t c="Told-">Toll</t>
        <t c="og">og</t>
        <t c="Afgiftsfri">Afgiftir</t>
        <t c="gjennem">genum</t>
        <t c="Hoveddepotet">Hoveddepotet</t>
        <t c=".">.</t>
    </s>
    <s>
        <t c="L.">L.</t>
        <t c="Müller">Müller</t>
        <t c=",">,</t>
        <t c="Wien">Wien</t>
        <t c=".">.</t>
    </s>
    <s>
        <t c="Wäring">Hring</t>
        <t c=",">,</t>
        <t c="Scbulgasse">Scbulgasse</t>
        <t c="10">10</t>
        <t c=".">.</t>
    </s>
    <s>
        <t c="THORVARDSON">THORDARSON</t>
        <t c="&amp;">&amp;</t>
        <t c="JENSEN">JENSEN</t>
        <t c=".">.</t>
    </s>
    <s>
        <t c="BÓKBANDS-VERKSTOFA">BÓKBANDS-VERKSTOFA</t>
        <t c=".">.</t>
    </s>
    <s>
        <t c="Bankastræti">Bankastræti</t>
        <t c="12">12</t>
        <t c="(">(</t>
        <t c="hús">hús</t>
        <t c="Jóns">Jóns</t>
        <t c="Ólafssonar">Ólafssonar</t>
        <t c="alþ.m.">alþ.m.</t>
    </s>
    <s>
        <t c="Samkv.">Samkv.</t>
        <t c="áður">áður</t>
        <t c="útgefinni">útgefinni</t>
        <t c="auglýsingu">auglýsingu</t>
        <t c="í">í</t>
        <t c="Ísafold">Ísafold</t>
        <t c="verður">verður</t>
        <t c="Tombóla">Tombóla</t>
        <t c="haldin">haldin</t>
        <t c="í">í</t>
        <t c="barnaskólahúsinu">barnaskólahúsinu</t>
        <t c="á">á</t>
        <t c="Bjarnastöðum">Bjarnastöðum</t>
        <t c="í">í</t>
        <t c="Bessast.hrepp">Bessast.hrepp</t>
        <t c="föstud.">föstud.</t>
        <t c="3">3</t>
        <t c=".">.</t>
    </s>
    <s>
        <t c="jan.">jan.</t>
        <t c="n.">n.</t>
        <t c="k.">k.</t>
        <t c="kl.">kl.</t>
        <t c="12">12</t>
        <t c="—">—</t>
        <t c="2">2</t>
        <t c=",">,</t>
        <t c="kl.">kl.</t>
        <t c="3">3</t>
        <t c="—">—</t>
        <t c="5">5</t>
        <t c=",">,</t>
        <t c="og">og</t>
        <t c="kl.">kl.</t>
        <t c="6">6</t>
        <t c="—">—</t>
        <t c="8">8</t>
        <t c="eptir">eftir</t>
        <t c="hád.">hád.</t>
    </s>
    <s>
        <t c="Margir">Margir</t>
        <t c="ágætir">ágætir</t>
        <t c="munir">munir</t>
        <t c=",">,</t>
        <t c="þar">þar</t>
        <t c="á">á</t>
        <t c="meðal">meðal</t>
        <t c="uppdráttur">uppdráttur</t>
        <t c="Íslands">Íslands</t>
        <t c=",">,</t>
        <t c="sem">sem</t>
        <t c="kostar">kostar</t>
        <t c="18">18</t>
        <t c="kr.">kr.</t>
    </s>
    <s>
        <t c="Tombólunefndinldn">Tombólunefndinldn</t>
    </s>
    <s>
        <t c="Lán">Lán</t>
        <t c="má">má</t>
        <t c="fá">fá</t>
        <t c="úr">úr</t>
        <t c="Söfnunarsjóði">Söfnunarsjóði</t>
        <t c="Íslands">Íslands</t>
        <t c="gegn">gegn</t>
        <t c="veði">veði</t>
        <t c="í">í</t>
        <t c="fasteign">fasteign</t>
        <t c="og">og</t>
        <t c="4">4</t>
        <t c="1/2%">1/2%</t>
        <t c="vöxtum">vöxtum</t>
        <t c="um">um</t>
        <t c="árið">árið</t>
        <t c=".">.</t>
    </s>
    <s>
        <t c="Þeir">Þeir</t>
        <t c=",">,</t>
        <t c="sem">sem</t>
        <t c="vilja">vilja</t>
        <t c="leggja">leggja</t>
        <t c="fje">fé</t>
        <t c="inn">inn</t>
        <t c="í">í</t>
        <t c="nýjar">nýjar</t>
        <t c="viðskiptabækur">viðskiptabækur</t>
        <t c="við">við</t>
        <t c="Söfnunarsjóðinn">Söfnunarsjóðinn</t>
        <t c=",">,</t>
        <t c="þurfa">þurfa</t>
        <t c="skriflega">skriflega</t>
        <t c="að">að</t>
        <t c="taka">taka</t>
        <t c="fram">fram</t>
        <t c=":">:</t>
        <t c="í">í</t>
        <t c="hverja">hverja</t>
        <t c="deild">deild</t>
        <t c="og">og</t>
        <t c="með">með</t>
        <t c="hverjum">hverjum</t>
        <t c="skilmálum">skilmálum</t>
        <t c="þeir">þeir</t>
        <t c="vilja">vilja</t>
        <t c="gera">gera</t>
        <t c="það">það</t>
        <t c=";">;</t>
        <t c="brjef">bréf</t>
        <t c="um">um</t>
        <t c="þetta">þetta</t>
        <t c="er">er</t>
        <t c="æskilegt">æskilegt</t>
        <t c=",">,</t>
        <t c="að">að</t>
        <t c="komin">komin</t>
        <t c="sjeu">séu</t>
        <t c="til">til</t>
        <t c="stjórnar">stjórnar</t>
        <t c="sjóðsins">sjóðsins</t>
        <t c="fyrir">fyrir</t>
        <t c="þann">þann</t>
        <t c="dag">dag</t>
        <t c=",">,</t>
        <t c="sem">sem</t>
        <t c="fjeð">féð</t>
        <t c="á">á</t>
        <t c="að">að</t>
        <t c="leggjast">leggjast</t>
        <t c="inn">inn</t>
        <t c=".">.</t>
    </s>
    <s>
        <t c="Reykjavík">Reykjavík</t>
        <t c="27.">27.</t>
        <t c="des.">des.</t>
        <t c="1839">1839</t>
        <t c=".">.</t>
    </s>
    <s>
        <t c="Eiríkur">Eiríkur</t>
        <t c="Briem">Briem</t>
        <t c=".">.</t>
    </s>
    <s>
        <t c="Hinn">Hinn</t>
        <t c="23.">23.</t>
        <t c="þ.">þ.</t>
        <t c="m.">m.</t>
        <t c="var">var</t>
        <t c="við">við</t>
        <t c="opinbert">opinbert</t>
        <t c="uppboð">uppboð</t>
        <t c="í">í</t>
        <t c="Bessastaðahreppi">Bessastaðanesi</t>
        <t c="selt">selt</t>
        <t c="veturgamalt">veturgamalt</t>
        <t c="hesttryppi">hesttrippi</t>
        <t c=",">,</t>
        <t c="ljóst">ljóst</t>
        <t c="á">á</t>
        <t c="lit">lit</t>
        <t c=".">.</t>
    </s>
    <s>
        <t c="Mark">Mark</t>
        <t c="á">á</t>
        <t c="því">því</t>
        <t c="er">er</t>
        <t c="biti">biti</t>
        <t c="fr.">fr.</t>
        <t c="h.">h.</t>
        <t c="biti">biti</t>
        <t c="fr.">fr.</t>
        <t c="v.">v.</t>
    </s>
    <s>
        <t c="Rjettur">Réttur</t>
        <t c="eigand">eigandi</t>
        <t c="getur">getur</t>
        <t c="fengið">fengið</t>
        <t c="tryppið">tryppið</t>
        <t c="innan">innan</t>
        <t c="14">14</t>
        <t c="daga">daga</t>
        <t c="frá">frá</t>
        <t c="birtingu">birtingu</t>
        <t c="þessarar">þessarar</t>
        <t c="auglýsingar">auglýsingar</t>
        <t c=",">,</t>
        <t c="með">með</t>
        <t c="því">því</t>
        <t c="að">að</t>
        <t c="borga">borga</t>
        <t c="allan">allan</t>
        <t c="áfallinn">áfallinn</t>
        <t c="kostnað">kostnað</t>
        <t c=";">;</t>
        <t c="en">en</t>
        <t c="eptir">eftir</t>
        <t c="þann">þann</t>
        <t c="tíma">tíma</t>
        <t c="að">að</t>
        <t c="eins">eins</t>
        <t c="verð">verð</t>
        <t c="þess">þess</t>
        <t c=",">,</t>
        <t c="að">að</t>
        <t c="frádregnum">frádregnum</t>
        <t c="auglýsingar-">auglýsingar-</t>
        <t c="og">og</t>
        <t c="uppboðskostnaði">uppboðskostnaði</t>
        <t c=".">.</t>
    </s>
    <s>
        <t c="Hliði">Hliði</t>
        <t c="23.">23.</t>
        <t c="des.">des.</t>
        <t c="1889">1889</t>
        <t c=".">.</t>
    </s>
    <s>
        <t c="Jón">Jón</t>
        <t c="Þórðarson">Þórðarson</t>
        <t c=".">.</t>
    </s>
    <s>
        <t c="100">100</t>
        <t c="Kroner">Kroner</t>
        <t c="tilsikkres">tilsækis</t>
        <t c="enhver">enhver</t>
        <t c="Lungelidende">Lungelidende</t>
        <t c=",">,</t>
        <t c="som">som</t>
        <t c="efter">efter</t>
        <t c="Benyttelsen">Benyttelsen</t>
        <t c="af">af</t>
        <t c="det">det</t>
        <t c="verdensberömte">verdensberömte</t>
        <t c="Maltose-Præparat">Maltose-Præparat</t>
        <t c="ikke">ikke</t>
        <t c="finder">finur</t>
        <t c="sikker">akker</t>
        <t c="Hjælp">Hjálp</t>
        <t c=".">.</t>
    </s>
    <s>
        <t c="Hoste">Íste</t>
        <t c=",">,</t>
        <t c="Nærhed">Nærhald</t>
        <t c=",">,</t>
        <t c="Asthma">Astma</t>
        <t c=",">,</t>
        <t c="Lunge-">Lungu</t>
        <t c="og">og</t>
        <t c="Lufttör-Katarrh">Lufttör-Katarrh</t>
        <t c=",">,</t>
        <t c="Spyrning">Spyrning</t>
        <t c="o.">o.</t>
        <t c="s.">s.</t>
        <t c="v.">v.</t>
        <t c="opphörer">opphörer</t>
        <t c="allerede">alfred</t>
        <t c="efter">efter</t>
        <t c="nogle">nogle</t>
        <t c="Dages">Dags</t>
        <t c="Forlöb">Forlög</t>
        <t c=".">.</t>
    </s>
    <s>
        <t c="Hundrede">Hundrað</t>
        <t c="og">og</t>
        <t c="atter">attir</t>
        <t c="Hundrede">Hundrað</t>
        <t c="have">have</t>
        <t c="benyttet">beitti</t>
        <t c="Præparatet">Præparatet</t>
        <t c="med">með</t>
        <t c="gunstig">gunstin</t>
        <t c="Resultat">Resept</t>
        <t c=".">.</t>
    </s>
    <s>
        <t c="Maltose">Malta</t>
        <t c="er">er</t>
        <t c="ikke">ikke</t>
        <t c="et">et</t>
        <t c="Middel">Módel</t>
        <t c=",">,</t>
        <t c="hvis">hvis</t>
        <t c="Bestanddele">Bestanddele</t>
        <t c="holdes">holds</t>
        <t c="hemmelige">hemmert</t>
        <t c=";">;</t>
        <t c="det">det</t>
        <t c="erholdes">óholls</t>
        <t c="formedelst">formlegt</t>
        <t c="Indvirkning">Indvirkning</t>
        <t c="af">af</t>
        <t c="Malt">Malt</t>
        <t c="paa">paa</t>
        <t c="Mais">Maís</t>
        <t c=".">.</t>
    </s>
    <s>
        <t c="Attester">Attests</t>
        <t c="fra">frá</t>
        <t c="de">de</t>
        <t c="höieste">hvesta</t>
        <t c="Autoriteter">Autoriteter</t>
        <t c="staa">staða</t>
        <t c="til">til</t>
        <t c="Tjeneste">Tjeneste</t>
        <t c=".">.</t>
    </s>
    <s>
        <t c="Pris">Prins</t>
        <t c="3">3</t>
        <t c="Flasker">Flaskar</t>
        <t c="med">með</t>
        <t c="Kasse">Kassa</t>
        <t c="Kr.">Kr.</t>
    </s>
    <s>
        <t c="5">5</t>
        <t c=",">,</t>
        <t c="6">6</t>
        <t c="Flasker">Flaskar</t>
        <t c="Kr.">Kr.</t>
        <t c="9">9</t>
        <t c=",">,</t>
        <t c="12">12</t>
        <t c="Flasker">Flaskar</t>
        <t c="Kr.">Kr.</t>
        <t c="15">15</t>
        <t c=".">.</t>
    </s>
    <s>
        <t c="Albert">Albert</t>
        <t c="Zenker">Anker</t>
        <t c=",">,</t>
        <t c="Opfinderen">Opfinderen</t>
        <t c="af">af</t>
        <t c="Maltosepræpatet">Maltosepræpatet</t>
        <t c=".">.</t>
    </s>
    <s>
        <t c="Berlin">Berlín</t>
        <t c="(">(</t>
        <t c="26">26</t>
        <t c=")">)</t>
        <t c=",">,</t>
        <t c="Oranienstr">Oranienstr</t>
        <t c=".">.</t>
    </s>
    <s>
        <t c="118">118</t>
        <t c=".">.</t>
    </s>
    <s>
        <t c="Forngripasafnið">Forngripasafnið</t>
        <t c="opið">opið</t>
        <t c="hvern">hvern</t>
        <t c="mvd.">mvd.</t>
        <t c="og">og</t>
        <t c="ld.">ld.</t>
        <t c="kl.">kl.</t>
        <t c="1-2">1-2</t>
        <t c="landsbankinn">landsbankinn</t>
        <t c="opinn">opinn</t>
        <t c="hvern">hvern</t>
        <t c="virkan">virkan</t>
        <t c="dag">dag</t>
        <t c="kl.">kl.</t>
        <t c="12">12</t>
        <t c="—">—</t>
        <t c="2">2</t>
        <t c="Landsbókasafnið">Landsbókasafnið</t>
        <t c="opið">opið</t>
        <t c="hvern">hvern</t>
        <t c="rúmhelgan">rúmhelgan</t>
        <t c="dag">dag</t>
        <t c="kl.">kl.</t>
        <t c="12">12</t>
        <t c="—">—</t>
        <t c="2">2</t>
        <t c="útlán">útlán</t>
        <t c="md.">md.</t>
        <t c=",">,</t>
        <t c="mvd.">mvd.</t>
        <t c="og">og</t>
        <t c="ld.">ld.</t>
        <t c="kl.">kl.</t>
        <t c="2">2</t>
        <t c="—">—</t>
        <t c="3">3</t>
        <t c="Söfnunarsjóðurinn">Söfnunarsjóðurinn</t>
        <t c="opinn">opinn</t>
        <t c="I.">I.</t>
        <t c="mánud">mánuð</t>
        <t c=".">.</t>
    </s>
    <s>
        <t c="í">í</t>
        <t c="hverjum">hverjum</t>
        <t c="mánuði">mánuði</t>
        <t c="kl.">kl.</t>
        <t c="5">5</t>
        <t c="—">—</t>
        <t c="6">6</t>
    </s>
    <s>
        <t c="Veðurathuganir">Veðurathuganir</t>
        <t c="i">í</t>
        <t c="Reykjavík">Reykjavík</t>
        <t c=",">,</t>
        <t c="eptir">eftir</t>
        <t c="Dr.">Dr.</t>
        <t c="J.">J.</t>
        <t c="Jónassen">Jónassen</t>
        <t c=".">.</t>
    </s>
    <s>
        <t c="Allan">Allan</t>
        <t c="þriðjudaginn">þriðjudaginn</t>
        <t c="var">var</t>
        <t c="útsynningur">útsynningur</t>
        <t c="með">með</t>
        <t c="dimmum">dimmum</t>
        <t c="jeljum">éljum</t>
        <t c=";">;</t>
        <t c="daginn">daginn</t>
        <t c="eptir">eftir</t>
        <t c="logn">logn</t>
        <t c="og">og</t>
        <t c="ofanhríð">ofanhríð</t>
        <t c=";">;</t>
        <t c="gekk">gekk</t>
        <t c="í">í</t>
        <t c="útsuðrið">útsuðrið</t>
        <t c="aptur">aftur</t>
        <t c="með">með</t>
        <t c="jeljum">éljum</t>
        <t c=",">,</t>
        <t c="svo">svo</t>
        <t c="logn">logn</t>
        <t c="en">en</t>
        <t c="dimmur">dimmur</t>
        <t c="þar">þar</t>
        <t c="til">til</t>
        <t c="hann">hann</t>
        <t c="gekk">gekk</t>
        <t c="til">til</t>
        <t c="norðurs">norðurs</t>
        <t c="upp">upp</t>
        <t c="úr">úr</t>
        <t c="logni">logni</t>
        <t c="skömmu">skömmu</t>
        <t c="eptir">eftir</t>
        <t c="hádegið">hádegið</t>
        <t c="h.">h.</t>
        <t c="27">27</t>
        <t c=".">.</t>
    </s>
    <s>
        <t c="Í">Í</t>
        <t c="morgun">morgun</t>
        <t c="(">(</t>
        <t c="28.">28.</t>
        <t c=")">)</t>
        <t c="bjartur">bjartur</t>
        <t c="norðan">norðan</t>
        <t c=",">,</t>
        <t c="þó">þó</t>
        <t c="eigi">eigi</t>
        <t c="hvass">hvass</t>
        <t c=".">.</t>
    </s>
    <s>
        <t c="Hjer">Hér</t>
        <t c="er">er</t>
        <t c="nú">nú</t>
        <t c="talsverður">talsverður</t>
        <t c="snjór">snjór</t>
        <t c="á">á</t>
        <t c="jörðu">jörðu</t>
        <t c=".">.</t>
    </s>
    <s>
        <t c="Ritstjóri">Ritstjóri</t>
        <t c="Björn">Björn</t>
        <t c="Jónsson">Jónsson</t>
        <t c=",">,</t>
        <t c="cand.">cand.</t>
        <t c="phil.">phil.</t>
    </s>
    <s>
        <t c="Prentsmiðja">Prentsmiðja</t>
        <t c="Ísafoldar">Ísafoldar</t>
        <t c=".">.</t>
    </s>
</document>
