<?xml version="1.0" ?>
<document>
    <s>
        <t c="Blaðið">Blaðið</t>
        <t c="hefur">hefur</t>
        <t c="enga">enga</t>
        <t c="fasta">fasta</t>
        <t c="áskrifendur">áskrifendur</t>
        <t c=".">.</t>
    </s>
    <s>
        <t c="Hvert">Hvert</t>
        <t c="nr.">nr.</t>
        <t c="kostar">kostar</t>
        <t c="5">5</t>
        <t c="aur.">aur.</t>
        <t c=",">,</t>
        <t c="er">er</t>
        <t c="borgist">borgist</t>
        <t c="við">við</t>
        <t c="móttöku">móttöku</t>
        <t c=".">.</t>
    </s>
    <s>
        <t c="ÍSFIRÐINGUR">ÍSFIRÐINGUR</t>
        <t c="EIGANDI">EIGANDI</t>
        <t c=":">:</t>
        <t c="MÁLFUNDAFÉLAGIÐ">MÁLFUNDAFÉLAGIÐ</t>
        <t c="»">»</t>
        <t c="VÍSIR">VÍSIR</t>
        <t c="«">«</t>
    </s>
    <s>
        <t c="Blaðið">Blaðið</t>
        <t c="flytur">flytur</t>
        <t c="augl.">augl.</t>
    </s>
    <s>
        <t c="um">um</t>
        <t c="bæinn">bæinn</t>
        <t c="og">og</t>
        <t c="grendina">grindina</t>
        <t c="fyrir">fyrir</t>
        <t c="50">50</t>
        <t c="a.">a.</t>
        <t c="hvern">hvern</t>
        <t c="þuml.">þuml.</t>
        <t c="dálks">dálks</t>
        <t c=".">.</t>
    </s>
    <s>
        <t c="Afsláttur">Afsláttur</t>
        <t c=",">,</t>
        <t c="ef">ef</t>
        <t c="oft">oft</t>
        <t c="er">er</t>
        <t c="auglýst">auglýst</t>
        <t c="hið">hið</t>
        <t c="sama">sama</t>
        <t c=".">.</t>
    </s>
    <s>
        <t c="I.">I.</t>
        <t c="ár">ár</t>
        <t c=".">.</t>
    </s>
    <s>
        <t c="Nr">Nr.</t>
        <t c="1">1</t>
        <t c=".">.</t>
    </s>
    <s>
        <t c="ÍSAFJÖRÐUR">ÍSAFJÖRÐUR</t>
        <t c="9.">9.</t>
        <t c="septembermán.">septembermán.</t>
    </s>
    <s>
        <t c="Ritstj.">Ritstj.</t>
        <t c=":">:</t>
        <t c="J.">J.</t>
        <t c="FRÍMANN">FRÍMANN</t>
        <t c="Prentsm.">Prentsm.</t>
    </s>
    <s>
        <t c="St.">St.</t>
    </s>
    <s>
        <t c="Runólfssonar">Runólfssonar</t>
        <t c="1898">1898</t>
        <t c=".">.</t>
    </s>
    <s>
        <t c="Lof">Lof</t>
        <t c="’">’</t>
        <t c="mér">mér</t>
        <t c="inn">inn</t>
        <t c="!">!</t>
    </s>
    <s>
        <t c="—">—</t>
        <t c=":">:</t>
        <t c="o">o</t>
        <t c=":">:</t>
        <t c="—">—</t>
        <t c="Ungur">Ungur</t>
        <t c="er">er</t>
        <t c="ég">ég</t>
        <t c=",">,</t>
        <t c="ekki">ekki</t>
        <t c="stór">stór</t>
        <t c=",">,</t>
        <t c="út">út</t>
        <t c="verð">verð</t>
        <t c="samt">samt</t>
        <t c="að">að</t>
        <t c="fara">fara</t>
        <t c="’">’</t>
        <t c="á">á</t>
        <t c="kreik">kreik</t>
        <t c=".">.</t>
    </s>
    <s>
        <t c="Margur">Margur</t>
        <t c="knárri">knárri</t>
        <t c="fyrri">fyrri</t>
        <t c="fór">fór</t>
        <t c="að">að</t>
        <t c="framast">framast</t>
        <t c="ögn">ögn</t>
        <t c="í">í</t>
        <t c="hildarleik">hildarleik</t>
        <t c=",">,</t>
        <t c="því">því</t>
        <t c="komi">komi</t>
        <t c="að">að</t>
        <t c="mér">mér</t>
        <t c="kappaval">kappaval</t>
        <t c="ég">ég</t>
        <t c="kvíði">kvíði</t>
        <t c="fyrir">fyrir</t>
        <t c=",">,</t>
        <t c="drottinn">drottinn</t>
        <t c="minn">minn</t>
        <t c="!">!</t>
    </s>
    <s>
        <t c="Best">Best</t>
        <t c="ég">ég</t>
        <t c="hygg">hygg</t>
        <t c="að">að</t>
        <t c="sitja">sitja</t>
        <t c="í">í</t>
        <t c="sal">sal</t>
        <t c="hjá">hjá</t>
        <t c="svanna">svanna</t>
        <t c="blíðum">blíðum</t>
        <t c=",">,</t>
        <t c="—">—</t>
        <t c="lof">lof</t>
        <t c="’">’</t>
        <t c="mér">mér</t>
        <t c="inn">inn</t>
        <t c="!">!</t>
    </s>
    <s>
        <t c="»">»</t>
        <t c="Ísfirðingur">Ísfirðingur</t>
        <t c="«">«</t>
        <t c=",">,</t>
        <t c="orku">orku</t>
        <t c="smár">smár</t>
        <t c=",">,</t>
        <t c="er">er</t>
        <t c="mitt">mitt</t>
        <t c="heiti">heiti</t>
        <t c=",">,</t>
        <t c="lítið">lítið</t>
        <t c="get">get</t>
        <t c=";">;</t>
        <t c="enginn">enginn</t>
        <t c="feldi">feldi</t>
        <t c="yfir">yfir</t>
        <t c="tár">tár</t>
        <t c="af">af</t>
        <t c="ást">ást</t>
        <t c="til">til</t>
        <t c="mín">mín</t>
        <t c=",">,</t>
        <t c="þá">þá</t>
        <t c="skírast">skírast</t>
        <t c="lét">lét</t>
        <t c=",">,</t>
        <t c="því">því</t>
        <t c="vottar">vottar</t>
        <t c="engir">engir</t>
        <t c="voru">voru</t>
        <t c="við">við</t>
        <t c="og">og</t>
        <t c="vígður">vígður</t>
        <t c="enginn">enginn</t>
        <t c="klerkurinn">klerkurinn</t>
        <t c=",">,</t>
        <t c="hafnað">hafnað</t>
        <t c="því">því</t>
        <t c="var">var</t>
        <t c="hölda-sið">hölknið</t>
        <t c=",">,</t>
        <t c="en">en</t>
        <t c="—">—</t>
        <t c="hérna">hérna</t>
        <t c="kem">kem</t>
        <t c="ég">ég</t>
        <t c="!">!</t>
    </s>
    <s>
        <t c="—">—</t>
        <t c="lof">lof</t>
        <t c="’">’</t>
        <t c="mér">mér</t>
        <t c="inn">inn</t>
        <t c="!">!</t>
    </s>
    <s>
        <t c="Lítill">Lítill</t>
        <t c="er">er</t>
        <t c="ég">ég</t>
        <t c="ljúfa">ljúfa</t>
        <t c="mær">mær</t>
        <t c="lát">lát</t>
        <t c="það">það</t>
        <t c="ekki">ekki</t>
        <t c="fá">fá</t>
        <t c="á">á</t>
        <t c="þig">þig</t>
        <t c=",">,</t>
        <t c="—">—</t>
        <t c="ef">ef</t>
        <t c="að">að</t>
        <t c="kossinn">kossinn</t>
        <t c="ungrar">ungrar</t>
        <t c="fær">fær</t>
        <t c="mun">mun</t>
        <t c="oftast">oftast</t>
        <t c="strákur">strákur</t>
        <t c="herða">herða</t>
        <t c="sig">sig</t>
        <t c="—">—</t>
        <t c="nú">nú</t>
        <t c="vex">vex</t>
        <t c="ég">ég</t>
        <t c="bráðum">bráðum</t>
        <t c=",">,</t>
        <t c="vertu">vertu</t>
        <t c="góð">góð</t>
        <t c=",">,</t>
        <t c="ég">ég</t>
        <t c="vermi">vermi</t>
        <t c="»">»</t>
        <t c="máske">máske</t>
        <t c="«">«</t>
    </s>
    <s>
        <t c="rjóða">rjóða</t>
        <t c="kinn">kinn</t>
        <t c=".">.</t>
    </s>
    <s>
        <t c="En">En</t>
        <t c="lítt">lítt</t>
        <t c="’">’</t>
        <t c="á">á</t>
        <t c="úti">úti</t>
        <t c="lengi">lengi</t>
        <t c="stóð">stóð</t>
        <t c=".">.</t>
    </s>
    <s>
        <t c="og">og</t>
        <t c="—">—</t>
        <t c="lof">lof</t>
        <t c="’">’</t>
        <t c="mér">mér</t>
        <t c="nú">nú</t>
        <t c="að">að</t>
        <t c="koma">koma</t>
        <t c="inn">inn</t>
        <t c="!">!</t>
    </s>
    <s>
        <t c="»">»</t>
        <t c="ÍSFIRÐINGUR">ÍSFIRÐINGUR</t>
        <t c="«">«</t>
    </s>
    <s>
        <t c="heitir">heitir</t>
        <t c="þetta">þetta</t>
        <t c="litla">litla</t>
        <t c="blað">blað</t>
        <t c=",">,</t>
        <t c="sem">sem</t>
        <t c="nú">nú</t>
        <t c="hefur">hefur</t>
        <t c="göngu">göngu</t>
        <t c="sína">sína</t>
        <t c="í">í</t>
        <t c="fyrsta">fyrsta</t>
        <t c="sinni">sinni</t>
        <t c=".">.</t>
    </s>
    <s>
        <t c="Er">Er</t>
        <t c="hann">hann</t>
        <t c="einkum">einkum</t>
        <t c="ætlaður">ætlaður</t>
        <t c="Ísfirðingum">Ísfirðingum</t>
        <t c="og">og</t>
        <t c="nærsveitamönnum">nærsveitamönnum</t>
        <t c=".">.</t>
    </s>
    <s>
        <t c="Mun">Mun</t>
        <t c="hann">hann</t>
        <t c="því">því</t>
        <t c="einkum">einkum</t>
        <t c="fjalla">fjalla</t>
        <t c="um">um</t>
        <t c="bæjarmál">bæjarmál</t>
        <t c="og">og</t>
        <t c="annað">annað</t>
        <t c="það">það</t>
        <t c=",">,</t>
        <t c="er">er</t>
        <t c="honum">honum</t>
        <t c="þykir">þykir</t>
        <t c="þörf">þörf</t>
        <t c="að">að</t>
        <t c="minnast">minnast</t>
        <t c="á">á</t>
        <t c=",">,</t>
        <t c="og">og</t>
        <t c="ekki">ekki</t>
        <t c="fara">fara</t>
        <t c="í">í</t>
        <t c="launkofa">launkofa</t>
        <t c="með">með</t>
        <t c="það">það</t>
        <t c=",">,</t>
        <t c="er">er</t>
        <t c="lýðum">lýðum</t>
        <t c="þarf">þarf</t>
        <t c="að">að</t>
        <t c="vera">vera</t>
        <t c="ljóst">ljóst</t>
        <t c=".">.</t>
    </s>
    <s>
        <t c="Ýmsir">Ýmsir</t>
        <t c="hafa">hafa</t>
        <t c="talað">talað</t>
        <t c="um">um</t>
        <t c=",">,</t>
        <t c="að">að</t>
        <t c="þörf">þörf</t>
        <t c="væri">væri</t>
        <t c="á">á</t>
        <t c="svona">svona</t>
        <t c="löguðu">löguðu</t>
        <t c="blaði">blaði</t>
        <t c=",">,</t>
        <t c="ekki">ekki</t>
        <t c="síst">síst</t>
        <t c="fyrir">fyrir</t>
        <t c="þá">þá</t>
        <t c="sök">sök</t>
        <t c=",">,</t>
        <t c="að">að</t>
        <t c="»">»</t>
        <t c="Haukur">Haukur</t>
        <t c="«">«</t>
    </s>
    <s>
        <t c="og">og</t>
        <t c="»">»</t>
        <t c="Þjóðv.">Þjóðv.</t>
    </s>
    <s>
        <t c="ungi">ungi</t>
        <t c="«">«</t>
    </s>
    <s>
        <t c="vilja">vilja</t>
        <t c="ógjarnan">ógjarnan</t>
        <t c="sinna">sinna</t>
        <t c="smámálum">smámálum</t>
        <t c="og">og</t>
        <t c="svo">svo</t>
        <t c="kallaðri">kallaðri</t>
        <t c="hreppapólitík">hreppapólitík</t>
        <t c=".">.</t>
    </s>
    <s>
        <t c="»">»</t>
        <t c="Haukur">Haukur</t>
        <t c="«">«</t>
    </s>
    <s>
        <t c="er">er</t>
        <t c=",">,</t>
        <t c="eins">eins</t>
        <t c="og">og</t>
        <t c="kunnugt">kunnugt</t>
        <t c="er">er</t>
        <t c=",">,</t>
        <t c="sögu-">sögu-</t>
        <t c="og">og</t>
        <t c="fræði-blað">fræðiblað</t>
        <t c=",">,</t>
        <t c="sem">sem</t>
        <t c="álítur">álítur</t>
        <t c="sér">sér</t>
        <t c="óskylt">óskylt</t>
        <t c="mál">mál</t>
        <t c="annað">annað</t>
        <t c="en">en</t>
        <t c="það">það</t>
        <t c=",">,</t>
        <t c="sem">sem</t>
        <t c="grípur">grípur</t>
        <t c="beinlínis">beinlínis</t>
        <t c="inn">inn</t>
        <t c="í">í</t>
        <t c="verkahring">verkahring</t>
        <t c="hans">hans</t>
        <t c=".">.</t>
    </s>
    <s>
        <t c="»">»</t>
        <t c="Þjóðv.">Þjóðv.</t>
    </s>
    <s>
        <t c="ungi">ungi</t>
        <t c="«">«</t>
        <t c=",">,</t>
        <t c="sem">sem</t>
        <t c="einkum">einkum</t>
        <t c="leggur">leggur</t>
        <t c="stund">stund</t>
        <t c="á">á</t>
        <t c="stór-pólitík">stórpólitík</t>
        <t c="landsins">landsins</t>
        <t c=",">,</t>
        <t c="þykir">þykir</t>
        <t c="aftur">aftur</t>
        <t c="á">á</t>
        <t c="móti">móti</t>
        <t c="einrænn">einrænn</t>
        <t c=",">,</t>
        <t c="sjálfum">sjálfum</t>
        <t c="sjer">sér</t>
        <t c="bestur">bestur</t>
        <t c="og">og</t>
        <t c="eigi">eigi</t>
        <t c="við">við</t>
        <t c="allra">allra</t>
        <t c="hæfi">hæfi</t>
        <t c=".">.</t>
    </s>
    <s>
        <t c="»">»</t>
        <t c="ÍSFIRÐINGUR">ÍSFIRÐINGUR</t>
        <t c="«">«</t>
    </s>
    <s>
        <t c="gerir">gerir</t>
        <t c="ekki">ekki</t>
        <t c="ráð">ráð</t>
        <t c="fyrir">fyrir</t>
        <t c="nokkurri">nokkurri</t>
        <t c="ákveðinni">ákveðinni</t>
        <t c="blaðatölu">blaðatölu</t>
        <t c="yfir">yfir</t>
        <t c="árið">árið</t>
        <t c=",">,</t>
        <t c="enda">enda</t>
        <t c="er">er</t>
        <t c="hver">hver</t>
        <t c="sjálfráður">sjálfráður</t>
        <t c="um">um</t>
        <t c="það">það</t>
        <t c=",">,</t>
        <t c="hvort">hvort</t>
        <t c="hann">hann</t>
        <t c="vill">vill</t>
        <t c="kaupa">kaupa</t>
        <t c="1">1</t>
        <t c="eða">eða</t>
        <t c="fleiri">fleiri</t>
        <t c="nr.">nr.</t>
        <t c="Megin">Megin</t>
        <t c="reglan">reglan</t>
        <t c="er">er</t>
        <t c=",">,</t>
        <t c="að">að</t>
        <t c="hvert">hvert</t>
        <t c="nr.">nr.</t>
        <t c="borgist">borgist</t>
        <t c="við">við</t>
        <t c="móttöku">móttöku</t>
        <t c=".">.</t>
    </s>
    <s>
        <t c="Verði">Verði</t>
        <t c="»">»</t>
        <t c="Ísfirðing">Ísfirðing</t>
        <t c="«">«</t>
    </s>
    <s>
        <t c="vel">vel</t>
        <t c="fagnað">fagnað</t>
        <t c=",">,</t>
        <t c="sem">sem</t>
        <t c="vænta">vænta</t>
        <t c="má">má</t>
        <t c=",">,</t>
        <t c="í">í</t>
        <t c="svo">svo</t>
        <t c="fjölmennum">fjölmennum</t>
        <t c="bæ">bæ</t>
        <t c=",">,</t>
        <t c="þá">þá</t>
        <t c="mun">mun</t>
        <t c="hann">hann</t>
        <t c="láta">láta</t>
        <t c="sjá">sjá</t>
        <t c="sig">sig</t>
        <t c="oftar">oftar</t>
        <t c="en">en</t>
        <t c="ella">ella</t>
        <t c=".">.</t>
    </s>
    <s>
        <t c="Svo">Svo</t>
        <t c="býst">býst</t>
        <t c="hann">hann</t>
        <t c="og">og</t>
        <t c="við">við</t>
        <t c="góðum">góðum</t>
        <t c="viðtökum">viðtökum</t>
        <t c="hjá">hjá</t>
        <t c="nágrönnunum">nágrönnunum</t>
        <t c=",">,</t>
        <t c="þó">þó</t>
        <t c="lítill">lítill</t>
        <t c="sé">sé</t>
        <t c="og">og</t>
        <t c="ekki">ekki</t>
        <t c="mikill">mikill</t>
        <t c="fyrir">fyrir</t>
        <t c="sér">sér</t>
        <t c=".">.</t>
    </s>
    <s>
        <t c="Að">Að</t>
        <t c="svo">svo</t>
        <t c="mæltu">mæltu</t>
        <t c="felur">felur</t>
        <t c="»">»</t>
        <t c="Ísfirðingur">Ísfirðingur</t>
        <t c="«">«</t>
    </s>
    <s>
        <t c="frjálsum">frjálsum</t>
        <t c="og">og</t>
        <t c="óháðum">óháðum</t>
        <t c="kaupendum">kaupendum</t>
        <t c="framtíð">framtíð</t>
        <t c="sína">sína</t>
        <t c=",">,</t>
        <t c="og">og</t>
        <t c="óskar">óskar</t>
        <t c="að">að</t>
        <t c="góðum">góðum</t>
        <t c="mönnum">mönnum</t>
        <t c="og">og</t>
        <t c="réttsýnum">réttsýnum</t>
        <t c="megi">megi</t>
        <t c="jafnan">jafnan</t>
        <t c="vel">vel</t>
        <t c="farnast">farnast</t>
        <t c=".">.</t>
    </s>
    <s>
        <t c="„">„</t>
        <t c="Dropinn">Dropinn</t>
        <t c="holar">holar</t>
        <t c="steininn">steininn</t>
        <t c="“">“</t>
        <t c=".">.</t>
    </s>
    <s>
        <t c="Það">Það</t>
        <t c="hefur">hefur</t>
        <t c="oft">oft</t>
        <t c="verið">verið</t>
        <t c="brynt">brýnt</t>
        <t c="fyrir">fyrir</t>
        <t c="mönnum">mönnum</t>
        <t c=",">,</t>
        <t c="hve">hve</t>
        <t c="samtök">samtök</t>
        <t c="góðra">góðra</t>
        <t c="manna">manna</t>
        <t c="séu">séu</t>
        <t c="nauðsýnleg">nauðsynleg</t>
        <t c="til">til</t>
        <t c="þess">þess</t>
        <t c="að">að</t>
        <t c="fá">fá</t>
        <t c="gagnlegu">gagnlegu</t>
        <t c="málefni">málefni</t>
        <t c="framgengt">framgengt</t>
        <t c=".">.</t>
    </s>
    <s>
        <t c="En">En</t>
        <t c="hve">hve</t>
        <t c="erfitt">erfitt</t>
        <t c="er">er</t>
        <t c="ekki">ekki</t>
        <t c="að">að</t>
        <t c="fá">fá</t>
        <t c="menn">menn</t>
        <t c="til">til</t>
        <t c="þess">þess</t>
        <t c="að">að</t>
        <t c="trúa">trúa</t>
        <t c="því">því</t>
        <t c="og">og</t>
        <t c="sannfærast">sannfærast</t>
        <t c="um">um</t>
        <t c="það">það</t>
        <t c=".">.</t>
    </s>
    <s>
        <t c="Menn">Menn</t>
        <t c="halda">halda</t>
        <t c="oft">oft</t>
        <t c=",">,</t>
        <t c="að">að</t>
        <t c="þýðingarlaust">þýðingarlaust</t>
        <t c="sé">sé</t>
        <t c="að">að</t>
        <t c="byrja">byrja</t>
        <t c=",">,</t>
        <t c="ef">ef</t>
        <t c="ekki">ekki</t>
        <t c="er">er</t>
        <t c="hægt">hægt</t>
        <t c="að">að</t>
        <t c="byrja">byrja</t>
        <t c="svo">svo</t>
        <t c="miklu">miklu</t>
        <t c="nemi">nemi</t>
        <t c=",">,</t>
        <t c="en">en</t>
        <t c="gæta">gæta</t>
        <t c="þess">þess</t>
        <t c="ekki">ekki</t>
        <t c=",">,</t>
        <t c="að">að</t>
        <t c="»">»</t>
        <t c="dropinn">dropinn</t>
        <t c="holar">holar</t>
        <t c="steininn">steininn</t>
        <t c="«">«</t>
        <t c=".">.</t>
    </s>
    <s>
        <t c="Meiru">Meiru</t>
        <t c="skiftir">skiptir</t>
        <t c=",">,</t>
        <t c="að">að</t>
        <t c="rétt">rétt</t>
        <t c="og">og</t>
        <t c="skynsamlega">skynsamlega</t>
        <t c="sé">sé</t>
        <t c="byrjað">byrjað</t>
        <t c="og">og</t>
        <t c="með">með</t>
        <t c="einbeittum">einbeittum</t>
        <t c="áhuga">áhuga</t>
        <t c="og">og</t>
        <t c="fylgi">fylgi</t>
        <t c=",">,</t>
        <t c="en">en</t>
        <t c="að">að</t>
        <t c="stórt">stórt</t>
        <t c="spor">spor</t>
        <t c="sé">sé</t>
        <t c="stígið">stígið</t>
        <t c="í">í</t>
        <t c="fyrstu">fyrstu</t>
        <t c="og">og</t>
        <t c="vígamannlega">vígamannlega</t>
        <t c="af">af</t>
        <t c="stað">stað</t>
        <t c="farið">farið</t>
        <t c=".">.</t>
    </s>
    <s>
        <t c="Þannig">Þannig</t>
        <t c="er">er</t>
        <t c="því">því</t>
        <t c="og">og</t>
        <t c="varið">varið</t>
        <t c="með">með</t>
        <t c="kaupfélagsskapinn">kaupfélagsskapinn</t>
        <t c=",">,</t>
        <t c="engu">engu</t>
        <t c="síður">síður</t>
        <t c="en">en</t>
        <t c="hvern">hvern</t>
        <t c="annan">annan</t>
        <t c="góðan">góðan</t>
        <t c="félagsskap">félagsskap</t>
        <t c=".">.</t>
    </s>
    <s>
        <t c="Mest">Mest</t>
        <t c="er">er</t>
        <t c="undir">undir</t>
        <t c="því">því</t>
        <t c="komið">komið</t>
        <t c=",">,</t>
        <t c="að">að</t>
        <t c="grundvöllurinn">grundvöllurinn</t>
        <t c=",">,</t>
        <t c="sem">sem</t>
        <t c="hann">hann</t>
        <t c="er">er</t>
        <t c="byggður">byggður</t>
        <t c="á">á</t>
        <t c=",">,</t>
        <t c="sé">sé</t>
        <t c="traustur">traustur</t>
        <t c=".">.</t>
    </s>
    <s>
        <t c="Hitt">Hitt</t>
        <t c="skiftir">skiptir</t>
        <t c="minnu">minnu</t>
        <t c="þó">þó</t>
        <t c="fjárframlög">fjárframlög</t>
        <t c="einstaklingsins">einstaklingsins</t>
        <t c="séu">séu</t>
        <t c="ekki">ekki</t>
        <t c="mikil">mikil</t>
        <t c="í">í</t>
        <t c="fyrstu">fyrstu</t>
        <t c=".">.</t>
    </s>
    <s>
        <t c="Ef">Ef</t>
        <t c="fyrirhyggja">fyrirhyggja</t>
        <t c=",">,</t>
        <t c="ráðdeild">ráðdeild</t>
        <t c="og">og</t>
        <t c="áhugi">áhugi</t>
        <t c="eru">eru</t>
        <t c="samfara">samfara</t>
        <t c=",">,</t>
        <t c="vaxa">vaxa</t>
        <t c="þau">þau</t>
        <t c="ótrúlega">ótrúlega</t>
        <t c="fljótt">fljótt</t>
        <t c=".">.</t>
    </s>
    <s>
        <t c="Vöxtur">Vöxtur</t>
        <t c="og">og</t>
        <t c="afl">afl</t>
        <t c="hinna">hinna</t>
        <t c="bresku">bresku</t>
        <t c="kaupfélaga">kaupfélaga</t>
        <t c="sannar">sannar</t>
        <t c="þetta">þetta</t>
        <t c="best">best</t>
        <t c=",">,</t>
        <t c="og">og</t>
        <t c="er">er</t>
        <t c="það">það</t>
        <t c="að">að</t>
        <t c="þakka">þakka</t>
        <t c="hinu">hinu</t>
        <t c="góða">góða</t>
        <t c="og">og</t>
        <t c="heilbrigða">heilbrigða</t>
        <t c="verslunarfyrirkomulagi">verslunarfyrirkomulagi</t>
        <t c="þeirra">þeirra</t>
        <t c=".">.</t>
    </s>
    <s>
        <t c="Gegnir">Gegnir</t>
        <t c="því">því</t>
        <t c="furðu">furðu</t>
        <t c=",">,</t>
        <t c="hve">hve</t>
        <t c="menn">menn</t>
        <t c="eru">eru</t>
        <t c="seinir">seinir</t>
        <t c="að">að</t>
        <t c="átta">átta</t>
        <t c="sig">sig</t>
        <t c="á">á</t>
        <t c="þessum">þessum</t>
        <t c="gullvæga">gullvæga</t>
        <t c="félagsskap">félagsskap</t>
        <t c=".">.</t>
    </s>
    <s>
        <t c="Þó">Þó</t>
        <t c="eru">eru</t>
        <t c="menn">menn</t>
        <t c="nú">nú</t>
        <t c=",">,</t>
        <t c="á">á</t>
        <t c="hinum">hinum</t>
        <t c="síðustu">síðustu</t>
        <t c="tímum">tímum</t>
        <t c=",">,</t>
        <t c="dálítið">dálítið</t>
        <t c="farnir">farnir</t>
        <t c="að">að</t>
        <t c="opna">opna</t>
        <t c="augun">augun</t>
        <t c=",">,</t>
        <t c="og">og</t>
        <t c="nokkrir">nokkrir</t>
        <t c="hinir">hinir</t>
        <t c="skarpskygnari">skarpskyggnari</t>
        <t c="sjá">sjá</t>
        <t c="næstum">næstum</t>
        <t c="skyrt">skyrtu</t>
        <t c="og">og</t>
        <t c="greinilega">greinilega</t>
        <t c=",">,</t>
        <t c="að">að</t>
        <t c="fyrirkomulag">fyrirkomulag</t>
        <t c="og">og</t>
        <t c="verslunarmáti">verslunarmáti</t>
        <t c="pöntunarfélaganna">pöntunarfélaganna</t>
        <t c="íslensku">íslensku</t>
        <t c="er">er</t>
        <t c="óhafandi">óhafandi</t>
        <t c="og">og</t>
        <t c="enginn">enginn</t>
        <t c="sannur">sannur</t>
        <t c="gróðavegur">gróðavegur</t>
        <t c=".">.</t>
    </s>
    <s>
        <t c="Meðlimum">Meðlimum</t>
        <t c="pöntunarfélaganna">pöntunarfélaganna</t>
        <t c="safnast">safnast</t>
        <t c="aldrei">aldrei</t>
        <t c="arðberandi">arðberandi</t>
        <t c="höfuðstóll">höfuðstóll</t>
        <t c="eða">eða</t>
        <t c="innstæða">innstæða</t>
        <t c=",">,</t>
        <t c="og">og</t>
        <t c="geta">geta</t>
        <t c="þeir">þeir</t>
        <t c="því">því</t>
        <t c="aldrei">aldrei</t>
        <t c="orðið">orðið</t>
        <t c="fjáðir">fjáðir</t>
        <t c="menn">menn</t>
        <t c="af">af</t>
        <t c="félagsskap">félagsskap</t>
        <t c="þessum">þessum</t>
        <t c="einum">einum</t>
        <t c=".">.</t>
    </s>
    <s>
        <t c="Svo">Svo</t>
        <t c="er">er</t>
        <t c="fyrir">fyrir</t>
        <t c="að">að</t>
        <t c="þakka">þakka</t>
        <t c=",">,</t>
        <t c="að">að</t>
        <t c="ekki">ekki</t>
        <t c="eru">eru</t>
        <t c="Ísfirðingar">Ísfirðingar</t>
        <t c="öllum">öllum</t>
        <t c="öðrum">öðrum</t>
        <t c="sjóndaprari">sjóndaprari</t>
        <t c=",">,</t>
        <t c="því">því</t>
        <t c="nokkrir">nokkrir</t>
        <t c="menn">menn</t>
        <t c="hafa">hafa</t>
        <t c="nú">nú</t>
        <t c="í">í</t>
        <t c="sumar">sumar</t>
        <t c="bundist">bundist</t>
        <t c="samtökum">samtökum</t>
        <t c="og">og</t>
        <t c="sett">sett</t>
        <t c="á">á</t>
        <t c="laggirni">laggirnar</t>
        <t c="svo">svo</t>
        <t c="lítið">lítið</t>
        <t c="kaupfélag">kaupfélag</t>
        <t c="með">með</t>
        <t c="alt">allt</t>
        <t c="öðru">öðru</t>
        <t c="fyrirkomulagi">fyrirkomulagi</t>
        <t c="en">en</t>
        <t c="pöntunarfélögin">pöntunarfélögin</t>
        <t c=".">.</t>
    </s>
    <s>
        <t c="Hafa">Hafa</t>
        <t c="lög">lög</t>
        <t c="verið">verið</t>
        <t c="samin">samin</t>
        <t c="fyrir">fyrir</t>
        <t c="félag">félag</t>
        <t c="þetta">þetta</t>
        <t c=",">,</t>
        <t c="og">og</t>
        <t c="mun">mun</t>
        <t c="»">»</t>
        <t c="Ísfirðingur">Ísfirðingur</t>
        <t c="«">«</t>
    </s>
    <s>
        <t c="flytja">flytja</t>
        <t c="lesendum">lesendum</t>
        <t c="sínum">sínum</t>
        <t c="lög">lög</t>
        <t c="þessi">þessi</t>
        <t c="smátt">smátt</t>
        <t c="og">og</t>
        <t c="smátt">smátt</t>
        <t c=",">,</t>
        <t c="dálítinn">dálítinn</t>
        <t c="kafla">kafla</t>
        <t c="í">í</t>
        <t c="hverju">hverju</t>
        <t c="nr.">nr.</t>
        <t c="meðan">meðan</t>
        <t c="þau">þau</t>
        <t c="endast">endast</t>
        <t c=".">.</t>
    </s>
    <s>
        <t c="Ef">Ef</t>
        <t c="lesendur">lesendur</t>
        <t c="blaðsins">blaðsins</t>
        <t c="hafa">hafa</t>
        <t c="gaman">gaman</t>
        <t c="af">af</t>
        <t c="að">að</t>
        <t c="eiga">eiga</t>
        <t c="lögin">lögin</t>
        <t c="og">og</t>
        <t c="lesa">lesa</t>
        <t c="þau">þau</t>
        <t c="í">í</t>
        <t c="einu">einu</t>
        <t c="lagi">lagi</t>
        <t c="verða">verða</t>
        <t c="þeir">þeir</t>
        <t c="að">að</t>
        <t c="muna">muna</t>
        <t c="eftir">eftir</t>
        <t c="því">því</t>
        <t c=",">,</t>
        <t c="að">að</t>
        <t c="halda">halda</t>
        <t c="»">»</t>
        <t c="Ísfirðing">Ísfirðing</t>
        <t c="«">«</t>
    </s>
    <s>
        <t c="saman">saman</t>
        <t c=".">.</t>
    </s>
    <s>
        <t c="Ýms">Ýmis</t>
        <t c="eru">eru</t>
        <t c="þau">þau</t>
        <t c="atriði">atriði</t>
        <t c="í">í</t>
        <t c="lögum">lögum</t>
        <t c="þessum">þessum</t>
        <t c=",">,</t>
        <t c="er">er</t>
        <t c="ekki">ekki</t>
        <t c="verður">verður</t>
        <t c="hægt">hægt</t>
        <t c="að">að</t>
        <t c="fullnægja">fullnægja</t>
        <t c="þegar">þegar</t>
        <t c="í">í</t>
        <t c="stað">stað</t>
        <t c=",">,</t>
        <t c="en">en</t>
        <t c="það">það</t>
        <t c="þótti">þótti</t>
        <t c="hyggilegra">hyggilegra</t>
        <t c="að">að</t>
        <t c="semja">semja</t>
        <t c="lögin">lögin</t>
        <t c="svo">svo</t>
        <t c="fullkomin">fullkomin</t>
        <t c="í">í</t>
        <t c="fyrstu">fyrstu</t>
        <t c=",">,</t>
        <t c="að">að</t>
        <t c="ekki">ekki</t>
        <t c="þurfi">þurfi</t>
        <t c="undir">undir</t>
        <t c="eins">eins</t>
        <t c="að">að</t>
        <t c="breyta">breyta</t>
        <t c="þeim">þeim</t>
        <t c="og">og</t>
        <t c="auka">auka</t>
        <t c="inn">inn</t>
        <t c="í">í</t>
        <t c="þau">þau</t>
        <t c=",">,</t>
        <t c="þó">þó</t>
        <t c="félagið">félagið</t>
        <t c="stækki">stækki</t>
        <t c="að">að</t>
        <t c="mun">mun</t>
        <t c=".">.</t>
    </s>
    <s>
        <t c="En">En</t>
        <t c="það">það</t>
        <t c="er">er</t>
        <t c="ósk">ósk</t>
        <t c="og">og</t>
        <t c="von">von</t>
        <t c="stofnendanna">stofnendanna</t>
        <t c=",">,</t>
        <t c="að">að</t>
        <t c="menn">menn</t>
        <t c="sjái">sjái</t>
        <t c="sjálfir">sjálfir</t>
        <t c="sinn">sinn</t>
        <t c="eiginn">eiginn</t>
        <t c="hag">hag</t>
        <t c="og">og</t>
        <t c="snúi">snúi</t>
        <t c="sjer">sér</t>
        <t c="því">því</t>
        <t c="eftir">eftir</t>
        <t c="mætti">mætti</t>
        <t c="að">að</t>
        <t c="þessum">þessum</t>
        <t c="félagsskap">félagsskap</t>
        <t c=",">,</t>
        <t c="þegar">þegar</t>
        <t c="þeir">þeir</t>
        <t c="hafa">hafa</t>
        <t c="kynt">kynt</t>
        <t c="sjer">sér</t>
        <t c="lögin">lögin</t>
        <t c=".">.</t>
    </s>
    <s>
        <t c="Þó">Þó</t>
        <t c="hver">hver</t>
        <t c="hafi">hafi</t>
        <t c="ekki">ekki</t>
        <t c="miklu">miklu</t>
        <t c="að">að</t>
        <t c="miðla">miðla</t>
        <t c=",">,</t>
        <t c="þá">þá</t>
        <t c="er">er</t>
        <t c="það">það</t>
        <t c="þó">þó</t>
        <t c="víst">víst</t>
        <t c=",">,</t>
        <t c="að">að</t>
        <t c="»">»</t>
        <t c="dropinn">dropinn</t>
        <t c="holar">holar</t>
        <t c="steininn">steininn</t>
        <t c="«">«</t>
        <t c=".">.</t>
    </s>
    <s>
        <t c="Til">Til</t>
        <t c="grundvallar">grundvallar</t>
        <t c="fyrir">fyrir</t>
        <t c="lögum">lögum</t>
        <t c="þessum">þessum</t>
        <t c=",">,</t>
        <t c="sem">sem</t>
        <t c="hér">hér</t>
        <t c="ræðir">ræðir</t>
        <t c="um">um</t>
        <t c=",">,</t>
        <t c="er">er</t>
        <t c="lagt">lagt</t>
        <t c="frumvarp">frumvarp</t>
        <t c="til">til</t>
        <t c="kaupfélags">kaupfélags</t>
        <t c="laga">laga</t>
        <t c="eftir">eftir</t>
        <t c="Torfa">Torfa</t>
        <t c="skólastjóra">skólastjóra</t>
        <t c="í">í</t>
        <t c="Ólafsdal">Ólafsdal</t>
        <t c=",">,</t>
        <t c="sem">sem</t>
        <t c="er">er</t>
        <t c="prentað">prentað</t>
        <t c="í">í</t>
        <t c="Andv.">Andv.</t>
        <t c="18.">18.</t>
        <t c="árg.">árg.</t>
    </s>
    <s>
        <t c="Heita">Heita</t>
        <t c="þau">þau</t>
        <t c=":">:</t>
        <t c="lög">lög</t>
        <t c="fyrir">fyrir</t>
        <t c="kaupfélag">kaupfélag</t>
        <t c="Ísafjarðarkaupstaðar">Ísafjarðarkaupstaðar</t>
        <t c="og">og</t>
        <t c="byrja">byrja</t>
        <t c="á">á</t>
        <t c="þessa">þessa</t>
        <t c="leið">leið</t>
        <t c=":">:</t>
        <t c="Nafn">Nafn</t>
        <t c="félagsins">félagsins</t>
        <t c=",">,</t>
        <t c="takmörk">takmörk</t>
        <t c="og">og</t>
        <t c="skifting">skipting</t>
        <t c="1.">1.</t>
        <t c="gr.">gr.</t>
    </s>
    <s>
        <t c="Félagið">Félagið</t>
        <t c="heitir">heitir</t>
        <t c="kaupfélag">kaupfélag</t>
        <t c="Ísafjarðarkaupstaðar">Ísafjarðarkaupstaðar</t>
        <t c=".">.</t>
    </s>
    <s>
        <t c="—">—</t>
        <t c="2.">2.</t>
        <t c="gr.">gr.</t>
    </s>
    <s>
        <t c="Félagið">Félagið</t>
        <t c="nær">nær</t>
        <t c="yfir">yfir</t>
        <t c="Ísafjarðarkaupstað">Ísafjarðarkaupstað</t>
        <t c="og">og</t>
        <t c="nærliggandi">nærliggjandi</t>
        <t c="hreppa">hreppa</t>
        <t c=",">,</t>
        <t c="er">er</t>
        <t c="óska">óska</t>
        <t c="að">að</t>
        <t c="eiga">eiga</t>
        <t c="viðskifti">viðskipti</t>
        <t c="við">við</t>
        <t c="félagið">félagið</t>
        <t c="á">á</t>
        <t c="þessum">þessum</t>
        <t c="aðal">aðal</t>
        <t c="aðsetursstað">aðsetursstað</t>
        <t c="félagsins">félagsins</t>
        <t c=".">.</t>
    </s>
    <s>
        <t c="—">—</t>
        <t c="3.">3.</t>
        <t c="gr.">gr.</t>
    </s>
    <s>
        <t c="Félagið">Félagið</t>
        <t c="skiftist">skiptist</t>
        <t c="í">í</t>
        <t c="deildir">deildir</t>
        <t c=".">.</t>
    </s>
    <s>
        <t c="Geta">Geta</t>
        <t c="10">10</t>
        <t c="menn">menn</t>
        <t c="eða">eða</t>
        <t c="fleiri">fleiri</t>
        <t c="myndað">myndað</t>
        <t c="deild">deild</t>
        <t c=",">,</t>
        <t c="eftir">eftir</t>
        <t c="því">því</t>
        <t c="sem">sem</t>
        <t c="bezt">best</t>
        <t c="hagar">hagar</t>
        <t c="til">til</t>
        <t c="og">og</t>
        <t c="mönnum">mönnum</t>
        <t c="kemur">kemur</t>
        <t c="saman">saman</t>
        <t c="um">um</t>
        <t c=".">.</t>
    </s>
    <s>
        <t c="Tilgangur">Tilgangur</t>
        <t c="félagsins">félagsins</t>
        <t c=".">.</t>
    </s>
    <s>
        <t c="4.">4.</t>
        <t c="gr.">gr.</t>
    </s>
    <s>
        <t c="Tilgangur">Tilgangur</t>
        <t c="félagsins">félagsins</t>
        <t c="er">er</t>
        <t c=".">.</t>
    </s>
    <s>
        <t c="1">1</t>
        <t c=".">.</t>
    </s>
    <s>
        <t c="Safna">Safna</t>
        <t c="stofnsjóð">stofnsjóð</t>
        <t c="(">(</t>
        <t c="veltufé">veltufé</t>
        <t c=")">)</t>
        <t c="með">með</t>
        <t c="tillögum">tillögum</t>
        <t c="frá">frá</t>
        <t c="félagsmönnum">félagsmönnum</t>
        <t c=",">,</t>
        <t c="til">til</t>
        <t c="þess">þess</t>
        <t c="að">að</t>
        <t c="geta">geta</t>
        <t c="ávalt">ávalt</t>
        <t c="keypt">keypt</t>
        <t c="útlendan">útlendan</t>
        <t c="varning">varning</t>
        <t c="fyrir">fyrir</t>
        <t c="borgun">borgun</t>
        <t c="út">út</t>
        <t c="í">í</t>
        <t c="hönd">hönd</t>
        <t c=".">.</t>
    </s>
    <s>
        <t c="2.">2.</t>
    </s>
    <s>
        <t c="Safna">Safna</t>
        <t c="varasjóði">varasjóði</t>
        <t c="til">til</t>
        <t c="að">að</t>
        <t c="tryggja">tryggja</t>
        <t c="framtíð">framtíð</t>
        <t c="félagsins">félagsins</t>
        <t c=".">.</t>
    </s>
    <s>
        <t c="3">3</t>
        <t c=".">.</t>
    </s>
    <s>
        <t c="Útvega">Útvega</t>
        <t c="þann">þann</t>
        <t c="varning">varning</t>
        <t c=",">,</t>
        <t c="sem">sem</t>
        <t c="félagsmenn">félagsmenn</t>
        <t c="þarfnast">þarfnast</t>
        <t c="frá">frá</t>
        <t c="öðrum">öðrum</t>
        <t c="löndum">löndum</t>
        <t c=",">,</t>
        <t c="án">án</t>
        <t c="milligöngu">milligöngu</t>
        <t c="kaupmanna">kaupmanna</t>
        <t c=".">.</t>
    </s>
    <s>
        <t c="4">4</t>
        <t c=".">.</t>
    </s>
    <s>
        <t c="Bæta">Bæta</t>
        <t c="þær">þær</t>
        <t c="vörur">vörur</t>
        <t c="sem">sem</t>
        <t c="félagsmenn">félagsmenn</t>
        <t c="selja">selja</t>
        <t c=",">,</t>
        <t c="og">og</t>
        <t c="koma">koma</t>
        <t c="þeim">þeim</t>
        <t c="í">í</t>
        <t c="gott">gott</t>
        <t c="álit">álit</t>
        <t c="og">og</t>
        <t c="sem">sem</t>
        <t c="hæst">hæst</t>
        <t c="verð">verð</t>
        <t c=".">.</t>
    </s>
    <s>
        <t c="5">5</t>
        <t c=".">.</t>
    </s>
    <s>
        <t c="Auka">Auka</t>
        <t c="þekkingu">þekkingu</t>
        <t c="félagsmanna">félagsmanna</t>
        <t c=",">,</t>
        <t c="einkum">einkum</t>
        <t c="hvað">hvað</t>
        <t c="snertir">snertir</t>
        <t c="félagsskap">félagsskap</t>
        <t c="og">og</t>
        <t c="verklegar">verklegar</t>
        <t c="framfarir">framfarir</t>
        <t c=",">,</t>
        <t c="og">og</t>
        <t c="að">að</t>
        <t c="stofna">stofna</t>
        <t c="sjóð">sjóð</t>
        <t c="í">í</t>
        <t c="þessu">þessu</t>
        <t c="skyni">skyni</t>
        <t c=",">,</t>
        <t c="sem">sem</t>
        <t c="nefnist">nefnist</t>
        <t c="fræðslusjóður">fræðslusetur</t>
        <t c=".">.</t>
    </s>
    <s>
        <t c="6">6</t>
        <t c=".">.</t>
    </s>
    <s>
        <t c="Efla">Efla</t>
        <t c="hvers">hvers</t>
        <t c="konar">konar</t>
        <t c="framfarir">framfarir</t>
        <t c="að">að</t>
        <t c="öðru">öðru</t>
        <t c="leyti">leyti</t>
        <t c=",">,</t>
        <t c="sem">sem</t>
        <t c="félagið">félagið</t>
        <t c="fær">fær</t>
        <t c="viðkomið">viðkomið</t>
        <t c=".">.</t>
    </s>
    <s>
        <t c="7">7</t>
        <t c=".">.</t>
    </s>
    <s>
        <t c="Koma">Koma</t>
        <t c="sér">sér</t>
        <t c="í">í</t>
        <t c="samvinnu">samvinnu</t>
        <t c="við">við</t>
        <t c="sams">sams</t>
        <t c="konar">konar</t>
        <t c="félög">félög</t>
        <t c="hér">hér</t>
        <t c="á">á</t>
        <t c="landi">landi</t>
        <t c=".">.</t>
    </s>
    <s>
        <t c="Inntökuskilyrði">Inntökuskilyrði</t>
        <t c=".">.</t>
    </s>
    <s>
        <t c="5.">5.</t>
        <t c="gr.">gr.</t>
    </s>
    <s>
        <t c="Til">Til</t>
        <t c="þess">þess</t>
        <t c="að">að</t>
        <t c="fá">fá</t>
        <t c="inngöngu">inngöngu</t>
        <t c="í">í</t>
        <t c="félagið">félagið</t>
        <t c="og">og</t>
        <t c="hafa">hafa</t>
        <t c="félaga">félaga</t>
        <t c="rétt">rétt</t>
        <t c=",">,</t>
        <t c="útheimtist">útheimtist</t>
        <t c=":">:</t>
        <t c="1">1</t>
        <t c=".">.</t>
    </s>
    <s>
        <t c="Að">Að</t>
        <t c="eiga">eiga</t>
        <t c="heima">heima</t>
        <t c="á">á</t>
        <t c="félags">félags</t>
        <t c="svæðinu">svæðinu</t>
        <t c=".">.</t>
    </s>
    <s>
        <t c="2">2</t>
        <t c=".">.</t>
    </s>
    <s>
        <t c="Að">Að</t>
        <t c="samþykkja">samþykkja</t>
        <t c="lög">lög</t>
        <t c="félagsins">félagsins</t>
        <t c="með">með</t>
        <t c="því">því</t>
        <t c="að">að</t>
        <t c="rita">rita</t>
        <t c="nafn">nafn</t>
        <t c="sitt">sitt</t>
        <t c=",">,</t>
        <t c="stöðu">stöðu</t>
        <t c="og">og</t>
        <t c="heimili">heimili</t>
        <t c="í">í</t>
        <t c="þar">þar</t>
        <t c="til">til</t>
        <t c="gerða">gerða</t>
        <t c="bók">bók</t>
        <t c=",">,</t>
        <t c="er">er</t>
        <t c="heitir">heitir</t>
        <t c="Félagsmannalisti">Félagsmannalisti</t>
        <t c=",">,</t>
        <t c="og">og</t>
        <t c="láta">láta</t>
        <t c="innfæra">innfara</t>
        <t c="nafn">nafn</t>
        <t c="sitt">sitt</t>
        <t c="í">í</t>
        <t c="Stofnfjárbókina">Stofnfjármuna</t>
        <t c=",">,</t>
        <t c="sem">sem</t>
        <t c="eiganda">eiganda</t>
        <t c="einhvers">einhvers</t>
        <t c="hluta">hluta</t>
        <t c="stofnfjár">stofnfjár</t>
        <t c=".">.</t>
    </s>
    <s>
        <t c="3">3</t>
        <t c=".">.</t>
    </s>
    <s>
        <t c="Að">Að</t>
        <t c="borga">borga</t>
        <t c="strax">strax</t>
        <t c="inngöngu-eyri">inngöngueyri</t>
        <t c=",">,</t>
        <t c="1">1</t>
        <t c="krónu">krónu</t>
        <t c=".">.</t>
    </s>
    <s>
        <t c="4">4</t>
        <t c=".">.</t>
    </s>
    <s>
        <t c="Að">Að</t>
        <t c="kaupa">kaupa</t>
        <t c="og">og</t>
        <t c="borga">borga</t>
        <t c="undir">undir</t>
        <t c="eins">eins</t>
        <t c="minsta">minnsta</t>
        <t c="kosti">kosti</t>
        <t c="1/4">1/4</t>
        <t c="stofnbréfs">stofnbréfs</t>
        <t c=",">,</t>
        <t c="sem">sem</t>
        <t c="hljóðar">hljóðar</t>
        <t c="upp">upp</t>
        <t c="á">á</t>
        <t c="5">5</t>
        <t c="kr.">kr.</t>
    </s>
    <s>
        <t c="(">(</t>
        <t c="heilt">heilt</t>
        <t c="stofnbréf">stofnbréf</t>
        <t c="20">20</t>
        <t c="kr.">kr.</t>
        <t c=")">)</t>
        <t c="og">og</t>
        <t c="hina">hina</t>
        <t c="3/4">3/4</t>
        <t c="hluta">hluta</t>
        <t c="stofnbréfsins">stofnbréfsins</t>
        <t c="áður">áður</t>
        <t c="18">18</t>
        <t c="mánuðir">mánuðir</t>
        <t c="eru">eru</t>
        <t c="liðnir">liðnir</t>
        <t c="frá">frá</t>
        <t c="inntökudegi">aftökudegi</t>
        <t c=",">,</t>
        <t c="þannig">þannig</t>
        <t c=":">:</t>
        <t c="1/4">1/4</t>
        <t c="innan">innan</t>
        <t c="6">6</t>
        <t c="mán.">mán.</t>
    </s>
    <s>
        <t c="2/4">2/4</t>
        <t c="innan">innan</t>
        <t c="12">12</t>
        <t c="mán.">mán.</t>
        <t c="og">og</t>
        <t c="3/4">3/4</t>
        <t c="innan">innan</t>
        <t c="18">18</t>
        <t c="mán.">mán.</t>
    </s>
    <s>
        <t c="5.">5.</t>
    </s>
    <s>
        <t c="Að">Að</t>
        <t c="versla">versla</t>
        <t c="við">við</t>
        <t c="félagið">félagið</t>
        <t c=",">,</t>
        <t c="undir">undir</t>
        <t c="eins">eins</t>
        <t c="og">og</t>
        <t c="stofnfjárupphæð">stofnfjárupphæð</t>
        <t c="leyfir">leyfir</t>
        <t c=",">,</t>
        <t c="að">að</t>
        <t c="minsta">minnsta</t>
        <t c="kosti">kosti</t>
        <t c="fyrir">fyrir</t>
        <t c="50">50</t>
        <t c="kr.">kr.</t>
        <t c="á">á</t>
        <t c="ári">ári</t>
        <t c=".">.</t>
    </s>
    <s>
        <t c="—">—</t>
        <t c="6.">6.</t>
        <t c="gr.">gr.</t>
    </s>
    <s>
        <t c="Félagsstjórnin">Félagsstjórnin</t>
        <t c="ræður">ræður</t>
        <t c="hverjir">hverjir</t>
        <t c="teknir">teknir</t>
        <t c="eru">eru</t>
        <t c="í">í</t>
        <t c="félagið">félagið</t>
        <t c="og">og</t>
        <t c="úrskurðar">úrskurðar</t>
        <t c="það">það</t>
        <t c="á">á</t>
        <t c="fundum">fundum</t>
        <t c="sínum">sínum</t>
        <t c=",">,</t>
        <t c="en">en</t>
        <t c="leitað">leitað</t>
        <t c="getur">getur</t>
        <t c="hún">hún</t>
        <t c="samþykkis">samþykkis</t>
        <t c="fulltrúafundar">fulltrúafundar</t>
        <t c=".">.</t>
    </s>
    <s>
        <t c="(">(</t>
        <t c="Framh.">Framh.</t>
        <t c="næst">næst</t>
        <t c=".">.</t>
        <t c=")">)</t>
    </s>
    <s>
        <t c="Dálitlar">Dálitlar</t>
        <t c="skottulækningar">skottulækningar</t>
        <t c=".">.</t>
    </s>
    <s>
        <t c="Gleðilegur">Gleðilegur</t>
        <t c="vottur">vottur</t>
        <t c="um">um</t>
        <t c="dálitla">dálitla</t>
        <t c="rænu">rænu</t>
        <t c="hjá">hjá</t>
        <t c="bæjarbúum">bæjarbúum</t>
        <t c="hér">hér</t>
        <t c="eru">eru</t>
        <t c="þó">þó</t>
        <t c="þessar">þessar</t>
        <t c="skottulækningar">skottulækningar</t>
        <t c=",">,</t>
        <t c="sem">sem</t>
        <t c="farið">farið</t>
        <t c="er">er</t>
        <t c="nota">nota</t>
        <t c="við">við</t>
        <t c="vegina">vegina</t>
        <t c="hér">hér</t>
        <t c="um">um</t>
        <t c="tangann">tangann</t>
        <t c=".">.</t>
    </s>
    <s>
        <t c="En">En</t>
        <t c="ekki">ekki</t>
        <t c="mundi">mundi</t>
        <t c="t.">t.</t>
        <t c="d.">d.</t>
    </s>
    <s>
        <t c="Akureyrarbúum">Akureyrarv.</t>
        <t c="þykja">þykja</t>
        <t c="mikið">mikið</t>
        <t c="kveða">kveða</t>
        <t c="að">að</t>
        <t c="lækningum">lækningum</t>
        <t c="þessum">þessum</t>
        <t c=".">.</t>
    </s>
    <s>
        <t c="Enda">Enda</t>
        <t c="mundi">mundi</t>
        <t c="fleirum">fleirum</t>
        <t c="en">en</t>
        <t c="þeim">þeim</t>
        <t c="þykja">þykja</t>
        <t c="all-einkennileg">alleinkennileg</t>
        <t c="vegagerðin">vegagerðin</t>
        <t c="sú">sú</t>
        <t c="í">í</t>
        <t c="fyrra">fyrra</t>
        <t c=",">,</t>
        <t c="um">um</t>
        <t c="upptangann">upptakan</t>
        <t c=".">.</t>
    </s>
    <s>
        <t c="Dálítil">Dálítil</t>
        <t c="vegmynd">veggmynd</t>
        <t c="sést">sést</t>
        <t c="aftur">aftur</t>
        <t c="á">á</t>
        <t c="móti">móti</t>
        <t c="á">á</t>
        <t c="þeim">þeim</t>
        <t c="spottum">spottum</t>
        <t c=",">,</t>
        <t c="er">er</t>
        <t c="gerðir">gerðir</t>
        <t c="hafa">hafa</t>
        <t c="verið">verið</t>
        <t c="í">í</t>
        <t c="sumar">sumar</t>
        <t c="neðar">neðar</t>
        <t c="á">á</t>
        <t c="tanganum">tanganum</t>
        <t c=",">,</t>
        <t c="enda">enda</t>
        <t c="þótt">þótt</t>
        <t c="ekki">ekki</t>
        <t c="verði">verði</t>
        <t c="sagt">sagt</t>
        <t c=",">,</t>
        <t c="að">að</t>
        <t c="þeir">þeir</t>
        <t c="rísi">rísi</t>
        <t c="svipmiklir">svipmiklir</t>
        <t c="og">og</t>
        <t c="fagrir">fagrir</t>
        <t c="upp">upp</t>
        <t c="frá">frá</t>
        <t c="jafnsléttu">jafnsléttu</t>
        <t c=".">.</t>
    </s>
    <s>
        <t c="Lakast">Lakast</t>
        <t c="af">af</t>
        <t c="öllu">öllu</t>
        <t c="er">er</t>
        <t c="þó">þó</t>
        <t c="skurða-">skurða-</t>
        <t c="og">og</t>
        <t c="lokræsaleysið">lokræsaleysið</t>
        <t c="með">með</t>
        <t c="fram">fram</t>
        <t c="vegspottum">vegspottum</t>
        <t c="þessum">þessum</t>
        <t c=",">,</t>
        <t c="sem">sem</t>
        <t c="gerðir">gerðir</t>
        <t c="eru">eru</t>
        <t c=",">,</t>
        <t c="því">því</t>
        <t c="án">án</t>
        <t c="þeirra">þeirra</t>
        <t c="eru">eru</t>
        <t c="vegir">vegir</t>
        <t c="varla">varla</t>
        <t c="að">að</t>
        <t c="hálfu">hálfu</t>
        <t c="gagni">gagni</t>
        <t c=".">.</t>
    </s>
    <s>
        <t c="Geta">Geta</t>
        <t c="þess">þess</t>
        <t c="konar">konar</t>
        <t c="vegir">vegir</t>
        <t c="naumast">naumast</t>
        <t c="talist">talist</t>
        <t c="meira">meira</t>
        <t c="en">en</t>
        <t c="dálitlar">dálitlar</t>
        <t c="skottulækningar">skottulækningar</t>
        <t c=",">,</t>
        <t c="og">og</t>
        <t c="því">því</t>
        <t c="fé">fé</t>
        <t c="naumast">naumast</t>
        <t c="skynsamlega">skynsamlega</t>
        <t c="varið">varið</t>
        <t c=",">,</t>
        <t c="sem">sem</t>
        <t c="haft">haft</t>
        <t c="er">er</t>
        <t c="til">til</t>
        <t c="þess">þess</t>
        <t c="að">að</t>
        <t c="jafna">jafna</t>
        <t c="jörðina">jörðina</t>
        <t c=",">,</t>
        <t c="svo">svo</t>
        <t c="að">að</t>
        <t c="vatnið">vatnið</t>
        <t c="eigi">eigi</t>
        <t c="sem">sem</t>
        <t c="hægast">hægast</t>
        <t c="með">með</t>
        <t c="að">að</t>
        <t c="renna">renna</t>
        <t c="yfir">yfir</t>
        <t c="og">og</t>
        <t c="hjálpa">hjálpa</t>
        <t c="til">til</t>
        <t c=".">.</t>
    </s>
    <s>
        <t c="Vonandi">Vonandi</t>
        <t c="er">er</t>
        <t c="samt">samt</t>
        <t c=",">,</t>
        <t c="að">að</t>
        <t c="vegabæturnar">vegabæturnar</t>
        <t c="taki">taki</t>
        <t c="æ">æ</t>
        <t c="meiri">meiri</t>
        <t c="og">og</t>
        <t c="meiri">meiri</t>
        <t c="framförum">framförum</t>
        <t c=",">,</t>
        <t c="og">og</t>
        <t c="að">að</t>
        <t c="ræsi">ræsi</t>
        <t c="verði">verði</t>
        <t c="gerð">gerð</t>
        <t c="gegnum">gegnum</t>
        <t c="bæinn">bæinn</t>
        <t c=",">,</t>
        <t c="svo">svo</t>
        <t c="að">að</t>
        <t c="vatn">vatn</t>
        <t c="og">og</t>
        <t c="skólp">skólp</t>
        <t c="geti">geti</t>
        <t c="runnið">runnið</t>
        <t c="til">til</t>
        <t c="sjáfar">sjávar</t>
        <t c=",">,</t>
        <t c="en">en</t>
        <t c="verði">verði</t>
        <t c="ekki">ekki</t>
        <t c="látið">látið</t>
        <t c="gufa">gufa</t>
        <t c="upp">upp</t>
        <t c="þar">þar</t>
        <t c="sem">sem</t>
        <t c="það">það</t>
        <t c="er">er</t>
        <t c="komið">komið</t>
        <t c=".">.</t>
    </s>
    <s>
        <t c="Hvar">Hvar</t>
        <t c="eigum">eigum</t>
        <t c="vér">vér</t>
        <t c="að">að</t>
        <t c="leita">leita</t>
        <t c="að">að</t>
        <t c="sótara">sótara</t>
        <t c="bæjarins">bæjarins</t>
        <t c="?">?</t>
    </s>
    <s>
        <t c="Hvert">Hvert</t>
        <t c="eigum">eigum</t>
        <t c="vér">vér</t>
        <t c="bæjarbúar">bæjarbúar</t>
        <t c="að">að</t>
        <t c="snúa">snúa</t>
        <t c="oss">oss</t>
        <t c=",">,</t>
        <t c="þegar">þegar</t>
        <t c="vér">vér</t>
        <t c="þurfum">þurfum</t>
        <t c="að">að</t>
        <t c="láta">láta</t>
        <t c="hreinsa">hreinsa</t>
        <t c="ofnpípur">ofnpípur</t>
        <t c="vorar">vorar</t>
        <t c="?">?</t>
    </s>
    <s>
        <t c="Oss">Oss</t>
        <t c="er">er</t>
        <t c="upp">upp</t>
        <t c="á">á</t>
        <t c="lagt">lagt</t>
        <t c="í">í</t>
        <t c="lögreglusamþykt">lögreglusamþykkt</t>
        <t c="bæjarins">bæjarins</t>
        <t c="frá">frá</t>
        <t c="1.">1.</t>
        <t c="apr.">apr.</t>
        <t c="1894">1894</t>
        <t c=",">,</t>
        <t c="VI.">VI.</t>
    </s>
    <s>
        <t c="kap.">kap.</t>
    </s>
    <s>
        <t c="49.">49.</t>
        <t c="gr.">gr.</t>
        <t c=",">,</t>
        <t c="að">að</t>
        <t c="sjá">sjá</t>
        <t c="húsum">húsum</t>
        <t c="vorum">vorum</t>
        <t c="borgið">borgið</t>
        <t c="í">í</t>
        <t c="þessu">þessu</t>
        <t c="tilliti">tilliti</t>
        <t c=".">.</t>
    </s>
    <s>
        <t c="Þar">Þar</t>
        <t c="er">er</t>
        <t c="mælt">mælt</t>
        <t c="svo">svo</t>
        <t c="fyrir">fyrir</t>
        <t c=":">:</t>
        <t c="»">»</t>
        <t c="Húsráðendur">Húsráðendur</t>
        <t c="skulu">skulu</t>
        <t c="tvisvar">tvisvar</t>
        <t c="á">á</t>
        <t c="ári">ári</t>
        <t c="láta">láta</t>
        <t c="hreinsa">hreinsa</t>
        <t c="reykháfa">reykháfa</t>
        <t c="í">í</t>
        <t c="húsum">húsum</t>
        <t c="sínum">sínum</t>
        <t c=",">,</t>
        <t c="þ.">þ.</t>
        <t c="e.">e.</t>
        <t c="fyrir">fyrir</t>
        <t c="miðjan">miðjan</t>
        <t c="apríl">apríl</t>
        <t c="og">og</t>
        <t c="miðjan">miðjan</t>
        <t c="október">október</t>
        <t c="ár">ár</t>
        <t c="hvert">hvert</t>
        <t c="«">«</t>
        <t c=".">.</t>
    </s>
    <s>
        <t c="Þrátt">Þrátt</t>
        <t c="fyrir">fyrir</t>
        <t c="þessa">þessa</t>
        <t c="fyrirskipun">fyrirskipun</t>
        <t c="hefur">hefur</t>
        <t c=",">,</t>
        <t c="það">það</t>
        <t c="vér">vér</t>
        <t c="vitum">vitum</t>
        <t c=",">,</t>
        <t c="ekkert">ekkert</t>
        <t c="verið">verið</t>
        <t c="gert">gert</t>
        <t c="til">til</t>
        <t c="þess">þess</t>
        <t c="að">að</t>
        <t c="greiða">greiða</t>
        <t c="fyrir">fyrir</t>
        <t c="því">því</t>
        <t c=",">,</t>
        <t c="að">að</t>
        <t c="húsráðendur">húsráðendur</t>
        <t c="geti">geti</t>
        <t c="fengið">fengið</t>
        <t c="mann">mann</t>
        <t c="til">til</t>
        <t c="þess">þess</t>
        <t c="að">að</t>
        <t c="hreinsa">hreinsa</t>
        <t c="reykháfa">reykháfa</t>
        <t c="sína">sína</t>
        <t c=".">.</t>
    </s>
    <s>
        <t c="Og">Og</t>
        <t c="þó">þó</t>
        <t c="að">að</t>
        <t c="sumir">sumir</t>
        <t c="geti">geti</t>
        <t c="fengið">fengið</t>
        <t c="einhvern">einhvern</t>
        <t c="til">til</t>
        <t c="þess">þess</t>
        <t c="að">að</t>
        <t c="gera">gera</t>
        <t c="þetta">þetta</t>
        <t c="verk">verk</t>
        <t c=",">,</t>
        <t c="eða">eða</t>
        <t c="geri">geri</t>
        <t c="það">það</t>
        <t c="sjálfir">sjálfir</t>
        <t c=",">,</t>
        <t c="þá">þá</t>
        <t c="er">er</t>
        <t c="það">það</t>
        <t c="ekki">ekki</t>
        <t c="lögreglustjórninni">lögreglustjórninni</t>
        <t c="að">að</t>
        <t c="þakka">þakka</t>
        <t c=".">.</t>
    </s>
    <s>
        <t c="Sakir">Sakir</t>
        <t c="þessa">þessa</t>
        <t c="fyrirkomulags">fyrirkomulags</t>
        <t c=",">,</t>
        <t c="sem">sem</t>
        <t c="hingað">hingað</t>
        <t c="til">til</t>
        <t c="hefur">hefur</t>
        <t c="verið">verið</t>
        <t c=",">,</t>
        <t c="vanrækja">vanrækja</t>
        <t c="sumir">sumir</t>
        <t c="húsráðendur">húsráðendur</t>
        <t c="að">að</t>
        <t c="hreinsa">hreinsa</t>
        <t c="eða">eða</t>
        <t c="láta">láta</t>
        <t c="gera">gera</t>
        <t c="það">það</t>
        <t c=".">.</t>
    </s>
    <s>
        <t c="Veldur">Veldur</t>
        <t c="þetta">þetta</t>
        <t c="hættu">hættu</t>
        <t c=",">,</t>
        <t c="eigi">eigi</t>
        <t c="að">að</t>
        <t c="eins">eins</t>
        <t c="fyrir">fyrir</t>
        <t c="þeirra">þeirra</t>
        <t c="hús">hús</t>
        <t c=",">,</t>
        <t c="heldur">heldur</t>
        <t c="og">og</t>
        <t c="fyrir">fyrir</t>
        <t c="þau">þau</t>
        <t c="hús">hús</t>
        <t c=",">,</t>
        <t c="er">er</t>
        <t c="nálægt">nálægt</t>
        <t c="standa">standa</t>
        <t c=",">,</t>
        <t c="enda">enda</t>
        <t c="þótt">þótt</t>
        <t c="þar">þar</t>
        <t c="sje">sé</t>
        <t c="hreinsað">hreinsað</t>
        <t c="og">og</t>
        <t c="að">að</t>
        <t c="öðru">öðru</t>
        <t c="leyti">leyti</t>
        <t c="fyllilega">fyllilega</t>
        <t c="haldið">haldið</t>
        <t c="við">við</t>
        <t c="samkvæmt">samkvæmt</t>
        <t c="fyrirmælum">fyrirmælum</t>
        <t c="lögreglusamþyktarinnar">lögreglusamþykktarinnar</t>
        <t c=".">.</t>
    </s>
    <s>
        <t c="Vér">Vér</t>
        <t c="förum">förum</t>
        <t c="því">því</t>
        <t c="þess">þess</t>
        <t c="á">á</t>
        <t c="leit">leit</t>
        <t c=",">,</t>
        <t c="að">að</t>
        <t c="hin">hin</t>
        <t c="háttvirta">háttvirta</t>
        <t c="bæjarstjórn">bæjarstjórn</t>
        <t c="vilji">vilji</t>
        <t c="vera">vera</t>
        <t c="svo">svo</t>
        <t c="góð">góð</t>
        <t c="og">og</t>
        <t c="líta">líta</t>
        <t c="á">á</t>
        <t c="þetta">þetta</t>
        <t c="mál">mál</t>
        <t c=",">,</t>
        <t c="og">og</t>
        <t c="breyta">breyta</t>
        <t c="því">því</t>
        <t c="í">í</t>
        <t c="betra">betra</t>
        <t c="horf">horf</t>
        <t c=",">,</t>
        <t c="helst">helst</t>
        <t c="á">á</t>
        <t c="þann">þann</t>
        <t c="hátt">hátt</t>
        <t c=",">,</t>
        <t c="að">að</t>
        <t c="einhver">einhver</t>
        <t c="sérstakur">sérstakur</t>
        <t c="maður">maður</t>
        <t c="hafi">hafi</t>
        <t c="þetta">þetta</t>
        <t c="starf">starf</t>
        <t c="á">á</t>
        <t c="hendi">hendi</t>
        <t c="gegn">gegn</t>
        <t c="sanngjarnri">sanngjarnri</t>
        <t c="borgun">borgun</t>
        <t c="úr">úr</t>
        <t c="bæjarsjóði">bæjarsjóði</t>
        <t c=".">.</t>
    </s>
    <s>
        <t c="Ætti">Ætti</t>
        <t c="hann">hann</t>
        <t c="svo">svo</t>
        <t c="að">að</t>
        <t c="fylga">fylgja</t>
        <t c="þeim">þeim</t>
        <t c="reglum">reglum</t>
        <t c="er">er</t>
        <t c="honum">honum</t>
        <t c="væru">væru</t>
        <t c="settar">settar</t>
        <t c="og">og</t>
        <t c="álitnar">álitnar</t>
        <t c="væru">væru</t>
        <t c="fullnægjandi">fullnægjandi</t>
        <t c=".">.</t>
    </s>
    <s>
        <t c="Hæfilegt">Hæfilegt</t>
        <t c="gjald">gjald</t>
        <t c="yrði">yrði</t>
        <t c="að">að</t>
        <t c="leggja">leggja</t>
        <t c="á">á</t>
        <t c="húsráðendur">húsráðendur</t>
        <t c="og">og</t>
        <t c="álítum">álítum</t>
        <t c="vér">vér</t>
        <t c="að">að</t>
        <t c="nægja">nægja</t>
        <t c="mundi">mundi</t>
        <t c="að">að</t>
        <t c="hafa">hafa</t>
        <t c="það">það</t>
        <t c="75">75</t>
        <t c="aura">aura</t>
        <t c="fyrir">fyrir</t>
        <t c="hvern">hvern</t>
        <t c="reykháf">reykháf</t>
        <t c="með">með</t>
        <t c="tilheyrandi">tilheyrandi</t>
        <t c="pípum">pípum</t>
        <t c="í">í</t>
        <t c="hverju">hverju</t>
        <t c="einloftuðu">einloftuðu</t>
        <t c="húsi">húsi</t>
        <t c=".">.</t>
    </s>
    <s>
        <t c="Vér">Vér</t>
        <t c="fjölyrðum">fjölyrðum</t>
        <t c="ekki">ekki</t>
        <t c="meira">meira</t>
        <t c="um">um</t>
        <t c="þetta">þetta</t>
        <t c="að">að</t>
        <t c="sinni">sinni</t>
        <t c=",">,</t>
        <t c="en">en</t>
        <t c="vonum">vonum</t>
        <t c="að">að</t>
        <t c="máli">máli</t>
        <t c="þessu">þessu</t>
        <t c="verði">verði</t>
        <t c="gaumur">gaumur</t>
        <t c="gefinn">gefinn</t>
        <t c="svo">svo</t>
        <t c="fljótt">fljótt</t>
        <t c="sem">sem</t>
        <t c="við">við</t>
        <t c="verður">verður</t>
        <t c="komið">komið</t>
        <t c=".">.</t>
    </s>
    <s>
        <t c="Nokkrir">Nokkrir</t>
        <t c="húsráðendur">húsráðendur</t>
        <t c=".">.</t>
    </s>
    <s>
        <t c="Til">Til</t>
        <t c="gagns">gagns</t>
        <t c="eða">eða</t>
        <t c="gamans">gamans</t>
        <t c=".">.</t>
    </s>
    <s>
        <t c="Verið">Verið</t>
        <t c="getur">getur</t>
        <t c=",">,</t>
        <t c="að">að</t>
        <t c="menn">menn</t>
        <t c="geti">geti</t>
        <t c="stundum">stundum</t>
        <t c="haft">haft</t>
        <t c="gagn">gagn</t>
        <t c="af">af</t>
        <t c="því">því</t>
        <t c=",">,</t>
        <t c="að">að</t>
        <t c="finna">finna</t>
        <t c="þyngd">þyngd</t>
        <t c="nauta">nauta</t>
        <t c="með">með</t>
        <t c="mælingu">mælingu</t>
        <t c=".">.</t>
    </s>
    <s>
        <t c="Oft">Oft</t>
        <t c="má">má</t>
        <t c="það">það</t>
        <t c="líka">líka</t>
        <t c="verða">verða</t>
        <t c="til">til</t>
        <t c="gamans">gamans</t>
        <t c=",">,</t>
        <t c="til">til</t>
        <t c="þess">þess</t>
        <t c="að">að</t>
        <t c="sjá">sjá</t>
        <t c="hve">hve</t>
        <t c="nærri">nærri</t>
        <t c="fer">fer</t>
        <t c="t.">t.</t>
        <t c="d.">d.</t>
    </s>
    <s>
        <t c="um">um</t>
        <t c="kjötþyngdina">kjörþyngdina</t>
        <t c=".">.</t>
    </s>
    <s>
        <t c="Gildleiki">Gildleiki</t>
        <t c="nauta">nauta</t>
        <t c="er">er</t>
        <t c="mældur">mældur</t>
        <t c="með">með</t>
        <t c="sterkum">sterkum</t>
        <t c="mæliþræði">mæliþræði</t>
        <t c=",">,</t>
        <t c="ekki">ekki</t>
        <t c="grófum">grófum</t>
        <t c=",">,</t>
        <t c="rétt">rétt</t>
        <t c="aftan">aftan</t>
        <t c="við">við</t>
        <t c="bógana">bógana</t>
        <t c=",">,</t>
        <t c="og">og</t>
        <t c="er">er</t>
        <t c="þétt">þétt</t>
        <t c="mælt">mælt</t>
        <t c="svo">svo</t>
        <t c="þráðurinn">þráðurinn</t>
        <t c="mótist">mótist</t>
        <t c="inn">inn</t>
        <t c="í">í</t>
        <t c="hörundið">hörundið</t>
        <t c=".">.</t>
    </s>
    <s>
        <t c="Gildleikinn">Gildleikinn</t>
        <t c="er">er</t>
        <t c="tekinn">tekinn</t>
        <t c="í">í</t>
        <t c="þumlungatali">þumlungatali</t>
        <t c=".">.</t>
    </s>
    <s>
        <t c="Þa">Þá</t>
        <t c="er">er</t>
        <t c="mælt">mælt</t>
        <t c="eftir">eftir</t>
        <t c="hryggnum">hryggnum</t>
        <t c="frá">frá</t>
        <t c="fremri">fremri</t>
        <t c="rönd">rönd</t>
        <t c="herðablaðsins">herðablaðsins</t>
        <t c="og">og</t>
        <t c="aftur">aftur</t>
        <t c="á">á</t>
        <t c="tortu">tortu</t>
        <t c=",">,</t>
        <t c="svo">svo</t>
        <t c="rétt">rétt</t>
        <t c="horn">horn</t>
        <t c="myndist">myndist</t>
        <t c="ef">ef</t>
        <t c="bein">bein</t>
        <t c="lína">lína</t>
        <t c="gengi">gengi</t>
        <t c="frá">frá</t>
        <t c="lengdarlínunni">lengdarlínunni</t>
        <t c="niður">niður</t>
        <t c="á">á</t>
        <t c="konungsnef">konungsnef</t>
        <t c=".">.</t>
    </s>
    <s>
        <t c="Lengdin">Lengdin</t>
        <t c="er">er</t>
        <t c="talin">talin</t>
        <t c="í">í</t>
        <t c="þumlungum">þumlungum</t>
        <t c=".">.</t>
    </s>
    <s>
        <t c="Nú">Nú</t>
        <t c="er">er</t>
        <t c="þumlungatala">þumlungatala</t>
        <t c="gildleikans">gildleikans</t>
        <t c="margfölduð">margfölduð</t>
        <t c="með">með</t>
        <t c="sjálfri">sjálfri</t>
        <t c="sér">sér</t>
        <t c="og">og</t>
        <t c="það">það</t>
        <t c="sem">sem</t>
        <t c="út">út</t>
        <t c="kemur">kemur</t>
        <t c="með">með</t>
        <t c="þumlungatölu">þumlungatölum</t>
        <t c="lengdarinnar">lengdarinnar</t>
        <t c=",">,</t>
        <t c="því">því</t>
        <t c="sem">sem</t>
        <t c="þá">þá</t>
        <t c="kemur">kemur</t>
        <t c="út">út</t>
        <t c="skal">skal</t>
        <t c="skifta">skipta</t>
        <t c="með">með</t>
        <t c="270">270</t>
        <t c=".">.</t>
    </s>
    <s>
        <t c="Kemur">Kemur</t>
        <t c="þá">þá</t>
        <t c="út">út</t>
        <t c="öll">öll</t>
        <t c="þyngdin">þyngdin</t>
        <t c="í">í</t>
        <t c="pundum">pundum</t>
        <t c=".">.</t>
    </s>
    <s>
        <t c="Setjum">Setjum</t>
        <t c="dæmi">dæmi</t>
        <t c=":">:</t>
        <t c="Naut">Naut</t>
        <t c="sem">sem</t>
        <t c="er">er</t>
        <t c="55">55</t>
        <t c="þuml.">þuml.</t>
        <t c="gilt">gilt</t>
        <t c="og">og</t>
        <t c="53">53</t>
        <t c="þuml.">þuml.</t>
        <t c="langt">langt</t>
        <t c="mundi">mundi</t>
        <t c="vera">vera</t>
        <t c="593">593</t>
        <t c="pd">pd</t>
        <t c=".">.</t>
    </s>
    <s>
        <t c="og">og</t>
        <t c="tæp">tæp</t>
        <t c="80">80</t>
        <t c="kv.">kv.</t>
        <t c="55">55</t>
        <t c="×">×</t>
        <t c="55">55</t>
        <t c="=">=</t>
        <t c="3025">3025</t>
        <t c=";">;</t>
        <t c="3025">3025</t>
        <t c="×">×</t>
        <t c="53">53</t>
        <t c="=">=</t>
        <t c="160325">160325</t>
        <t c=":">:</t>
        <t c="270">270</t>
        <t c="=">=</t>
        <t c="593">593</t>
        <t c="⁴">⁴</t>
        <t c="³">³</t>
        <t c="/">/</t>
        <t c="₅">₅</t>
        <t c="₄">₄</t>
        <t c="pd">pd</t>
        <t c=".">.</t>
    </s>
    <s>
        <t c="Þessi">Þessi</t>
        <t c="þyngd">þyngd</t>
        <t c="reynist">reynist</t>
        <t c="fremur">fremur</t>
        <t c="of">of</t>
        <t c="há">há</t>
        <t c="en">en</t>
        <t c="of">of</t>
        <t c="lá">lá</t>
        <t c=",">,</t>
        <t c="sem">sem</t>
        <t c="svarar">svarar</t>
        <t c="4%">4%</t>
        <t c=".">.</t>
    </s>
    <s>
        <t c="Ef">Ef</t>
        <t c="menn">menn</t>
        <t c="vilja">vilja</t>
        <t c="nú">nú</t>
        <t c="vita">vita</t>
        <t c="hver">hver</t>
        <t c="kjötþyngdin">kjörþyngdin</t>
        <t c="muni">muni</t>
        <t c="vera">vera</t>
        <t c=",">,</t>
        <t c="þá">þá</t>
        <t c="eru">eru</t>
        <t c="48">48</t>
        <t c="þumlungar">þumlungar</t>
        <t c="teknir">teknir</t>
        <t c="af">af</t>
        <t c="gildleikanum">gildleikanum</t>
        <t c="og">og</t>
        <t c="margfaldaðir">margfaldaðir</t>
        <t c="með">með</t>
        <t c="4">4</t>
        <t c="sem">sem</t>
        <t c="verða">verða</t>
        <t c="pd">pd</t>
        <t c=".">.</t>
    </s>
    <s>
        <t c="Þá">Þá</t>
        <t c="þumlunga">þumlunga</t>
        <t c="tölu">tölu</t>
        <t c=",">,</t>
        <t c="sem">sem</t>
        <t c="eftir">eftir</t>
        <t c="er">er</t>
        <t c="af">af</t>
        <t c="þuml.">þuml.</t>
        <t c="tölu">tölu</t>
        <t c="gildleikans">gildleikans</t>
        <t c=",">,</t>
        <t c="skal">skal</t>
        <t c="svo">svo</t>
        <t c="margfalda">margfalda</t>
        <t c="með">með</t>
        <t c="12">12</t>
        <t c=",">,</t>
        <t c="og">og</t>
        <t c="verða">verða</t>
        <t c="það">það</t>
        <t c="líka">líka</t>
        <t c="pd">pd</t>
        <t c=".">.</t>
    </s>
    <s>
        <t c="Tökum">Tökum</t>
        <t c="dæmi">dæmi</t>
        <t c="af">af</t>
        <t c="sama">sama</t>
        <t c="nautinu">nautinu</t>
        <t c=":">:</t>
        <t c="48">48</t>
        <t c="×">×</t>
        <t c="4">4</t>
        <t c="=">=</t>
        <t c="192">192</t>
        <t c="pd.">pd.</t>
        <t c=";">;</t>
        <t c="7">7</t>
        <t c="×">×</t>
        <t c="12">12</t>
        <t c="=">=</t>
        <t c="84">84</t>
        <t c=";">;</t>
        <t c="192">192</t>
        <t c="+">+</t>
        <t c="84">84</t>
        <t c="=">=</t>
        <t c="276">276</t>
        <t c="pd">pd</t>
        <t c=".">.</t>
    </s>
    <s>
        <t c="af">af</t>
        <t c="kjöti">kjöti</t>
        <t c=".">.</t>
    </s>
    <s>
        <t c="Þegar">Þegar</t>
        <t c="menn">menn</t>
        <t c="iðka">iðka</t>
        <t c="þessar">þessar</t>
        <t c="mælingar">mælingar</t>
        <t c=",">,</t>
        <t c="þarf">þarf</t>
        <t c="ekki">ekki</t>
        <t c="miklu">miklu</t>
        <t c="að">að</t>
        <t c="skakka">skakka</t>
        <t c=".">.</t>
    </s>
    <s>
        <t c="þegar">þegar</t>
        <t c="naut">naut</t>
        <t c="eru">eru</t>
        <t c="rekin">rekin</t>
        <t c="eða">eða</t>
        <t c="flutt">flutt</t>
        <t c="á">á</t>
        <t c="annan">annan</t>
        <t c="hátt">hátt</t>
        <t c="langan">langan</t>
        <t c="veg">veg</t>
        <t c=",">,</t>
        <t c="þá">þá</t>
        <t c="léttast">léttast</t>
        <t c="þau">þau</t>
        <t c="oft">oft</t>
        <t c="töluvert">töluvert</t>
        <t c=".">.</t>
    </s>
    <s>
        <t c="Þegar">Þegar</t>
        <t c="svo">svo</t>
        <t c="þyngdarmunurinn">þyngdarmunurinn</t>
        <t c="á">á</t>
        <t c="kjötinu">kjötinu</t>
        <t c="er">er</t>
        <t c="metinn">metinn</t>
        <t c="til">til</t>
        <t c="peninga">peninga</t>
        <t c=",">,</t>
        <t c="og">og</t>
        <t c="því">því</t>
        <t c="bætt">bætt</t>
        <t c="við">við</t>
        <t c="annan">annan</t>
        <t c="kostnað">kostnað</t>
        <t c=",">,</t>
        <t c="er">er</t>
        <t c="af">af</t>
        <t c="fluttningnum">flutningnum</t>
        <t c="leiðir">leiðir</t>
        <t c=",">,</t>
        <t c="þá">þá</t>
        <t c="má">má</t>
        <t c="sjá">sjá</t>
        <t c="hvort">hvort</t>
        <t c="þetta">þetta</t>
        <t c="borgar">borgar</t>
        <t c="sig">sig</t>
        <t c=",">,</t>
        <t c="þegar">þegar</t>
        <t c="miðað">miðað</t>
        <t c="er">er</t>
        <t c="við">við</t>
        <t c="kjötverð">kjötverð</t>
        <t c="á">á</t>
        <t c="hinum">hinum</t>
        <t c="ýmsu">ýmsu</t>
        <t c="stöðum">stöðum</t>
        <t c=".">.</t>
    </s>
    <s>
        <t c="Búi">Búi</t>
        <t c=".">.</t>
    </s>
    <s>
        <t c="Þér">Þér</t>
        <t c="ungu">ungu</t>
        <t c="meyjar">meyjar</t>
        <t c=",">,</t>
        <t c="menn">menn</t>
        <t c="og">og</t>
        <t c="frúr">frúr</t>
        <t c=",">,</t>
        <t c="sem">sem</t>
        <t c="óskið">óskið</t>
        <t c="að">að</t>
        <t c="temja">temja</t>
        <t c="yður">yður</t>
        <t c="þá">þá</t>
        <t c="fögru">fögru</t>
        <t c="list">list</t>
        <t c=",">,</t>
        <t c="að">að</t>
        <t c="geta">geta</t>
        <t c="tekið">tekið</t>
        <t c="til">til</t>
        <t c="máls">máls</t>
        <t c="á">á</t>
        <t c="mannfundum">mannfundum</t>
        <t c=",">,</t>
        <t c="þjóðfundum">þjóðfundum</t>
        <t c="og">og</t>
        <t c="þingum">þingum</t>
        <t c=",">,</t>
        <t c="þér">þér</t>
        <t c="ættuð">ættuð</t>
        <t c="að">að</t>
        <t c="ganga">ganga</t>
        <t c="í">í</t>
        <t c="málfundafélagið">málfundafélagið</t>
        <t c="»">»</t>
        <t c="Vísir">Vísir</t>
        <t c="«">«</t>
    </s>
    <s>
        <t c="hér">hér</t>
        <t c="í">í</t>
        <t c="bænum">bænum</t>
        <t c=".">.</t>
    </s>
    <s>
        <t c="Þar">Þar</t>
        <t c="reyna">reyna</t>
        <t c="menn">menn</t>
        <t c="að">að</t>
        <t c="temja">temja</t>
        <t c="sér">sér</t>
        <t c="að">að</t>
        <t c="taka">taka</t>
        <t c="skipulega">skipulega</t>
        <t c="til">til</t>
        <t c="máls">máls</t>
        <t c=",">,</t>
        <t c="standa">standa</t>
        <t c="upp">upp</t>
        <t c=",">,</t>
        <t c="biðja">biðja</t>
        <t c="um">um</t>
        <t c="orðið">orðið</t>
        <t c="og">og</t>
        <t c="láta">láta</t>
        <t c="svo">svo</t>
        <t c="skoðun">skoðun</t>
        <t c="sína">sína</t>
        <t c="í">í</t>
        <t c="ljósi">ljósi</t>
        <t c=",">,</t>
        <t c="ljóst">ljóst</t>
        <t c="og">og</t>
        <t c="greinilega">greinilega</t>
        <t c=",">,</t>
        <t c="en">en</t>
        <t c="hinir">hinir</t>
        <t c="sitja">sitja</t>
        <t c="og">og</t>
        <t c="hlusta">hlusta</t>
        <t c="á">á</t>
        <t c=".">.</t>
    </s>
    <s>
        <t c="Er">Er</t>
        <t c="þessi">þessi</t>
        <t c="aðferð">aðferð</t>
        <t c="all-ólík">allrík</t>
        <t c="þeirri">þeirri</t>
        <t c=",">,</t>
        <t c="sem">sem</t>
        <t c="venjulega">venjulega</t>
        <t c="á">á</t>
        <t c="sér">sér</t>
        <t c="stað">stað</t>
        <t c="á">á</t>
        <t c="amtráðsfundum">samráðsfundum</t>
        <t c=",">,</t>
        <t c="sýslufundum">sýslufundum</t>
        <t c="og">og</t>
        <t c="málskrafsfundum">málskrafsfundum</t>
        <t c="karla">karla</t>
        <t c="og">og</t>
        <t c="kvenna">kvenna</t>
        <t c="á">á</t>
        <t c="gatnamótum">gatnamótum</t>
        <t c="og">og</t>
        <t c="öðrum">öðrum</t>
        <t c="hagkvæmum">hagkvæmum</t>
        <t c="stöðum">stöðum</t>
        <t c=".">.</t>
    </s>
    <s>
        <t c="Reynið">Reynið</t>
        <t c="að">að</t>
        <t c="brjótast">brjótast</t>
        <t c="fram">fram</t>
        <t c="úr">úr</t>
        <t c="því">því</t>
        <t c=".">.</t>
    </s>
    <s>
        <t c="Ef">Ef</t>
        <t c="einhverjir">einhverjir</t>
        <t c="fullorðnir">fullorðnir</t>
        <t c="vilja">vilja</t>
        <t c=",">,</t>
        <t c="geta">geta</t>
        <t c="þeir">þeir</t>
        <t c="fengið">fengið</t>
        <t c="tilsögn">tilsögn</t>
        <t c="hjá">hjá</t>
        <t c="mér">mér</t>
        <t c=",">,</t>
        <t c="og">og</t>
        <t c="byrjað">byrjað</t>
        <t c="hér">hér</t>
        <t c="eftir">eftir</t>
        <t c="hvenær">hvenær</t>
        <t c="sem">sem</t>
        <t c="þeir">þeir</t>
        <t c="kjósa">kjósa</t>
        <t c="helst">helst</t>
        <t c=".">.</t>
    </s>
    <s>
        <t c="Auk">Auk</t>
        <t c="Þess">Þess</t>
        <t c=",">,</t>
        <t c="sem">sem</t>
        <t c="ég">ég</t>
        <t c="hef">hef</t>
        <t c="áður">áður</t>
        <t c="auglýst">auglýst</t>
        <t c=",">,</t>
        <t c="veiti">veiti</t>
        <t c="ég">ég</t>
        <t c="nú">nú</t>
        <t c="þeim">þeim</t>
        <t c="tilsögn">tilsögn</t>
        <t c="er">er</t>
        <t c="vilja">vilja</t>
        <t c="læra">læra</t>
        <t c="að">að</t>
        <t c="færa">færa</t>
        <t c="tvöfalt">tvöfalt</t>
        <t c="bókhald">bókhald</t>
        <t c="(">(</t>
        <t c="líka">líka</t>
        <t c="kallað">kallað</t>
        <t c="ítalskt">ítalskt</t>
        <t c="bókh">bók</t>
        <t c=".">.</t>
        <t c=")">)</t>
        <t c=".">.</t>
    </s>
    <s>
        <t c="Svo">Svo</t>
        <t c="veiti">veiti</t>
        <t c="ég">ég</t>
        <t c="og">og</t>
        <t c="tilsögn">tilsögn</t>
        <t c="í">í</t>
        <t c="rúmmálsfræði">rúmmálsfræði</t>
        <t c=",">,</t>
        <t c="sem">sem</t>
        <t c="hver">hver</t>
        <t c="maður">maður</t>
        <t c="þarf">þarf</t>
        <t c="að">að</t>
        <t c="kunna">kunna</t>
        <t c="dálítið">dálítið</t>
        <t c="í.">í.</t>
        <t c="—">—</t>
        <t c="Ísafjörður">Ísafjörður</t>
        <t c=".">.</t>
    </s>
    <s>
        <t c="—">—</t>
        <t c="J.">J.</t>
        <t c="Frímann">Frímann</t>
        <t c=".">.</t>
    </s>
</document>
